Report Category,DBN,school_name,Grade,Year,Student Category,number_tested,mean_scale_score,level_1_count,level_1_percentage,level_2_count,level_2_percentage,level_3_count,level_3_percentage,level_4_count,level_4_percentage,level_3_4_count,level_3_4_percentage,% Poverty,Economic Need Index,Poverty_Category,Economic_Need_Index_Category
School,01M015,P.S. 015 ROBERTO CLEMENTE,All Grades,2022,All Students,74,596.0,21.0,28.4,30.0,40.5,13.0,17.6,10.0,13.5,23.0,31.1,0.845,0.888,1,1
School,01M015,P.S. 015 ROBERTO CLEMENTE,All Grades,2019,All Students,70,606.0,7.0,10.0,21.0,30.0,33.0,47.1,9.0,12.9,42.0,60.0,0.845,0.888,1,1
School,01M015,P.S. 015 ROBERTO CLEMENTE,All Grades,2018,All Students,67,610.0,5.0,7.5,17.0,25.4,31.0,46.3,14.0,20.9,45.0,67.2,0.845,0.888,1,1
School,01M020,P.S. 020 ANNA SILVER,All Grades,2022,All Students,110,589.0,48.0,43.6,36.0,32.7,15.0,13.6,11.0,10.0,26.0,23.6,0.678,0.754,0,1
School,01M020,P.S. 020 ANNA SILVER,All Grades,2019,All Students,197,597.0,50.0,25.4,69.0,35.0,58.0,29.4,20.0,10.2,78.0,39.6,0.678,0.754,0,1
School,01M020,P.S. 020 ANNA SILVER,All Grades,2018,All Students,209,596.0,63.0,30.1,63.0,30.1,59.0,28.2,24.0,11.5,83.0,39.7,0.678,0.754,0,1
School,01M034,P.S. 034 FRANKLIN D. ROOSEVELT,All Grades,2022,All Students,151,589.0,60.0,39.7,58.0,38.4,23.0,15.2,10.0,6.6,33.0,21.9,0.95,0.948,1,1
School,01M034,P.S. 034 FRANKLIN D. ROOSEVELT,All Grades,2019,All Students,198,589.0,79.0,39.9,78.0,39.4,30.0,15.2,11.0,5.6,41.0,20.7,0.95,0.948,1,1
School,01M034,P.S. 034 FRANKLIN D. ROOSEVELT,All Grades,2018,All Students,214,593.0,72.0,33.6,85.0,39.7,39.0,18.2,18.0,8.4,57.0,26.6,0.95,0.948,1,1
School,01M063,THE STAR ACADEMY - P.S.63,All Grades,2022,All Students,34,,,,,,,,,,,,0.77,0.737,1,1
School,01M063,THE STAR ACADEMY - P.S.63,All Grades,2019,All Students,79,600.0,12.0,15.2,32.0,40.5,27.0,34.2,8.0,10.1,35.0,44.3,0.77,0.737,1,1
School,01M063,THE STAR ACADEMY - P.S.63,All Grades,2018,All Students,64,607.0,4.0,6.3,23.0,35.9,27.0,42.2,10.0,15.6,37.0,57.8,0.77,0.737,1,1
School,01M064,P.S. 064 ROBERT SIMON,All Grades,2022,All Students,95,591.0,33.0,34.7,42.0,44.2,14.0,14.7,6.0,6.3,20.0,21.1,0.865,0.895,1,1
School,01M064,P.S. 064 ROBERT SIMON,All Grades,2019,All Students,81,601.0,10.0,12.3,31.0,38.3,36.0,44.4,4.0,4.9,40.0,49.4,0.865,0.895,1,1
School,01M064,P.S. 064 ROBERT SIMON,All Grades,2018,All Students,86,596.0,23.0,26.7,35.0,40.7,22.0,25.6,6.0,7.0,28.0,32.6,0.865,0.895,1,1
School,01M110,P.S. 110 FLORENCE NIGHTINGALE,All Grades,2022,All Students,125,604.0,22.0,17.6,29.0,23.2,44.0,35.2,30.0,24.0,74.0,59.2,0.567,0.594,0,0
School,01M110,P.S. 110 FLORENCE NIGHTINGALE,All Grades,2019,All Students,144,615.0,9.0,6.3,33.0,22.9,47.0,32.6,55.0,38.2,102.0,70.8,0.567,0.594,0,0
School,01M110,P.S. 110 FLORENCE NIGHTINGALE,All Grades,2018,All Students,171,613.0,18.0,10.5,26.0,15.2,67.0,39.2,60.0,35.1,127.0,74.3,0.567,0.594,0,0
School,01M134,P.S. 134 HENRIETTA SZOLD,All Grades,2022,All Students,81,591.0,33.0,40.7,29.0,35.8,17.0,21.0,2.0,2.5,19.0,23.5,0.936,0.916,1,1
School,01M134,P.S. 134 HENRIETTA SZOLD,All Grades,2019,All Students,132,595.0,36.0,27.3,46.0,34.8,43.0,32.6,7.0,5.3,50.0,37.9,0.936,0.916,1,1
School,01M134,P.S. 134 HENRIETTA SZOLD,All Grades,2018,All Students,143,592.0,46.0,32.2,53.0,37.1,37.0,25.9,7.0,4.9,44.0,30.8,0.936,0.916,1,1
School,01M140,P.S. 140 NATHAN STRAUS,All Grades,2022,All Students,188,596.0,56.0,29.8,65.0,34.6,45.0,23.9,22.0,11.7,67.0,35.6,0.865,0.9,1,1
School,01M140,P.S. 140 NATHAN STRAUS,All Grades,2019,All Students,216,591.0,76.0,35.2,83.0,38.4,41.0,19.0,16.0,7.4,57.0,26.4,0.865,0.9,1,1
School,01M140,P.S. 140 NATHAN STRAUS,All Grades,2018,All Students,227,594.0,68.0,30.0,101.0,44.5,42.0,18.5,16.0,7.0,58.0,25.6,0.865,0.9,1,1
School,01M142,P.S. 142 AMALIA CASTRO,All Grades,2022,All Students,55,,,,,,,,,,,,0.95,0.912,1,1
School,01M142,P.S. 142 AMALIA CASTRO,All Grades,2019,All Students,104,597.0,26.0,25.0,34.0,32.7,40.0,38.5,4.0,3.8,44.0,42.3,0.95,0.912,1,1
School,01M142,P.S. 142 AMALIA CASTRO,All Grades,2018,All Students,99,596.0,24.0,24.2,37.0,37.4,33.0,33.3,5.0,5.1,38.0,38.4,0.95,0.912,1,1
School,01M184,P.S. 184M SHUANG WEN,All Grades,2022,All Students,404,614.0,23.0,5.7,78.0,19.3,125.0,30.9,178.0,44.1,303.0,75.0,0.68,0.672,0,0
School,01M184,P.S. 184M SHUANG WEN,All Grades,2019,All Students,413,613.0,43.0,10.4,59.0,14.3,137.0,33.2,174.0,42.1,311.0,75.3,0.68,0.672,0,0
School,01M184,P.S. 184M SHUANG WEN,All Grades,2018,All Students,420,612.0,38.0,9.0,78.0,18.6,157.0,37.4,147.0,35.0,304.0,72.4,0.68,0.672,0,0
School,01M188,P.S. 188 THE ISLAND SCHOOL,All Grades,2022,All Students,235,592.0,77.0,32.8,100.0,42.6,51.0,21.7,7.0,3.0,58.0,24.7,0.95,0.95,1,1
School,01M188,P.S. 188 THE ISLAND SCHOOL,All Grades,2019,All Students,269,594.0,73.0,27.1,129.0,48.0,61.0,22.7,6.0,2.2,67.0,24.9,0.95,0.95,1,1
School,01M188,P.S. 188 THE ISLAND SCHOOL,All Grades,2018,All Students,264,599.0,60.0,22.7,102.0,38.6,82.0,31.1,20.0,7.6,102.0,38.6,0.95,0.95,1,1
School,01M315,THE EAST VILLAGE COMMUNITY SCHOOL,All Grades,2022,All Students,91,606.0,7.0,7.7,35.0,38.5,28.0,30.8,21.0,23.1,49.0,53.8,0.282,0.349,0,0
School,01M315,THE EAST VILLAGE COMMUNITY SCHOOL,All Grades,2019,All Students,112,606.0,11.0,9.8,32.0,28.6,52.0,46.4,17.0,15.2,69.0,61.6,0.282,0.349,0,0
School,01M315,THE EAST VILLAGE COMMUNITY SCHOOL,All Grades,2018,All Students,107,610.0,6.0,5.6,31.0,29.0,50.0,46.7,20.0,18.7,70.0,65.4,0.282,0.349,0,0
School,01M332,UNIVERSITY NEIGHBORHOOD MIDDLE SCHOOL,All Grades,2022,All Students,130,598.0,33.0,25.4,44.0,33.8,37.0,28.5,16.0,12.3,53.0,40.8,0.842,0.816,1,1
School,01M332,UNIVERSITY NEIGHBORHOOD MIDDLE SCHOOL,All Grades,2019,All Students,175,592.0,65.0,37.1,55.0,31.4,35.0,20.0,20.0,11.4,55.0,31.4,0.842,0.816,1,1
School,01M332,UNIVERSITY NEIGHBORHOOD MIDDLE SCHOOL,All Grades,2018,All Students,166,592.0,68.0,41.0,55.0,33.1,31.0,18.7,12.0,7.2,43.0,25.9,0.842,0.816,1,1
School,01M361,THE CHILDREN'S WORKSHOP SCHOOL,All Grades,2022,All Students,93,601.0,15.0,16.1,33.0,35.5,31.0,33.3,14.0,15.1,45.0,48.4,0.491,0.534,0,0
School,01M361,THE CHILDREN'S WORKSHOP SCHOOL,All Grades,2019,All Students,95,605.0,14.0,14.7,26.0,27.4,39.0,41.1,16.0,16.8,55.0,57.9,0.491,0.534,0,0
School,01M361,THE CHILDREN'S WORKSHOP SCHOOL,All Grades,2018,All Students,89,608.0,9.0,10.1,20.0,22.5,44.0,49.4,16.0,18.0,60.0,67.4,0.491,0.534,0,0
School,01M363,NEIGHBORHOOD SCHOOL,All Grades,2022,All Students,6,607.0,0.0,0.0,0.0,0.0,6.0,100.0,0.0,0.0,6.0,100.0,0.412,0.46,0,0
School,01M363,NEIGHBORHOOD SCHOOL,All Grades,2019,All Students,27,598.0,6.0,22.2,11.0,40.7,8.0,29.6,2.0,7.4,10.0,37.0,0.412,0.46,0,0
School,01M363,NEIGHBORHOOD SCHOOL,All Grades,2018,All Students,32,605.0,3.0,9.4,14.0,43.8,11.0,34.4,4.0,12.5,15.0,46.9,0.412,0.46,0,0
School,01M364,EARTH SCHOOL,All Grades,2022,All Students,28,,,,,,,,,,,,0.566,0.579,0,0
School,01M364,EARTH SCHOOL,All Grades,2019,All Students,32,594.0,10.0,31.3,15.0,46.9,5.0,15.6,2.0,6.3,7.0,21.9,0.566,0.579,0,0
School,01M364,EARTH SCHOOL,All Grades,2018,All Students,37,600.0,8.0,21.6,15.0,40.5,9.0,24.3,5.0,13.5,14.0,37.8,0.566,0.579,0,0
School,01M378,SCHOOL FOR GLOBAL LEADERS,All Grades,2022,All Students,148,599.0,36.0,24.3,45.0,30.4,42.0,28.4,25.0,16.9,67.0,45.3,0.852,0.849,1,1
School,01M378,SCHOOL FOR GLOBAL LEADERS,All Grades,2019,All Students,198,596.0,60.0,30.3,74.0,37.4,38.0,19.2,26.0,13.1,64.0,32.3,0.852,0.849,1,1
School,01M378,SCHOOL FOR GLOBAL LEADERS,All Grades,2018,All Students,206,594.0,62.0,30.1,87.0,42.2,39.0,18.9,18.0,8.7,57.0,27.7,0.852,0.849,1,1
School,01M450,EAST SIDE COMMUNITY SCHOOL,All Grades,2022,All Students,155,606.0,17.0,11.0,48.0,31.0,54.0,34.8,36.0,23.2,90.0,58.1,0.671,0.654,0,0
School,01M450,EAST SIDE COMMUNITY SCHOOL,All Grades,2019,All Students,248,606.0,35.0,14.1,57.0,23.0,90.0,36.3,66.0,26.6,156.0,62.9,0.671,0.654,0,0
School,01M450,EAST SIDE COMMUNITY SCHOOL,All Grades,2018,All Students,230,603.0,35.0,15.2,75.0,32.6,71.0,30.9,49.0,21.3,120.0,52.2,0.671,0.654,0,0
School,01M539,"NEW EXPLORATIONS INTO SCIENCE, TECHNOLOGY AND MATH",All Grades,2022,All Students,631,629.0,3.0,0.5,20.0,3.2,116.0,18.4,492.0,78.0,608.0,96.4,0.245,0.269,0,0
School,01M539,"NEW EXPLORATIONS INTO SCIENCE, TECHNOLOGY AND MATH",All Grades,2019,All Students,739,630.0,3.0,0.4,15.0,2.0,129.0,17.5,592.0,80.1,721.0,97.6,0.245,0.269,0,0
School,01M539,"NEW EXPLORATIONS INTO SCIENCE, TECHNOLOGY AND MATH",All Grades,2018,All Students,729,630.0,2.0,0.3,18.0,2.5,130.0,17.8,579.0,79.4,709.0,97.3,0.245,0.269,0,0
School,01M839,TOMPKINS SQUARE MIDDLE SCHOOL,All Grades,2022,All Students,242,605.0,40.0,16.5,69.0,28.5,67.0,27.7,66.0,27.3,133.0,55.0,0.674,0.666,0,0
School,01M839,TOMPKINS SQUARE MIDDLE SCHOOL,All Grades,2019,All Students,286,608.0,41.0,14.3,70.0,24.5,71.0,24.8,104.0,36.4,175.0,61.2,0.674,0.666,0,0
School,01M839,TOMPKINS SQUARE MIDDLE SCHOOL,All Grades,2018,All Students,270,606.0,44.0,16.3,72.0,26.7,84.0,31.1,70.0,25.9,154.0,57.0,0.674,0.666,0,0
School,02M001,P.S. 001 ALFRED E. SMITH,All Grades,2022,All Students,94,592.0,41.0,43.6,20.0,21.3,19.0,20.2,14.0,14.9,33.0,35.1,0.776,0.834,1,1
School,02M001,P.S. 001 ALFRED E. SMITH,All Grades,2019,All Students,132,601.0,31.0,23.5,32.0,24.2,47.0,35.6,22.0,16.7,69.0,52.3,0.776,0.834,1,1
School,02M001,P.S. 001 ALFRED E. SMITH,All Grades,2018,All Students,142,604.0,28.0,19.7,38.0,26.8,37.0,26.1,39.0,27.5,76.0,53.5,0.776,0.834,1,1
School,02M002,P.S. 002 MEYER LONDON,All Grades,2022,All Students,166,606.0,30.0,18.1,40.0,24.1,43.0,25.9,53.0,31.9,96.0,57.8,0.932,0.909,1,1
School,02M002,P.S. 002 MEYER LONDON,All Grades,2019,All Students,220,608.0,24.0,10.9,53.0,24.1,85.0,38.6,58.0,26.4,143.0,65.0,0.932,0.909,1,1
School,02M002,P.S. 002 MEYER LONDON,All Grades,2018,All Students,260,609.0,37.0,14.2,61.0,23.5,94.0,36.2,68.0,26.2,162.0,62.3,0.932,0.909,1,1
School,02M003,P.S. 003 CHARRETTE SCHOOL,All Grades,2022,All Students,232,614.0,10.0,4.3,51.0,22.0,83.0,35.8,88.0,37.9,171.0,73.7,0.23,0.184,0,0
School,02M003,P.S. 003 CHARRETTE SCHOOL,All Grades,2019,All Students,279,614.0,19.0,6.8,50.0,17.9,112.0,40.1,98.0,35.1,210.0,75.3,0.23,0.184,0,0
School,02M003,P.S. 003 CHARRETTE SCHOOL,All Grades,2018,All Students,288,614.0,13.0,4.5,64.0,22.2,118.0,41.0,93.0,32.3,211.0,73.3,0.23,0.184,0,0
School,02M006,P.S. 006 LILLIE D. BLAKE,All Grades,2022,All Students,221,620.0,4.0,1.8,23.0,10.4,93.0,42.1,101.0,45.7,194.0,87.8,0.124,0.105,0,0
School,02M006,P.S. 006 LILLIE D. BLAKE,All Grades,2019,All Students,263,622.0,12.0,4.6,22.0,8.4,82.0,31.2,147.0,55.9,229.0,87.1,0.124,0.105,0,0
School,02M006,P.S. 006 LILLIE D. BLAKE,All Grades,2018,All Students,300,623.0,3.0,1.0,24.0,8.0,117.0,39.0,156.0,52.0,273.0,91.0,0.124,0.105,0,0
School,02M011,P.S. 011: THE SARAH J. GARNET ELEMENTARY SCHOOL,All Grades,2022,All Students,342,614.0,23.0,6.7,68.0,19.9,127.0,37.1,124.0,36.3,251.0,73.4,0.319,0.341,0,0
School,02M011,P.S. 011: THE SARAH J. GARNET ELEMENTARY SCHOOL,All Grades,2019,All Students,405,615.0,41.0,10.1,60.0,14.8,146.0,36.0,158.0,39.0,304.0,75.1,0.319,0.341,0,0
School,02M011,P.S. 011: THE SARAH J. GARNET ELEMENTARY SCHOOL,All Grades,2018,All Students,451,614.0,39.0,8.6,87.0,19.3,153.0,33.9,172.0,38.1,325.0,72.1,0.319,0.341,0,0
School,02M033,P.S. 033 CHELSEA PREP,All Grades,2022,All Students,221,612.0,39.0,17.6,39.0,17.6,49.0,22.2,94.0,42.5,143.0,64.7,0.494,0.494,0,0
School,02M033,P.S. 033 CHELSEA PREP,All Grades,2019,All Students,286,612.0,48.0,16.8,55.0,19.2,67.0,23.4,116.0,40.6,183.0,64.0,0.494,0.494,0,0
School,02M033,P.S. 033 CHELSEA PREP,All Grades,2018,All Students,303,613.0,48.0,15.8,51.0,16.8,75.0,24.8,129.0,42.6,204.0,67.3,0.494,0.494,0,0
School,02M040,P.S. 040 AUGUSTUS SAINT-GAUDENS,All Grades,2022,All Students,282,618.0,4.0,1.4,46.0,16.3,94.0,33.3,138.0,48.9,232.0,82.3,0.121,0.142,0,0
School,02M040,P.S. 040 AUGUSTUS SAINT-GAUDENS,All Grades,2019,All Students,270,619.0,5.0,1.9,29.0,10.7,112.0,41.5,124.0,45.9,236.0,87.4,0.121,0.142,0,0
School,02M040,P.S. 040 AUGUSTUS SAINT-GAUDENS,All Grades,2018,All Students,278,625.0,3.0,1.1,27.0,9.7,83.0,29.9,165.0,59.4,248.0,89.2,0.121,0.142,0,0
School,02M041,P.S. 041 GREENWICH VILLAGE,All Grades,2022,All Students,216,617.0,5.0,2.3,35.0,16.2,83.0,38.4,93.0,43.1,176.0,81.5,0.072,0.079,0,0
School,02M041,P.S. 041 GREENWICH VILLAGE,All Grades,2019,All Students,313,616.0,13.0,4.2,48.0,15.3,139.0,44.4,113.0,36.1,252.0,80.5,0.072,0.079,0,0
School,02M041,P.S. 041 GREENWICH VILLAGE,All Grades,2018,All Students,312,622.0,11.0,3.5,34.0,10.9,98.0,31.4,169.0,54.2,267.0,85.6,0.072,0.079,0,0
School,02M042,P.S. 042 BENJAMIN ALTMAN,All Grades,2022,All Students,216,610.0,18.0,8.3,50.0,23.1,75.0,34.7,73.0,33.8,148.0,68.5,0.728,0.799,0,1
School,02M042,P.S. 042 BENJAMIN ALTMAN,All Grades,2019,All Students,235,606.0,30.0,12.8,65.0,27.7,90.0,38.3,50.0,21.3,140.0,59.6,0.728,0.799,0,1
School,02M042,P.S. 042 BENJAMIN ALTMAN,All Grades,2018,All Students,287,609.0,36.0,12.5,75.0,26.1,92.0,32.1,84.0,29.3,176.0,61.3,0.728,0.799,0,1
School,02M051,P.S. 051 ELIAS HOWE,All Grades,2022,All Students,171,596.0,51.0,29.8,59.0,34.5,42.0,24.6,19.0,11.1,61.0,35.7,0.578,0.597,0,0
School,02M051,P.S. 051 ELIAS HOWE,All Grades,2019,All Students,166,601.0,31.0,18.7,60.0,36.1,50.0,30.1,25.0,15.1,75.0,45.2,0.578,0.597,0,0
School,02M051,P.S. 051 ELIAS HOWE,All Grades,2018,All Students,161,602.0,23.0,14.3,62.0,38.5,52.0,32.3,24.0,14.9,76.0,47.2,0.578,0.597,0,0
School,02M059,P.S. 059 BEEKMAN HILL INTERNATIONAL,All Grades,2022,All Students,194,615.0,15.0,7.7,31.0,16.0,62.0,32.0,86.0,44.3,148.0,76.3,0.115,0.078,0,0
School,02M059,P.S. 059 BEEKMAN HILL INTERNATIONAL,All Grades,2019,All Students,251,619.0,7.0,2.8,24.0,9.6,104.0,41.4,116.0,46.2,220.0,87.6,0.115,0.078,0,0
School,02M059,P.S. 059 BEEKMAN HILL INTERNATIONAL,All Grades,2018,All Students,241,620.0,6.0,2.5,37.0,15.4,90.0,37.3,108.0,44.8,198.0,82.2,0.115,0.078,0,0
School,02M077,P.S. 77 LOWER LAB SCHOOL,All Grades,2022,All Students,168,628.0,0.0,0.0,4.0,2.4,41.0,24.4,123.0,73.2,164.0,97.6,0.117,0.102,0,0
School,02M077,P.S. 77 LOWER LAB SCHOOL,All Grades,2019,All Students,185,628.0,1.0,0.5,3.0,1.6,55.0,29.7,126.0,68.1,181.0,97.8,0.117,0.102,0,0
School,02M077,P.S. 77 LOWER LAB SCHOOL,All Grades,2018,All Students,184,630.0,0.0,0.0,0.0,0.0,48.0,26.1,136.0,73.9,184.0,100.0,0.117,0.102,0,0
School,02M089,P.S. 89,All Grades,2022,All Students,132,617.0,4.0,3.0,22.0,16.7,44.0,33.3,62.0,47.0,106.0,80.3,0.09,0.095,0,0
School,02M089,P.S. 89,All Grades,2019,All Students,173,617.0,4.0,2.3,22.0,12.7,82.0,47.4,65.0,37.6,147.0,85.0,0.09,0.095,0,0
School,02M089,P.S. 89,All Grades,2018,All Students,171,619.0,1.0,0.6,20.0,11.7,80.0,46.8,70.0,40.9,150.0,87.7,0.09,0.095,0,0
School,02M104,J.H.S. 104 SIMON BARUCH,All Grades,2022,All Students,757,,,,,,,,,,,,0.434,0.407,0,0
School,02M104,J.H.S. 104 SIMON BARUCH,All Grades,2019,All Students,991,614.0,71.0,7.2,157.0,15.8,254.0,25.6,509.0,51.4,763.0,77.0,0.434,0.407,0,0
School,02M104,J.H.S. 104 SIMON BARUCH,All Grades,2018,All Students,1053,613.0,97.0,9.2,182.0,17.3,307.0,29.2,467.0,44.3,774.0,73.5,0.434,0.407,0,0
School,02M111,P.S. 111 ADOLPH S. OCHS,All Grades,2022,All Students,129,603.0,29.0,22.5,37.0,28.7,33.0,25.6,30.0,23.3,63.0,48.8,0.584,0.591,0,0
School,02M111,P.S. 111 ADOLPH S. OCHS,All Grades,2019,All Students,179,602.0,48.0,26.8,39.0,21.8,57.0,31.8,35.0,19.6,92.0,51.4,0.584,0.591,0,0
School,02M111,P.S. 111 ADOLPH S. OCHS,All Grades,2018,All Students,156,602.0,34.0,21.8,52.0,33.3,44.0,28.2,26.0,16.7,70.0,44.9,0.584,0.591,0,0
School,02M114,EAST SIDE MIDDLE SCHOOL,All Grades,2022,All Students,402,623.0,16.0,4.0,17.0,4.2,90.0,22.4,279.0,69.4,369.0,91.8,0.162,0.13,0,0
School,02M114,EAST SIDE MIDDLE SCHOOL,All Grades,2019,All Students,437,627.0,4.0,0.9,20.0,4.6,70.0,16.0,343.0,78.5,413.0,94.5,0.162,0.13,0,0
School,02M114,EAST SIDE MIDDLE SCHOOL,All Grades,2018,All Students,439,626.0,2.0,0.5,17.0,3.9,96.0,21.9,324.0,73.8,420.0,95.7,0.162,0.13,0,0
School,02M116,P.S. 116 MARY LINDLEY MURRAY,All Grades,2022,All Students,149,608.0,21.0,14.1,35.0,23.5,54.0,36.2,39.0,26.2,93.0,62.4,0.333,0.345,0,0
School,02M116,P.S. 116 MARY LINDLEY MURRAY,All Grades,2019,All Students,198,611.0,17.0,8.6,39.0,19.7,91.0,46.0,51.0,25.8,142.0,71.7,0.333,0.345,0,0
School,02M116,P.S. 116 MARY LINDLEY MURRAY,All Grades,2018,All Students,227,609.0,24.0,10.6,54.0,23.8,104.0,45.8,45.0,19.8,149.0,65.6,0.333,0.345,0,0
School,02M124,P.S. 124 YUNG WING,All Grades,2022,All Students,263,617.0,4.0,1.5,36.0,13.7,106.0,40.3,117.0,44.5,223.0,84.8,0.541,0.615,0,0
School,02M124,P.S. 124 YUNG WING,All Grades,2019,All Students,280,618.0,9.0,3.2,34.0,12.1,122.0,43.6,115.0,41.1,237.0,84.6,0.541,0.615,0,0
School,02M124,P.S. 124 YUNG WING,All Grades,2018,All Students,319,619.0,15.0,4.7,46.0,14.4,122.0,38.2,136.0,42.6,258.0,80.9,0.541,0.615,0,0
School,02M126,P.S. 126 JACOB AUGUST RIIS,All Grades,2022,All Students,436,613.0,27.0,6.2,88.0,20.2,119.0,27.3,202.0,46.3,321.0,73.6,0.77,0.757,1,1
School,02M126,P.S. 126 JACOB AUGUST RIIS,All Grades,2019,All Students,485,611.0,43.0,8.9,101.0,20.8,152.0,31.3,189.0,39.0,341.0,70.3,0.77,0.757,1,1
School,02M126,P.S. 126 JACOB AUGUST RIIS,All Grades,2018,All Students,534,609.0,55.0,10.3,126.0,23.6,172.0,32.2,181.0,33.9,353.0,66.1,0.77,0.757,1,1
School,02M130,P.S. 130 HERNANDO DE SOTO,All Grades,2022,All Students,311,612.0,18.0,5.8,70.0,22.5,126.0,40.5,97.0,31.2,223.0,71.7,0.462,0.555,0,0
School,02M130,P.S. 130 HERNANDO DE SOTO,All Grades,2019,All Students,428,616.0,30.0,7.0,66.0,15.4,150.0,35.0,182.0,42.5,332.0,77.6,0.462,0.555,0,0
School,02M130,P.S. 130 HERNANDO DE SOTO,All Grades,2018,All Students,475,618.0,23.0,4.8,61.0,12.8,186.0,39.2,205.0,43.2,391.0,82.3,0.462,0.555,0,0
School,02M131,M.S. 131,All Grades,2022,All Students,187,597.0,55.0,29.4,40.0,21.4,50.0,26.7,42.0,22.5,92.0,49.2,0.895,0.844,1,1
School,02M131,M.S. 131,All Grades,2019,All Students,358,599.0,85.0,23.7,97.0,27.1,108.0,30.2,68.0,19.0,176.0,49.2,0.895,0.844,1,1
School,02M131,M.S. 131,All Grades,2018,All Students,375,597.0,99.0,26.4,115.0,30.7,117.0,31.2,44.0,11.7,161.0,42.9,0.895,0.844,1,1
School,02M150,P.S. 150,All Grades,2022,All Students,59,619.0,2.0,3.4,7.0,11.9,22.0,37.3,28.0,47.5,50.0,84.7,0.18,0.141,0,0
School,02M150,P.S. 150,All Grades,2019,All Students,79,618.0,2.0,2.5,8.0,10.1,36.0,45.6,33.0,41.8,69.0,87.3,0.18,0.141,0,0
School,02M150,P.S. 150,All Grades,2018,All Students,74,624.0,0.0,0.0,4.0,5.4,27.0,36.5,43.0,58.1,70.0,94.6,0.18,0.141,0,0
School,02M151,YORKVILLE COMMUNITY SCHOOL,All Grades,2022,All Students,152,607.0,17.0,11.2,38.0,25.0,59.0,38.8,38.0,25.0,97.0,63.8,0.385,0.366,0,0
School,02M151,YORKVILLE COMMUNITY SCHOOL,All Grades,2019,All Students,203,610.0,28.0,13.8,41.0,20.2,72.0,35.5,62.0,30.5,134.0,66.0,0.385,0.366,0,0
School,02M151,YORKVILLE COMMUNITY SCHOOL,All Grades,2018,All Students,222,611.0,23.0,10.4,54.0,24.3,73.0,32.9,72.0,32.4,145.0,65.3,0.385,0.366,0,0
School,02M158,P.S. 158 BAYARD TAYLOR,All Grades,2022,All Students,245,615.0,15.0,6.1,39.0,15.9,88.0,35.9,103.0,42.0,191.0,78.0,0.126,0.117,0,0
School,02M158,P.S. 158 BAYARD TAYLOR,All Grades,2019,All Students,325,616.0,10.0,3.1,42.0,12.9,146.0,44.9,127.0,39.1,273.0,84.0,0.126,0.117,0,0
School,02M158,P.S. 158 BAYARD TAYLOR,All Grades,2018,All Students,319,620.0,2.0,0.6,50.0,15.7,123.0,38.6,144.0,45.1,267.0,83.7,0.126,0.117,0,0
School,02M167,J.H.S. 167 ROBERT F. WAGNER,All Grades,2022,All Students,988,617.0,56.0,5.7,139.0,14.1,256.0,25.9,537.0,54.4,793.0,80.3,0.31,0.289,0,0
School,02M167,J.H.S. 167 ROBERT F. WAGNER,All Grades,2019,All Students,1279,615.0,78.0,6.1,185.0,14.5,392.0,30.6,624.0,48.8,1016.0,79.4,0.31,0.289,0,0
School,02M167,J.H.S. 167 ROBERT F. WAGNER,All Grades,2018,All Students,1273,615.0,55.0,4.3,199.0,15.6,411.0,32.3,608.0,47.8,1019.0,80.0,0.31,0.289,0,0
School,02M177,YORKVILLE EAST MIDDLE SCHOOL,All Grades,2022,All Students,195,614.0,10.0,5.1,37.0,19.0,59.0,30.3,89.0,45.6,148.0,75.9,0.3,0.264,0,0
School,02M177,YORKVILLE EAST MIDDLE SCHOOL,All Grades,2019,All Students,211,613.0,11.0,5.2,41.0,19.4,78.0,37.0,81.0,38.4,159.0,75.4,0.3,0.264,0,0
School,02M177,YORKVILLE EAST MIDDLE SCHOOL,All Grades,2018,All Students,222,611.0,10.0,4.5,50.0,22.5,87.0,39.2,75.0,33.8,162.0,73.0,0.3,0.264,0,0
School,02M183,P.S. 183 ROBERT L. STEVENSON,All Grades,2022,All Students,202,620.0,8.0,4.0,17.0,8.4,78.0,38.6,99.0,49.0,177.0,87.6,0.121,0.069,0,0
School,02M183,P.S. 183 ROBERT L. STEVENSON,All Grades,2019,All Students,227,619.0,11.0,4.8,13.0,5.7,106.0,46.7,97.0,42.7,203.0,89.4,0.121,0.069,0,0
School,02M183,P.S. 183 ROBERT L. STEVENSON,All Grades,2018,All Students,233,621.0,4.0,1.7,26.0,11.2,87.0,37.3,116.0,49.8,203.0,87.1,0.121,0.069,0,0
School,02M198,P.S. 198 ISADOR E. IDA STRAUS,All Grades,2022,All Students,132,610.0,17.0,12.9,32.0,24.2,43.0,32.6,40.0,30.3,83.0,62.9,0.406,0.362,0,0
School,02M198,P.S. 198 ISADOR E. IDA STRAUS,All Grades,2019,All Students,190,613.0,24.0,12.6,34.0,17.9,58.0,30.5,74.0,38.9,132.0,69.5,0.406,0.362,0,0
School,02M198,P.S. 198 ISADOR E. IDA STRAUS,All Grades,2018,All Students,167,618.0,12.0,7.2,25.0,15.0,61.0,36.5,69.0,41.3,130.0,77.8,0.406,0.362,0,0
School,02M212,P.S. 212 MIDTOWN WEST,All Grades,2022,All Students,120,608.0,9.0,7.5,43.0,35.8,45.0,37.5,23.0,19.2,68.0,56.7,0.209,0.254,0,0
School,02M212,P.S. 212 MIDTOWN WEST,All Grades,2019,All Students,141,614.0,7.0,5.0,24.0,17.0,67.0,47.5,43.0,30.5,110.0,78.0,0.209,0.254,0,0
School,02M212,P.S. 212 MIDTOWN WEST,All Grades,2018,All Students,154,617.0,6.0,3.9,30.0,19.5,68.0,44.2,50.0,32.5,118.0,76.6,0.209,0.254,0,0
School,02M217,P.S./I.S. 217 ROOSEVELT ISLAND,All Grades,2022,All Students,295,617.0,16.0,5.4,57.0,19.3,88.0,29.8,134.0,45.4,222.0,75.3,0.334,0.293,0,0
School,02M217,P.S./I.S. 217 ROOSEVELT ISLAND,All Grades,2019,All Students,293,610.0,39.0,13.3,55.0,18.8,112.0,38.2,87.0,29.7,199.0,67.9,0.334,0.293,0,0
School,02M217,P.S./I.S. 217 ROOSEVELT ISLAND,All Grades,2018,All Students,286,613.0,21.0,7.3,59.0,20.6,104.0,36.4,102.0,35.7,206.0,72.0,0.334,0.293,0,0
School,02M225,ELLA BAKER SCHOOL,All Grades,2022,All Students,86,608.0,5.0,5.8,23.0,26.7,37.0,43.0,21.0,24.4,58.0,67.4,0.296,0.359,0,0
School,02M225,ELLA BAKER SCHOOL,All Grades,2019,All Students,87,611.0,5.0,5.7,15.0,17.2,43.0,49.4,24.0,27.6,67.0,77.0,0.296,0.359,0,0
School,02M225,ELLA BAKER SCHOOL,All Grades,2018,All Students,62,,,,,,,,,,,,0.296,0.359,0,0
School,02M234,P.S. 234 INDEPENDENCE SCHOOL,All Grades,2022,All Students,188,616.0,6.0,3.2,30.0,16.0,69.0,36.7,83.0,44.1,152.0,80.9,0.111,0.092,0,0
School,02M234,P.S. 234 INDEPENDENCE SCHOOL,All Grades,2019,All Students,297,613.0,13.0,4.4,54.0,18.2,136.0,45.8,94.0,31.6,230.0,77.4,0.111,0.092,0,0
School,02M234,P.S. 234 INDEPENDENCE SCHOOL,All Grades,2018,All Students,306,617.0,7.0,2.3,38.0,12.4,151.0,49.3,110.0,35.9,261.0,85.3,0.111,0.092,0,0
School,02M255,M.S. 255 SALK SCHOOL OF SCIENCE,All Grades,2022,All Students,320,625.0,9.0,2.8,21.0,6.6,60.0,18.8,230.0,71.9,290.0,90.6,0.147,0.142,0,0
School,02M255,M.S. 255 SALK SCHOOL OF SCIENCE,All Grades,2019,All Students,386,626.0,7.0,1.8,16.0,4.1,68.0,17.6,295.0,76.4,363.0,94.0,0.147,0.142,0,0
School,02M255,M.S. 255 SALK SCHOOL OF SCIENCE,All Grades,2018,All Students,379,622.0,5.0,1.3,19.0,5.0,98.0,25.9,257.0,67.8,355.0,93.7,0.147,0.142,0,0
School,02M260,THE CLINTON SCHOOL,All Grades,2022,All Students,202,623.0,1.0,0.5,8.0,4.0,44.0,21.8,149.0,73.8,193.0,95.5,0.172,0.21,0,0
School,02M260,THE CLINTON SCHOOL,All Grades,2019,All Students,265,625.0,3.0,1.1,16.0,6.0,51.0,19.2,195.0,73.6,246.0,92.8,0.172,0.21,0,0
School,02M260,THE CLINTON SCHOOL,All Grades,2018,All Students,278,621.0,4.0,1.4,26.0,9.4,75.0,27.0,173.0,62.2,248.0,89.2,0.172,0.21,0,0
School,02M267,"EAST SIDE ELEMENTARY SCHOOL, PS 267",All Grades,2022,All Students,168,619.0,6.0,3.6,27.0,16.1,60.0,35.7,75.0,44.6,135.0,80.4,0.135,0.091,0,0
School,02M267,"EAST SIDE ELEMENTARY SCHOOL, PS 267",All Grades,2019,All Students,170,621.0,3.0,1.8,14.0,8.2,72.0,42.4,81.0,47.6,153.0,90.0,0.135,0.091,0,0
School,02M267,"EAST SIDE ELEMENTARY SCHOOL, PS 267",All Grades,2018,All Students,155,619.0,4.0,2.6,14.0,9.0,64.0,41.3,73.0,47.1,137.0,88.4,0.135,0.091,0,0
School,02M276,BATTERY PARK CITY SCHOOL,All Grades,2022,All Students,418,613.0,22.0,5.3,94.0,22.5,145.0,34.7,157.0,37.6,302.0,72.2,0.161,0.173,0,0
School,02M276,BATTERY PARK CITY SCHOOL,All Grades,2019,All Students,514,615.0,25.0,4.9,91.0,17.7,189.0,36.8,209.0,40.7,398.0,77.4,0.161,0.173,0,0
School,02M276,BATTERY PARK CITY SCHOOL,All Grades,2018,All Students,540,615.0,22.0,4.1,92.0,17.0,195.0,36.1,231.0,42.8,426.0,78.9,0.161,0.173,0,0
School,02M281,THE RIVER SCHOOL,All Grades,2022,All Students,151,619.0,7.0,4.6,24.0,15.9,53.0,35.1,67.0,44.4,120.0,79.5,0.302,0.193,0,0
School,02M281,THE RIVER SCHOOL,All Grades,2019,All Students,87,617.0,6.0,6.9,10.0,11.5,35.0,40.2,36.0,41.4,71.0,81.6,0.302,0.193,0,0
School,02M281,THE RIVER SCHOOL,All Grades,2018,All Students,48,617.0,0.0,0.0,12.0,25.0,18.0,37.5,18.0,37.5,36.0,75.0,0.302,0.193,0,0
School,02M289,I.S. 289,All Grades,2022,All Students,210,614.0,14.0,6.7,23.0,11.0,80.0,38.1,93.0,44.3,173.0,82.4,0.528,0.48,0,0
School,02M289,I.S. 289,All Grades,2019,All Students,259,611.0,14.0,5.4,52.0,20.1,96.0,37.1,97.0,37.5,193.0,74.5,0.528,0.48,0,0
School,02M289,I.S. 289,All Grades,2018,All Students,262,612.0,9.0,3.4,56.0,21.4,107.0,40.8,90.0,34.4,197.0,75.2,0.528,0.48,0,0
School,02M290,P.S. 290 MANHATTAN NEW SCHOOL,All Grades,2022,All Students,175,615.0,5.0,2.9,32.0,18.3,69.0,39.4,69.0,39.4,138.0,78.9,0.136,0.09,0,0
School,02M290,P.S. 290 MANHATTAN NEW SCHOOL,All Grades,2019,All Students,258,620.0,3.0,1.2,26.0,10.1,104.0,40.3,125.0,48.4,229.0,88.8,0.136,0.09,0,0
School,02M290,P.S. 290 MANHATTAN NEW SCHOOL,All Grades,2018,All Students,258,623.0,1.0,0.4,22.0,8.5,91.0,35.3,144.0,55.8,235.0,91.1,0.136,0.09,0,0
School,02M297,M.S. 297,All Grades,2022,All Students,512,612.0,48.0,9.4,93.0,18.2,171.0,33.4,200.0,39.1,371.0,72.5,0.292,0.311,0,0
School,02M297,M.S. 297,All Grades,2019,All Students,522,607.0,68.0,13.0,112.0,21.5,158.0,30.3,184.0,35.2,342.0,65.5,0.292,0.311,0,0
School,02M297,M.S. 297,All Grades,2018,All Students,185,606.0,23.0,12.4,42.0,22.7,54.0,29.2,66.0,35.7,120.0,64.9,0.292,0.311,0,0
School,02M312,NEW YORK CITY LAB MIDDLE SCHOOL FOR COLLABORATIVE,All Grades,2022,All Students,498,622.0,16.0,3.2,31.0,6.2,95.0,19.1,356.0,71.5,451.0,90.6,0.352,0.375,0,0
School,02M312,NEW YORK CITY LAB MIDDLE SCHOOL FOR COLLABORATIVE,All Grades,2019,All Students,542,623.0,10.0,1.8,35.0,6.5,98.0,18.1,399.0,73.6,497.0,91.7,0.352,0.375,0,0
School,02M312,NEW YORK CITY LAB MIDDLE SCHOOL FOR COLLABORATIVE,All Grades,2018,All Students,538,621.0,24.0,4.5,27.0,5.0,127.0,23.6,360.0,66.9,487.0,90.5,0.352,0.375,0,0
School,02M340,SIXTH AVENUE ELEMENTARY SCHOOL,All Grades,2022,All Students,126,610.0,11.0,8.7,23.0,18.3,58.0,46.0,34.0,27.0,92.0,73.0,0.088,0.129,0,0
School,02M340,SIXTH AVENUE ELEMENTARY SCHOOL,All Grades,2019,All Students,77,610.0,4.0,5.2,16.0,20.8,37.0,48.1,20.0,26.0,57.0,74.0,0.088,0.129,0,0
School,02M340,SIXTH AVENUE ELEMENTARY SCHOOL,All Grades,2018,All Students,37,612.0,3.0,8.1,7.0,18.9,21.0,56.8,6.0,16.2,27.0,73.0,0.088,0.129,0,0
School,02M343,THE PECK SLIP SCHOOL,All Grades,2022,All Students,148,615.0,2.0,1.4,29.0,19.6,67.0,45.3,50.0,33.8,117.0,79.1,0.137,0.111,0,0
School,02M343,THE PECK SLIP SCHOOL,All Grades,2019,All Students,171,616.0,4.0,2.3,29.0,17.0,76.0,44.4,62.0,36.3,138.0,80.7,0.137,0.111,0,0
School,02M343,THE PECK SLIP SCHOOL,All Grades,2018,All Students,153,611.0,6.0,3.9,40.0,26.1,72.0,47.1,35.0,22.9,107.0,69.9,0.137,0.111,0,0
School,02M347,THE 47 AMERICAN SIGN LANGUAGE & ENGLISH LOWER SCHO,All Grades,2022,All Students,40,604.0,4.0,10.0,13.0,32.5,17.0,42.5,6.0,15.0,23.0,57.5,0.689,0.71,0,0
School,02M347,THE 47 AMERICAN SIGN LANGUAGE & ENGLISH LOWER SCHO,All Grades,2019,All Students,50,605.0,4.0,8.0,14.0,28.0,24.0,48.0,8.0,16.0,32.0,64.0,0.689,0.71,0,0
School,02M347,THE 47 AMERICAN SIGN LANGUAGE & ENGLISH LOWER SCHO,All Grades,2018,All Students,41,607.0,2.0,4.9,17.0,41.5,16.0,39.0,6.0,14.6,22.0,53.7,0.689,0.71,0,0
School,02M397,SPRUCE STREET SCHOOL,All Grades,2022,All Students,260,615.0,13.0,5.0,42.0,16.2,99.0,38.1,106.0,40.8,205.0,78.8,0.177,0.168,0,0
School,02M397,SPRUCE STREET SCHOOL,All Grades,2019,All Students,311,614.0,11.0,3.5,52.0,16.7,129.0,41.5,119.0,38.3,248.0,79.7,0.177,0.168,0,0
School,02M397,SPRUCE STREET SCHOOL,All Grades,2018,All Students,309,616.0,15.0,4.9,45.0,14.6,114.0,36.9,135.0,43.7,249.0,80.6,0.177,0.168,0,0
School,02M407,INSTITUTE FOR COLLABORATIVE EDUCATION,All Grades,2022,All Students,17,,,,,,,,,,,,0.288,0.365,0,0
School,02M407,INSTITUTE FOR COLLABORATIVE EDUCATION,All Grades,2019,All Students,22,,,,,,,,,,,,0.288,0.365,0,0
School,02M407,INSTITUTE FOR COLLABORATIVE EDUCATION,All Grades,2018,All Students,24,,,,,,,,,,,,0.288,0.365,0,0
School,02M408,PROFESSIONAL PERFORMING ARTS HIGH SCHOOL,All Grades,2022,All Students,38,612.0,3.0,7.9,4.0,10.5,15.0,39.5,16.0,42.1,31.0,81.6,0.369,0.38,0,0
School,02M408,PROFESSIONAL PERFORMING ARTS HIGH SCHOOL,All Grades,2019,All Students,79,617.0,6.0,7.6,10.0,12.7,21.0,26.6,42.0,53.2,63.0,79.7,0.369,0.38,0,0
School,02M408,PROFESSIONAL PERFORMING ARTS HIGH SCHOOL,All Grades,2018,All Students,79,618.0,4.0,5.1,10.0,12.7,15.0,19.0,50.0,63.3,65.0,82.3,0.369,0.38,0,0
School,02M413,SCHOOL OF THE FUTURE HIGH SCHOOL,All Grades,2022,All Students,185,615.0,10.0,5.4,29.0,15.7,50.0,27.0,96.0,51.9,146.0,78.9,0.439,0.416,0,0
School,02M413,SCHOOL OF THE FUTURE HIGH SCHOOL,All Grades,2019,All Students,258,609.0,21.0,8.1,60.0,23.3,93.0,36.0,84.0,32.6,177.0,68.6,0.439,0.416,0,0
School,02M413,SCHOOL OF THE FUTURE HIGH SCHOOL,All Grades,2018,All Students,267,611.0,11.0,4.1,74.0,27.7,101.0,37.8,81.0,30.3,182.0,68.2,0.439,0.416,0,0
School,02M422,QUEST TO LEARN,All Grades,2022,All Students,137,608.0,19.0,13.9,35.0,25.5,40.0,29.2,43.0,31.4,83.0,60.6,0.728,0.671,0,0
School,02M422,QUEST TO LEARN,All Grades,2019,All Students,137,599.0,30.0,21.9,45.0,32.8,42.0,30.7,20.0,14.6,62.0,45.3,0.728,0.671,0,0
School,02M422,QUEST TO LEARN,All Grades,2018,All Students,179,601.0,37.0,20.7,63.0,35.2,50.0,27.9,29.0,16.2,79.0,44.1,0.728,0.671,0,0
School,02M442,"BALLET TECH, NYC PUBLIC SCHOOL FOR DANCE",All Grades,2022,All Students,116,616.0,3.0,2.6,25.0,21.6,33.0,28.4,55.0,47.4,88.0,75.9,0.444,0.466,0,0
School,02M442,"BALLET TECH, NYC PUBLIC SCHOOL FOR DANCE",All Grades,2019,All Students,137,618.0,6.0,4.4,19.0,13.9,43.0,31.4,69.0,50.4,112.0,81.8,0.444,0.466,0,0
School,02M442,"BALLET TECH, NYC PUBLIC SCHOOL FOR DANCE",All Grades,2018,All Students,136,617.0,2.0,1.5,22.0,16.2,46.0,33.8,66.0,48.5,112.0,82.4,0.444,0.466,0,0
School,02M527,P.S. 527 - EAST SIDE SCHOOL FOR SOCIAL ACTION,All Grades,2022,All Students,201,616.0,8.0,4.0,31.0,15.4,87.0,43.3,75.0,37.3,162.0,80.6,0.176,0.19,0,0
School,02M527,P.S. 527 - EAST SIDE SCHOOL FOR SOCIAL ACTION,All Grades,2019,All Students,172,616.0,1.0,0.6,28.0,16.3,89.0,51.7,54.0,31.4,143.0,83.1,0.176,0.19,0,0
School,02M527,P.S. 527 - EAST SIDE SCHOOL FOR SOCIAL ACTION,All Grades,2018,All Students,149,620.0,1.0,0.7,17.0,11.4,64.0,43.0,67.0,45.0,131.0,87.9,0.176,0.19,0,0
School,02M896,LOWER MANHATTAN COMMUNITY MIDDLE SCHOOL,All Grades,2022,All Students,293,613.0,8.0,2.7,58.0,19.8,100.0,34.1,127.0,43.3,227.0,77.5,0.553,0.546,0,0
School,02M896,LOWER MANHATTAN COMMUNITY MIDDLE SCHOOL,All Grades,2019,All Students,347,610.0,25.0,7.2,74.0,21.3,123.0,35.4,125.0,36.0,248.0,71.5,0.553,0.546,0,0
School,02M896,LOWER MANHATTAN COMMUNITY MIDDLE SCHOOL,All Grades,2018,All Students,344,609.0,25.0,7.3,80.0,23.3,138.0,40.1,101.0,29.4,239.0,69.5,0.553,0.546,0,0
School,02M933,CITY KNOLL MIDDLE SCHOOL,All Grades,2022,All Students,105,596.0,35.0,33.3,34.0,32.4,26.0,24.8,10.0,9.5,36.0,34.3,0.823,0.756,1,1
School,02M933,CITY KNOLL MIDDLE SCHOOL,All Grades,2019,All Students,163,595.0,44.0,27.0,68.0,41.7,37.0,22.7,14.0,8.6,51.0,31.3,0.823,0.756,1,1
School,02M933,CITY KNOLL MIDDLE SCHOOL,All Grades,2018,All Students,203,598.0,55.0,27.1,76.0,37.4,41.0,20.2,31.0,15.3,72.0,35.5,0.823,0.756,1,1
School,03M009,P.S. 009 SARAH ANDERSON,All Grades,2022,All Students,222,616.0,8.0,3.6,36.0,16.2,97.0,43.7,81.0,36.5,178.0,80.2,0.221,0.18,0,0
School,03M009,P.S. 009 SARAH ANDERSON,All Grades,2019,All Students,290,617.0,16.0,5.5,42.0,14.5,125.0,43.1,107.0,36.9,232.0,80.0,0.221,0.18,0,0
School,03M009,P.S. 009 SARAH ANDERSON,All Grades,2018,All Students,274,617.0,9.0,3.3,43.0,15.7,116.0,42.3,106.0,38.7,222.0,81.0,0.221,0.18,0,0
School,03M054,J.H.S. 054 BOOKER T. WASHINGTON,All Grades,2022,All Students,711,617.0,58.0,8.2,67.0,9.4,169.0,23.8,417.0,58.6,586.0,82.4,0.2,0.23,0,0
School,03M054,J.H.S. 054 BOOKER T. WASHINGTON,All Grades,2019,All Students,807,623.0,37.0,4.6,43.0,5.3,145.0,18.0,582.0,72.1,727.0,90.1,0.2,0.23,0,0
School,03M054,J.H.S. 054 BOOKER T. WASHINGTON,All Grades,2018,All Students,818,622.0,29.0,3.5,45.0,5.5,165.0,20.2,579.0,70.8,744.0,91.0,0.2,0.23,0,0
School,03M075,P.S. 075 EMILY DICKINSON,All Grades,2022,All Students,155,602.0,26.0,16.8,54.0,34.8,46.0,29.7,29.0,18.7,75.0,48.4,0.701,0.668,0,0
School,03M075,P.S. 075 EMILY DICKINSON,All Grades,2019,All Students,243,600.0,47.0,19.3,74.0,30.5,93.0,38.3,29.0,11.9,122.0,50.2,0.701,0.668,0,0
School,03M075,P.S. 075 EMILY DICKINSON,All Grades,2018,All Students,244,601.0,49.0,20.1,75.0,30.7,95.0,38.9,25.0,10.2,120.0,49.2,0.701,0.668,0,0
School,03M076,P.S. 076 A. PHILIP RANDOLPH,All Grades,2022,All Students,155,590.0,61.0,39.4,61.0,39.4,29.0,18.7,4.0,2.6,33.0,21.3,0.95,0.908,1,1
School,03M076,P.S. 076 A. PHILIP RANDOLPH,All Grades,2019,All Students,236,591.0,85.0,36.0,81.0,34.3,66.0,28.0,4.0,1.7,70.0,29.7,0.95,0.908,1,1
School,03M076,P.S. 076 A. PHILIP RANDOLPH,All Grades,2018,All Students,252,591.0,97.0,38.5,95.0,37.7,53.0,21.0,7.0,2.8,60.0,23.8,0.95,0.908,1,1
School,03M084,P.S. 084 LILLIAN WEBER,All Grades,2022,All Students,167,615.0,13.0,7.8,30.0,18.0,59.0,35.3,65.0,38.9,124.0,74.3,0.376,0.395,0,0
School,03M084,P.S. 084 LILLIAN WEBER,All Grades,2019,All Students,248,610.0,33.0,13.3,45.0,18.1,80.0,32.3,90.0,36.3,170.0,68.5,0.376,0.395,0,0
School,03M084,P.S. 084 LILLIAN WEBER,All Grades,2018,All Students,239,610.0,36.0,15.1,42.0,17.6,85.0,35.6,76.0,31.8,161.0,67.4,0.376,0.395,0,0
School,03M087,P.S. 087 WILLIAM SHERMAN,All Grades,2022,All Students,276,618.0,6.0,2.2,41.0,14.9,105.0,38.0,124.0,44.9,229.0,83.0,0.101,0.115,0,0
School,03M087,P.S. 087 WILLIAM SHERMAN,All Grades,2019,All Students,414,617.0,10.0,2.4,56.0,13.5,190.0,45.9,158.0,38.2,348.0,84.1,0.101,0.115,0,0
School,03M087,P.S. 087 WILLIAM SHERMAN,All Grades,2018,All Students,395,618.0,9.0,2.3,59.0,14.9,165.0,41.8,162.0,41.0,327.0,82.8,0.101,0.115,0,0
School,03M145,"P.S. 145, THE BLOOMINGDALE SCHOOL",All Grades,2022,All Students,131,591.0,47.0,35.9,45.0,34.4,26.0,19.8,13.0,9.9,39.0,29.8,0.772,0.804,1,1
School,03M145,"P.S. 145, THE BLOOMINGDALE SCHOOL",All Grades,2019,All Students,143,587.0,65.0,45.5,50.0,35.0,21.0,14.7,7.0,4.9,28.0,19.6,0.772,0.804,1,1
School,03M145,"P.S. 145, THE BLOOMINGDALE SCHOOL",All Grades,2018,All Students,136,588.0,61.0,44.9,45.0,33.1,27.0,19.9,3.0,2.2,30.0,22.1,0.772,0.804,1,1
School,03M149,P.S. 149 SOJOURNER TRUTH,All Grades,2022,All Students,153,589.0,68.0,44.4,55.0,35.9,23.0,15.0,7.0,4.6,30.0,19.6,0.95,0.934,1,1
School,03M149,P.S. 149 SOJOURNER TRUTH,All Grades,2019,All Students,145,589.0,63.0,43.4,44.0,30.3,30.0,20.7,8.0,5.5,38.0,26.2,0.95,0.934,1,1
School,03M149,P.S. 149 SOJOURNER TRUTH,All Grades,2018,All Students,136,589.0,58.0,42.6,50.0,36.8,23.0,16.9,5.0,3.7,28.0,20.6,0.95,0.934,1,1
School,03M163,P.S. 163 ALFRED E. SMITH,All Grades,2022,All Students,174,610.0,18.0,10.3,45.0,25.9,61.0,35.1,50.0,28.7,111.0,63.8,0.499,0.495,0,0
School,03M163,P.S. 163 ALFRED E. SMITH,All Grades,2019,All Students,218,611.0,26.0,11.9,50.0,22.9,71.0,32.6,71.0,32.6,142.0,65.1,0.499,0.495,0,0
School,03M163,P.S. 163 ALFRED E. SMITH,All Grades,2018,All Students,265,609.0,29.0,10.9,71.0,26.8,103.0,38.9,62.0,23.4,165.0,62.3,0.499,0.495,0,0
School,03M165,P.S. 165 ROBERT E. SIMON,All Grades,2022,All Students,114,605.0,16.0,14.0,40.0,35.1,31.0,27.2,27.0,23.7,58.0,50.9,0.674,0.666,0,0
School,03M165,P.S. 165 ROBERT E. SIMON,All Grades,2019,All Students,193,602.0,49.0,25.4,47.0,24.4,56.0,29.0,41.0,21.2,97.0,50.3,0.674,0.666,0,0
School,03M165,P.S. 165 ROBERT E. SIMON,All Grades,2018,All Students,327,598.0,93.0,28.4,93.0,28.4,95.0,29.1,46.0,14.1,141.0,43.1,0.674,0.666,0,0
School,03M166,P.S. 166 THE RICHARD RODGERS SCHOOL OF THE ARTS AN,All Grades,2022,All Students,277,624.0,11.0,4.0,24.0,8.7,70.0,25.3,172.0,62.1,242.0,87.4,0.157,0.152,0,0
School,03M166,P.S. 166 THE RICHARD RODGERS SCHOOL OF THE ARTS AN,All Grades,2019,All Students,267,623.0,10.0,3.7,19.0,7.1,76.0,28.5,162.0,60.7,238.0,89.1,0.157,0.152,0,0
School,03M166,P.S. 166 THE RICHARD RODGERS SCHOOL OF THE ARTS AN,All Grades,2018,All Students,266,623.0,13.0,4.9,22.0,8.3,87.0,32.7,144.0,54.1,231.0,86.8,0.157,0.152,0,0
School,03M180,P.S. 180 HUGO NEWMAN,All Grades,2022,All Students,165,591.0,61.0,37.0,64.0,38.8,31.0,18.8,9.0,5.5,40.0,24.2,0.703,0.696,0,0
School,03M180,P.S. 180 HUGO NEWMAN,All Grades,2019,All Students,248,593.0,83.0,33.5,86.0,34.7,56.0,22.6,23.0,9.3,79.0,31.9,0.703,0.696,0,0
School,03M180,P.S. 180 HUGO NEWMAN,All Grades,2018,All Students,275,597.0,70.0,25.5,104.0,37.8,72.0,26.2,29.0,10.5,101.0,36.7,0.703,0.696,0,0
School,03M185,THE LOCKE SCHOOL OF ARTS AND ENGINEERING,All Grades,2022,All Students,97,592.0,34.0,35.1,35.0,36.1,17.0,17.5,11.0,11.3,28.0,28.9,0.827,0.823,1,1
School,03M185,THE LOCKE SCHOOL OF ARTS AND ENGINEERING,All Grades,2019,All Students,126,591.0,38.0,30.2,55.0,43.7,25.0,19.8,8.0,6.3,33.0,26.2,0.827,0.823,1,1
School,03M191,THE RIVERSIDE SCHOOL FOR MAKERS AND ARTISTS,All Grades,2022,All Students,235,592.0,89.0,37.9,83.0,35.3,42.0,17.9,21.0,8.9,63.0,26.8,0.688,0.667,0,0
School,03M191,THE RIVERSIDE SCHOOL FOR MAKERS AND ARTISTS,All Grades,2019,All Students,289,595.0,95.0,32.9,86.0,29.8,80.0,27.7,28.0,9.7,108.0,37.4,0.688,0.667,0,0
School,03M191,THE RIVERSIDE SCHOOL FOR MAKERS AND ARTISTS,All Grades,2018,All Students,247,593.0,91.0,36.8,72.0,29.1,63.0,25.5,21.0,8.5,84.0,34.0,0.688,0.667,0,0
School,03M199,P.S. 199 JESSIE ISADOR STRAUS,All Grades,2022,All Students,276,617.0,11.0,4.0,37.0,13.4,104.0,37.7,124.0,44.9,228.0,82.6,0.139,0.116,0,0
School,03M199,P.S. 199 JESSIE ISADOR STRAUS,All Grades,2019,All Students,432,622.0,15.0,3.5,40.0,9.3,146.0,33.8,231.0,53.5,377.0,87.3,0.139,0.116,0,0
School,03M199,P.S. 199 JESSIE ISADOR STRAUS,All Grades,2018,All Students,430,622.0,8.0,1.9,55.0,12.8,134.0,31.2,233.0,54.2,367.0,85.3,0.139,0.116,0,0
School,03M241,STEM INSTITUTE OF MANHATTAN,All Grades,2022,All Students,40,587.0,20.0,50.0,15.0,37.5,4.0,10.0,1.0,2.5,5.0,12.5,0.925,0.892,1,1
School,03M241,STEM INSTITUTE OF MANHATTAN,All Grades,2019,All Students,70,591.0,28.0,40.0,27.0,38.6,8.0,11.4,7.0,10.0,15.0,21.4,0.925,0.892,1,1
School,03M241,STEM INSTITUTE OF MANHATTAN,All Grades,2018,All Students,63,595.0,17.0,27.0,29.0,46.0,13.0,20.6,4.0,6.3,17.0,27.0,0.925,0.892,1,1
School,03M242,P.S. 242 - THE YOUNG DIPLOMATS MAGNET ACADEMY,All Grades,2022,All Students,37,586.0,21.0,56.8,11.0,29.7,4.0,10.8,1.0,2.7,5.0,13.5,0.819,0.819,1,1
School,03M242,P.S. 242 - THE YOUNG DIPLOMATS MAGNET ACADEMY,All Grades,2019,All Students,47,586.0,25.0,53.2,15.0,31.9,7.0,14.9,0.0,0.0,7.0,14.9,0.819,0.819,1,1
School,03M242,P.S. 242 - THE YOUNG DIPLOMATS MAGNET ACADEMY,All Grades,2018,All Students,69,596.0,19.0,27.5,29.0,42.0,11.0,15.9,10.0,14.5,21.0,30.4,0.819,0.819,1,1
School,03M243,M.S. 243 CENTER SCHOOL,All Grades,2022,All Students,227,618.0,10.0,4.4,28.0,12.3,64.0,28.2,125.0,55.1,189.0,83.3,0.141,0.21,0,0
School,03M243,M.S. 243 CENTER SCHOOL,All Grades,2019,All Students,222,622.0,2.0,0.9,17.0,7.7,61.0,27.5,142.0,64.0,203.0,91.4,0.141,0.21,0,0
School,03M243,M.S. 243 CENTER SCHOOL,All Grades,2018,All Students,218,623.0,1.0,0.5,11.0,5.0,61.0,28.0,145.0,66.5,206.0,94.5,0.141,0.21,0,0
School,03M245,M.S. M245 THE COMPUTER SCHOOL,All Grades,2022,All Students,330,616.0,16.0,4.8,48.0,14.5,92.0,27.9,174.0,52.7,266.0,80.6,0.298,0.322,0,0
School,03M245,M.S. M245 THE COMPUTER SCHOOL,All Grades,2019,All Students,369,617.0,13.0,3.5,55.0,14.9,111.0,30.1,190.0,51.5,301.0,81.6,0.298,0.322,0,0
School,03M245,M.S. M245 THE COMPUTER SCHOOL,All Grades,2018,All Students,362,616.0,12.0,3.3,43.0,11.9,139.0,38.4,168.0,46.4,307.0,84.8,0.298,0.322,0,0
School,03M247,M.S. M247 DUAL LANGUAGE MIDDLE SCHOOL,All Grades,2022,All Students,167,605.0,17.0,10.2,54.0,32.3,55.0,32.9,41.0,24.6,96.0,57.5,0.905,0.854,1,1
School,03M247,M.S. M247 DUAL LANGUAGE MIDDLE SCHOOL,All Grades,2019,All Students,178,598.0,42.0,23.6,53.0,29.8,60.0,33.7,23.0,12.9,83.0,46.6,0.905,0.854,1,1
School,03M247,M.S. M247 DUAL LANGUAGE MIDDLE SCHOOL,All Grades,2018,All Students,168,602.0,26.0,15.5,52.0,31.0,65.0,38.7,25.0,14.9,90.0,53.6,0.905,0.854,1,1
School,03M250,M.S. 250 WEST SIDE COLLABORATIVE MIDDLE SCHOOL,All Grades,2022,All Students,59,596.0,16.0,27.1,23.0,39.0,11.0,18.6,9.0,15.3,20.0,33.9,0.722,0.753,0,1
School,03M250,M.S. 250 WEST SIDE COLLABORATIVE MIDDLE SCHOOL,All Grades,2019,All Students,143,593.0,43.0,30.1,67.0,46.9,26.0,18.2,7.0,4.9,33.0,23.1,0.722,0.753,0,1
School,03M250,M.S. 250 WEST SIDE COLLABORATIVE MIDDLE SCHOOL,All Grades,2018,All Students,150,594.0,47.0,31.3,63.0,42.0,29.0,19.3,11.0,7.3,40.0,26.7,0.722,0.753,0,1
School,03M256,LAFAYETTE ACADEMY,All Grades,2022,All Students,134,611.0,11.0,8.2,27.0,20.1,50.0,37.3,46.0,34.3,96.0,71.6,0.758,0.75,1,1
School,03M256,LAFAYETTE ACADEMY,All Grades,2019,All Students,135,604.0,19.0,14.1,42.0,31.1,37.0,27.4,37.0,27.4,74.0,54.8,0.758,0.75,1,1
School,03M256,LAFAYETTE ACADEMY,All Grades,2018,All Students,119,602.0,26.0,21.8,31.0,26.1,39.0,32.8,23.0,19.3,62.0,52.1,0.758,0.75,1,1
School,03M258,COMMUNITY ACTION SCHOOL - MS 258,All Grades,2022,All Students,132,600.0,27.0,20.5,43.0,32.6,44.0,33.3,18.0,13.6,62.0,47.0,0.837,0.805,1,1
School,03M258,COMMUNITY ACTION SCHOOL - MS 258,All Grades,2019,All Students,203,599.0,39.0,19.2,82.0,40.4,58.0,28.6,24.0,11.8,82.0,40.4,0.837,0.805,1,1
School,03M258,COMMUNITY ACTION SCHOOL - MS 258,All Grades,2018,All Students,183,602.0,30.0,16.4,73.0,39.9,53.0,29.0,27.0,14.8,80.0,43.7,0.837,0.805,1,1
School,03M291,WEST END SECONDARY SCHOOL,All Grades,2022,All Students,273,618.0,10.0,3.7,37.0,13.6,75.0,27.5,151.0,55.3,226.0,82.8,0.19,0.196,0,0
School,03M291,WEST END SECONDARY SCHOOL,All Grades,2019,All Students,290,616.0,12.0,4.1,36.0,12.4,101.0,34.8,141.0,48.6,242.0,83.4,0.19,0.196,0,0
School,03M291,WEST END SECONDARY SCHOOL,All Grades,2018,All Students,310,615.0,8.0,2.6,43.0,13.9,116.0,37.4,143.0,46.1,259.0,83.5,0.19,0.196,0,0
School,03M333,P.S. 333 MANHATTAN SCHOOL FOR CHILDREN,All Grades,2022,All Students,284,611.0,28.0,9.9,59.0,20.8,106.0,37.3,91.0,32.0,197.0,69.4,0.18,0.29,0,0
School,03M333,P.S. 333 MANHATTAN SCHOOL FOR CHILDREN,All Grades,2019,All Students,421,613.0,24.0,5.7,85.0,20.2,152.0,36.1,160.0,38.0,312.0,74.1,0.18,0.29,0,0
School,03M333,P.S. 333 MANHATTAN SCHOOL FOR CHILDREN,All Grades,2018,All Students,414,614.0,19.0,4.6,79.0,19.1,170.0,41.1,146.0,35.3,316.0,76.3,0.18,0.29,0,0
School,03M334,THE ANDERSON SCHOOL,All Grades,2022,All Students,315,631.0,0.0,0.0,8.0,2.5,49.0,15.6,258.0,81.9,307.0,97.5,0.163,0.149,0,0
School,03M334,THE ANDERSON SCHOOL,All Grades,2019,All Students,329,630.0,1.0,0.3,9.0,2.7,64.0,19.5,255.0,77.5,319.0,97.0,0.163,0.149,0,0
School,03M334,THE ANDERSON SCHOOL,All Grades,2018,All Students,347,630.0,2.0,0.6,7.0,2.0,59.0,17.0,279.0,80.4,338.0,97.4,0.163,0.149,0,0
School,03M415,WADLEIGH SECONDARY SCHOOL FOR THE PERFORMING & VIS,All Grades,2022,All Students,61,601.0,11.0,18.0,22.0,36.1,19.0,31.1,9.0,14.8,28.0,45.9,0.821,0.885,1,1
School,03M415,WADLEIGH SECONDARY SCHOOL FOR THE PERFORMING & VIS,All Grades,2019,All Students,68,599.0,13.0,19.1,30.0,44.1,16.0,23.5,9.0,13.2,25.0,36.8,0.821,0.885,1,1
School,03M415,WADLEIGH SECONDARY SCHOOL FOR THE PERFORMING & VIS,All Grades,2018,All Students,57,595.0,19.0,33.3,21.0,36.8,14.0,24.6,3.0,5.3,17.0,29.8,0.821,0.885,1,1
School,03M421,WEST PREP ACADEMY,All Grades,2022,All Students,121,603.0,21.0,17.4,33.0,27.3,48.0,39.7,19.0,15.7,67.0,55.4,0.848,0.864,1,1
School,03M421,WEST PREP ACADEMY,All Grades,2019,All Students,176,597.0,40.0,22.7,67.0,38.1,49.0,27.8,20.0,11.4,69.0,39.2,0.848,0.864,1,1
School,03M421,WEST PREP ACADEMY,All Grades,2018,All Students,169,602.0,24.0,14.2,65.0,38.5,58.0,34.3,22.0,13.0,80.0,47.3,0.848,0.864,1,1
School,03M452,P.S. 452,All Grades,2022,All Students,124,610.0,10.0,8.1,26.0,21.0,59.0,47.6,29.0,23.4,88.0,71.0,0.311,0.292,0,0
School,03M452,P.S. 452,All Grades,2019,All Students,124,614.0,10.0,8.1,20.0,16.1,47.0,37.9,47.0,37.9,94.0,75.8,0.311,0.292,0,0
School,03M452,P.S. 452,All Grades,2018,All Students,115,620.0,6.0,5.2,16.0,13.9,34.0,29.6,59.0,51.3,93.0,80.9,0.311,0.292,0,0
School,03M859,SPECIAL MUSIC SCHOOL,All Grades,2022,All Students,73,629.0,0.0,0.0,4.0,5.5,9.0,12.3,60.0,82.2,69.0,94.5,0.223,0.304,0,0
School,03M859,SPECIAL MUSIC SCHOOL,All Grades,2019,All Students,81,634.0,0.0,0.0,2.0,2.5,7.0,8.6,72.0,88.9,79.0,97.5,0.223,0.304,0,0
School,03M859,SPECIAL MUSIC SCHOOL,All Grades,2018,All Students,79,632.0,0.0,0.0,1.0,1.3,13.0,16.5,65.0,82.3,78.0,98.7,0.223,0.304,0,0
School,03M860,FREDERICK DOUGLASS ACADEMY II SECONDARY SCHOOL,All Grades,2022,All Students,72,600.0,15.0,20.8,25.0,34.7,25.0,34.7,7.0,9.7,32.0,44.4,0.84,0.883,1,1
School,03M860,FREDERICK DOUGLASS ACADEMY II SECONDARY SCHOOL,All Grades,2019,All Students,55,594.0,17.0,30.9,23.0,41.8,10.0,18.2,5.0,9.1,15.0,27.3,0.84,0.883,1,1
School,03M860,FREDERICK DOUGLASS ACADEMY II SECONDARY SCHOOL,All Grades,2018,All Students,34,595.0,11.0,32.4,13.0,38.2,8.0,23.5,2.0,5.9,10.0,29.4,0.84,0.883,1,1
School,03M862,MOTT HALL II,All Grades,2022,All Students,327,609.0,27.0,8.3,83.0,25.4,105.0,32.1,112.0,34.3,217.0,66.4,0.65,0.622,0,0
School,03M862,MOTT HALL II,All Grades,2019,All Students,388,605.0,57.0,14.7,105.0,27.1,124.0,32.0,102.0,26.3,226.0,58.2,0.65,0.622,0,0
School,03M862,MOTT HALL II,All Grades,2018,All Students,302,611.0,9.0,3.0,88.0,29.1,105.0,34.8,100.0,33.1,205.0,67.9,0.65,0.622,0,0
School,04M007,P.S. 007 SAMUEL STERN,All Grades,2022,All Students,159,595.0,48.0,30.2,60.0,37.7,38.0,23.9,13.0,8.2,51.0,32.1,0.926,0.937,1,1
School,04M007,P.S. 007 SAMUEL STERN,All Grades,2019,All Students,229,596.0,65.0,28.4,82.0,35.8,57.0,24.9,25.0,10.9,82.0,35.8,0.926,0.937,1,1
School,04M007,P.S. 007 SAMUEL STERN,All Grades,2018,All Students,207,598.0,48.0,23.2,78.0,37.7,63.0,30.4,18.0,8.7,81.0,39.1,0.926,0.937,1,1
School,04M012,TAG YOUNG SCHOLARS,All Grades,2022,All Students,361,628.0,1.0,0.3,10.0,2.8,74.0,20.5,276.0,76.5,350.0,97.0,0.354,0.384,0,0
School,04M012,TAG YOUNG SCHOLARS,All Grades,2019,All Students,399,629.0,1.0,0.3,19.0,4.8,73.0,18.3,306.0,76.7,379.0,95.0,0.354,0.384,0,0
School,04M012,TAG YOUNG SCHOLARS,All Grades,2018,All Students,400,630.0,3.0,0.8,12.0,3.0,75.0,18.8,310.0,77.5,385.0,96.3,0.354,0.384,0,0
School,04M037,RIVER EAST ELEMENTARY,All Grades,2022,All Students,75,598.0,16.0,21.3,35.0,46.7,19.0,25.3,5.0,6.7,24.0,32.0,0.846,0.859,1,1
School,04M037,RIVER EAST ELEMENTARY,All Grades,2019,All Students,99,596.0,24.0,24.2,39.0,39.4,27.0,27.3,9.0,9.1,36.0,36.4,0.846,0.859,1,1
School,04M037,RIVER EAST ELEMENTARY,All Grades,2018,All Students,76,605.0,14.0,18.4,17.0,22.4,34.0,44.7,11.0,14.5,45.0,59.2,0.846,0.859,1,1
School,04M038,P.S. 38 ROBERTO CLEMENTE,All Grades,2022,All Students,70,587.0,28.0,40.0,33.0,47.1,9.0,12.9,0.0,0.0,9.0,12.9,0.95,0.947,1,1
School,04M038,P.S. 38 ROBERTO CLEMENTE,All Grades,2019,All Students,110,589.0,43.0,39.1,46.0,41.8,20.0,18.2,1.0,0.9,21.0,19.1,0.95,0.947,1,1
School,04M038,P.S. 38 ROBERTO CLEMENTE,All Grades,2018,All Students,89,584.0,48.0,53.9,28.0,31.5,10.0,11.2,3.0,3.4,13.0,14.6,0.95,0.947,1,1
School,04M057,JAMES WELDON JOHNSON,All Grades,2022,All Students,362,593.0,121.0,33.4,126.0,34.8,83.0,22.9,32.0,8.8,115.0,31.8,0.887,0.942,1,1
School,04M057,JAMES WELDON JOHNSON,All Grades,2019,All Students,490,592.0,177.0,36.1,163.0,33.3,113.0,23.1,37.0,7.6,150.0,30.6,0.887,0.942,1,1
School,04M057,JAMES WELDON JOHNSON,All Grades,2018,All Students,504,594.0,161.0,31.9,185.0,36.7,120.0,23.8,38.0,7.5,158.0,31.3,0.887,0.942,1,1
School,04M072,THE LEXINGTON ACADEMY,All Grades,2022,All Students,224,594.0,68.0,30.4,83.0,37.1,58.0,25.9,15.0,6.7,73.0,32.6,0.879,0.907,1,1
School,04M072,THE LEXINGTON ACADEMY,All Grades,2019,All Students,384,593.0,117.0,30.5,152.0,39.6,85.0,22.1,30.0,7.8,115.0,29.9,0.879,0.907,1,1
School,04M072,THE LEXINGTON ACADEMY,All Grades,2018,All Students,375,594.0,103.0,27.5,168.0,44.8,89.0,23.7,15.0,4.0,104.0,27.7,0.879,0.907,1,1
School,04M083,P.S. 083 LUIS MUNOZ RIVERA,All Grades,2022,All Students,130,604.0,19.0,14.6,40.0,30.8,49.0,37.7,22.0,16.9,71.0,54.6,0.87,0.815,1,1
School,04M083,P.S. 083 LUIS MUNOZ RIVERA,All Grades,2019,All Students,198,602.0,28.0,14.1,72.0,36.4,73.0,36.9,25.0,12.6,98.0,49.5,0.87,0.815,1,1
School,04M083,P.S. 083 LUIS MUNOZ RIVERA,All Grades,2018,All Students,212,601.0,47.0,22.2,61.0,28.8,74.0,34.9,30.0,14.2,104.0,49.1,0.87,0.815,1,1
School,04M096,P.S. 096 JOSEPH LANZETTA,All Grades,2022,All Students,211,593.0,69.0,32.7,92.0,43.6,34.0,16.1,16.0,7.6,50.0,23.7,0.949,0.95,1,1
School,04M096,P.S. 096 JOSEPH LANZETTA,All Grades,2019,All Students,237,590.0,91.0,38.4,97.0,40.9,38.0,16.0,11.0,4.6,49.0,20.7,0.949,0.95,1,1
School,04M096,P.S. 096 JOSEPH LANZETTA,All Grades,2018,All Students,247,588.0,100.0,40.5,108.0,43.7,31.0,12.6,8.0,3.2,39.0,15.8,0.949,0.95,1,1
School,04M102,P.S. 102 JACQUES CARTIER,All Grades,2022,All Students,57,583.0,29.0,50.9,16.0,28.1,10.0,17.5,2.0,3.5,12.0,21.1,0.95,0.837,1,1
School,04M102,P.S. 102 JACQUES CARTIER,All Grades,2019,All Students,109,599.0,25.0,22.9,38.0,34.9,29.0,26.6,17.0,15.6,46.0,42.2,0.95,0.837,1,1
School,04M102,P.S. 102 JACQUES CARTIER,All Grades,2018,All Students,139,598.0,31.0,22.3,54.0,38.8,42.0,30.2,12.0,8.6,54.0,38.8,0.95,0.837,1,1
School,04M108,P.S. 108 ASSEMBLYMAN ANGELO DEL TORO EDUCATIONAL C,All Grades,2022,All Students,195,595.0,61.0,31.3,70.0,35.9,49.0,25.1,15.0,7.7,64.0,32.8,0.885,0.928,1,1
School,04M108,P.S. 108 ASSEMBLYMAN ANGELO DEL TORO EDUCATIONAL C,All Grades,2019,All Students,278,591.0,114.0,41.0,87.0,31.3,55.0,19.8,22.0,7.9,77.0,27.7,0.885,0.928,1,1
School,04M108,P.S. 108 ASSEMBLYMAN ANGELO DEL TORO EDUCATIONAL C,All Grades,2018,All Students,305,593.0,102.0,33.4,118.0,38.7,71.0,23.3,14.0,4.6,85.0,27.9,0.885,0.928,1,1
School,04M146,P.S. 146 ANN M. SHORT,All Grades,2022,All Students,108,592.0,37.0,34.3,43.0,39.8,22.0,20.4,6.0,5.6,28.0,25.9,0.95,0.95,1,1
School,04M146,P.S. 146 ANN M. SHORT,All Grades,2019,All Students,158,593.0,49.0,31.0,60.0,38.0,43.0,27.2,6.0,3.8,49.0,31.0,0.95,0.95,1,1
School,04M146,P.S. 146 ANN M. SHORT,All Grades,2018,All Students,123,594.0,29.0,23.6,56.0,45.5,35.0,28.5,3.0,2.4,38.0,30.9,0.95,0.95,1,1
School,04M155,P.S. 155 WILLIAM PACA,All Grades,2022,All Students,76,591.0,27.0,35.5,30.0,39.5,16.0,21.1,3.0,3.9,19.0,25.0,0.95,0.95,1,1
School,04M155,P.S. 155 WILLIAM PACA,All Grades,2019,All Students,109,585.0,48.0,44.0,43.0,39.4,16.0,14.7,2.0,1.8,18.0,16.5,0.95,0.95,1,1
School,04M155,P.S. 155 WILLIAM PACA,All Grades,2018,All Students,124,588.0,62.0,50.0,37.0,29.8,22.0,17.7,3.0,2.4,25.0,20.2,0.95,0.95,1,1
School,04M171,P.S. 171 PATRICK HENRY,All Grades,2022,All Students,420,615.0,19.0,4.5,63.0,15.0,154.0,36.7,184.0,43.8,338.0,80.5,0.712,0.776,0,1
School,04M171,P.S. 171 PATRICK HENRY,All Grades,2019,All Students,445,613.0,35.0,7.9,84.0,18.9,159.0,35.7,167.0,37.5,326.0,73.3,0.712,0.776,0,1
School,04M171,P.S. 171 PATRICK HENRY,All Grades,2018,All Students,438,612.0,34.0,7.8,89.0,20.3,177.0,40.4,138.0,31.5,315.0,71.9,0.712,0.776,0,1
School,04M182,THE BILINGUAL BICULTURAL SCHOOL,All Grades,2022,All Students,90,596.0,23.0,25.6,39.0,43.3,21.0,23.3,7.0,7.8,28.0,31.1,0.95,0.937,1,1
School,04M182,THE BILINGUAL BICULTURAL SCHOOL,All Grades,2019,All Students,154,600.0,22.0,14.3,65.0,42.2,52.0,33.8,15.0,9.7,67.0,43.5,0.95,0.937,1,1
School,04M182,THE BILINGUAL BICULTURAL SCHOOL,All Grades,2018,All Students,145,599.0,31.0,21.4,57.0,39.3,42.0,29.0,15.0,10.3,57.0,39.3,0.95,0.937,1,1
School,04M206,P.S. 206 JOSE CELSO BARBOSA,All Grades,2022,All Students,345,593.0,116.0,33.6,130.0,37.7,71.0,20.6,28.0,8.1,99.0,28.7,0.807,0.872,1,1
School,04M206,P.S. 206 JOSE CELSO BARBOSA,All Grades,2019,All Students,401,592.0,147.0,36.7,135.0,33.7,88.0,21.9,31.0,7.7,119.0,29.7,0.807,0.872,1,1
School,04M206,P.S. 206 JOSE CELSO BARBOSA,All Grades,2018,All Students,395,592.0,150.0,38.0,137.0,34.7,77.0,19.5,31.0,7.8,108.0,27.3,0.807,0.872,1,1
School,04M224,M.S. 224 MANHATTAN EAST SCHOOL FOR ARTS & ACADEMIC,All Grades,2022,All Students,160,608.0,19.0,11.9,39.0,24.4,47.0,29.4,55.0,34.4,102.0,63.8,0.697,0.721,0,1
School,04M224,M.S. 224 MANHATTAN EAST SCHOOL FOR ARTS & ACADEMIC,All Grades,2019,All Students,165,607.0,23.0,13.9,40.0,24.2,49.0,29.7,53.0,32.1,102.0,61.8,0.697,0.721,0,1
School,04M224,M.S. 224 MANHATTAN EAST SCHOOL FOR ARTS & ACADEMIC,All Grades,2018,All Students,150,605.0,28.0,18.7,39.0,26.0,51.0,34.0,32.0,21.3,83.0,55.3,0.697,0.721,0,1
School,04M372,ESPERANZA PREPARATORY ACADEMY,All Grades,2022,All Students,131,593.0,39.0,29.8,53.0,40.5,30.0,22.9,9.0,6.9,39.0,29.8,0.891,0.928,1,1
School,04M372,ESPERANZA PREPARATORY ACADEMY,All Grades,2019,All Students,174,588.0,75.0,43.1,63.0,36.2,23.0,13.2,13.0,7.5,36.0,20.7,0.891,0.928,1,1
School,04M372,ESPERANZA PREPARATORY ACADEMY,All Grades,2018,All Students,167,589.0,73.0,43.7,65.0,38.9,23.0,13.8,6.0,3.6,29.0,17.4,0.891,0.928,1,1
School,04M375,MOSAIC PREPARATORY ACADEMY,All Grades,2022,All Students,58,583.0,33.0,56.9,22.0,37.9,3.0,5.2,0.0,0.0,3.0,5.2,0.95,0.949,1,1
School,04M375,MOSAIC PREPARATORY ACADEMY,All Grades,2019,All Students,125,590.0,41.0,32.8,51.0,40.8,29.0,23.2,4.0,3.2,33.0,26.4,0.95,0.949,1,1
School,04M375,MOSAIC PREPARATORY ACADEMY,All Grades,2018,All Students,122,595.0,27.0,22.1,55.0,45.1,32.0,26.2,8.0,6.6,40.0,32.8,0.95,0.949,1,1
School,04M377,RENAISSANCE SCHOOL OF THE ARTS,All Grades,2022,All Students,155,599.0,36.0,23.2,53.0,34.2,44.0,28.4,22.0,14.2,66.0,42.6,0.95,0.946,1,1
School,04M377,RENAISSANCE SCHOOL OF THE ARTS,All Grades,2019,All Students,144,597.0,42.0,29.2,52.0,36.1,28.0,19.4,22.0,15.3,50.0,34.7,0.95,0.946,1,1
School,04M377,RENAISSANCE SCHOOL OF THE ARTS,All Grades,2018,All Students,127,597.0,29.0,22.8,57.0,44.9,30.0,23.6,11.0,8.7,41.0,32.3,0.95,0.946,1,1
School,04M497,CENTRAL PARK EAST I,All Grades,2022,All Students,21,,,,,,,,,,,,0.444,0.554,0,0
School,04M497,CENTRAL PARK EAST I,All Grades,2019,All Students,34,602.0,8.0,23.5,7.0,20.6,15.0,44.1,4.0,11.8,19.0,55.9,0.444,0.554,0,0
School,04M497,CENTRAL PARK EAST I,All Grades,2018,All Students,24,602.0,6.0,25.0,6.0,25.0,8.0,33.3,4.0,16.7,12.0,50.0,0.444,0.554,0,0
School,04M610,YOUNG WOMEN'S LEADERSHIP SCHOOL,All Grades,2022,All Students,107,606.0,14.0,13.1,24.0,22.4,41.0,38.3,28.0,26.2,69.0,64.5,0.8,0.791,1,1
School,04M610,YOUNG WOMEN'S LEADERSHIP SCHOOL,All Grades,2019,All Students,144,608.0,7.0,4.9,32.0,22.2,73.0,50.7,32.0,22.2,105.0,72.9,0.8,0.791,1,1
School,04M610,YOUNG WOMEN'S LEADERSHIP SCHOOL,All Grades,2018,All Students,134,609.0,2.0,1.5,40.0,29.9,56.0,41.8,36.0,26.9,92.0,68.7,0.8,0.791,1,1
School,04M825,ISAAC NEWTON MIDDLE SCHOOL FOR MATH & SCIENCE,All Grades,2022,All Students,283,603.0,51.0,18.0,94.0,33.2,85.0,30.0,53.0,18.7,138.0,48.8,0.883,0.893,1,1
School,04M825,ISAAC NEWTON MIDDLE SCHOOL FOR MATH & SCIENCE,All Grades,2019,All Students,212,601.0,50.0,23.6,69.0,32.5,46.0,21.7,47.0,22.2,93.0,43.9,0.883,0.893,1,1
School,04M825,ISAAC NEWTON MIDDLE SCHOOL FOR MATH & SCIENCE,All Grades,2018,All Students,171,599.0,48.0,28.1,51.0,29.8,40.0,23.4,32.0,18.7,72.0,42.1,0.883,0.893,1,1
School,04M964,CENTRAL PARK EAST II,All Grades,2022,All Students,120,600.0,24.0,20.0,46.0,38.3,35.0,29.2,15.0,12.5,50.0,41.7,0.524,0.648,0,0
School,04M964,CENTRAL PARK EAST II,All Grades,2019,All Students,210,599.0,54.0,25.7,66.0,31.4,61.0,29.0,29.0,13.8,90.0,42.9,0.524,0.648,0,0
School,04M964,CENTRAL PARK EAST II,All Grades,2018,All Students,186,603.0,31.0,16.7,73.0,39.2,52.0,28.0,30.0,16.1,82.0,44.1,0.524,0.648,0,0
School,05M030,P.S. 030 HERNANDEZ/HUGHES,All Grades,2022,All Students,56,594.0,14.0,25.0,23.0,41.1,18.0,32.1,1.0,1.8,19.0,33.9,0.929,0.938,1,1
School,05M030,P.S. 030 HERNANDEZ/HUGHES,All Grades,2019,All Students,96,598.0,19.0,19.8,33.0,34.4,39.0,40.6,5.0,5.2,44.0,45.8,0.929,0.938,1,1
School,05M030,P.S. 030 HERNANDEZ/HUGHES,All Grades,2018,All Students,97,600.0,22.0,22.7,35.0,36.1,29.0,29.9,11.0,11.3,40.0,41.2,0.929,0.938,1,1
School,05M036,P.S. 036 MARGARET DOUGLAS,All Grades,2022,All Students,89,596.0,17.0,19.1,41.0,46.1,25.0,28.1,6.0,6.7,31.0,34.8,0.901,0.889,1,1
School,05M036,P.S. 036 MARGARET DOUGLAS,All Grades,2019,All Students,121,595.0,33.0,27.3,43.0,35.5,38.0,31.4,7.0,5.8,45.0,37.2,0.901,0.889,1,1
School,05M036,P.S. 036 MARGARET DOUGLAS,All Grades,2018,All Students,143,595.0,38.0,26.6,55.0,38.5,40.0,28.0,10.0,7.0,50.0,35.0,0.901,0.889,1,1
School,05M046,P.S. 046 ARTHUR TAPPAN,All Grades,2022,All Students,253,593.0,91.0,36.0,90.0,35.6,52.0,20.6,20.0,7.9,72.0,28.5,0.94,0.95,1,1
School,05M046,P.S. 046 ARTHUR TAPPAN,All Grades,2019,All Students,381,590.0,139.0,36.5,152.0,39.9,71.0,18.6,19.0,5.0,90.0,23.6,0.94,0.95,1,1
School,05M046,P.S. 046 ARTHUR TAPPAN,All Grades,2018,All Students,398,592.0,151.0,37.9,149.0,37.4,79.0,19.8,19.0,4.8,98.0,24.6,0.94,0.95,1,1
School,05M092,P.S. 092 MARY MCLEOD BETHUNE,All Grades,2022,All Students,76,593.0,24.0,31.6,35.0,46.1,16.0,21.1,1.0,1.3,17.0,22.4,0.95,0.95,1,1
School,05M092,P.S. 092 MARY MCLEOD BETHUNE,All Grades,2019,All Students,116,593.0,41.0,35.3,35.0,30.2,36.0,31.0,4.0,3.4,40.0,34.5,0.95,0.95,1,1
School,05M092,P.S. 092 MARY MCLEOD BETHUNE,All Grades,2018,All Students,122,592.0,42.0,34.4,53.0,43.4,24.0,19.7,3.0,2.5,27.0,22.1,0.95,0.95,1,1
School,05M123,P.S. 123 MAHALIA JACKSON,All Grades,2022,All Students,244,588.0,119.0,48.8,69.0,28.3,44.0,18.0,12.0,4.9,56.0,23.0,0.95,0.936,1,1
School,05M123,P.S. 123 MAHALIA JACKSON,All Grades,2019,All Students,317,588.0,127.0,40.1,119.0,37.5,56.0,17.7,15.0,4.7,71.0,22.4,0.95,0.936,1,1
School,05M123,P.S. 123 MAHALIA JACKSON,All Grades,2018,All Students,319,591.0,123.0,38.6,119.0,37.3,55.0,17.2,22.0,6.9,77.0,24.1,0.95,0.936,1,1
School,05M125,P.S. 125 RALPH BUNCHE,All Grades,2022,All Students,64,605.0,6.0,9.4,21.0,32.8,26.0,40.6,11.0,17.2,37.0,57.8,0.669,0.677,0,0
School,05M125,P.S. 125 RALPH BUNCHE,All Grades,2019,All Students,65,603.0,6.0,9.2,21.0,32.3,30.0,46.2,8.0,12.3,38.0,58.5,0.669,0.677,0,0
School,05M125,P.S. 125 RALPH BUNCHE,All Grades,2018,All Students,81,603.0,12.0,14.8,30.0,37.0,26.0,32.1,13.0,16.0,39.0,48.1,0.669,0.677,0,0
School,05M129,P.S. 129 JOHN H. FINLEY,All Grades,2022,All Students,92,594.0,28.0,30.4,33.0,35.9,23.0,25.0,8.0,8.7,31.0,33.7,0.916,0.913,1,1
School,05M129,P.S. 129 JOHN H. FINLEY,All Grades,2019,All Students,241,595.0,87.0,36.1,69.0,28.6,47.0,19.5,38.0,15.8,85.0,35.3,0.916,0.913,1,1
School,05M129,P.S. 129 JOHN H. FINLEY,All Grades,2018,All Students,259,596.0,79.0,30.5,90.0,34.7,57.0,22.0,33.0,12.7,90.0,34.7,0.916,0.913,1,1
School,05M133,P.S. 133 FRED R MOORE,All Grades,2022,All Students,53,594.0,14.0,26.4,28.0,52.8,8.0,15.1,3.0,5.7,11.0,20.8,0.938,0.93,1,1
School,05M133,P.S. 133 FRED R MOORE,All Grades,2019,All Students,75,587.0,36.0,48.0,20.0,26.7,17.0,22.7,2.0,2.7,19.0,25.3,0.938,0.93,1,1
School,05M133,P.S. 133 FRED R MOORE,All Grades,2018,All Students,83,588.0,39.0,47.0,26.0,31.3,16.0,19.3,2.0,2.4,18.0,21.7,0.938,0.93,1,1
School,05M148,EAGLE ACADEMY FOR YOUNG MEN OF HARLEM,All Grades,2022,All Students,54,592.0,24.0,44.4,16.0,29.6,11.0,20.4,3.0,5.6,14.0,25.9,0.762,0.816,1,1
School,05M148,EAGLE ACADEMY FOR YOUNG MEN OF HARLEM,All Grades,2019,All Students,144,589.0,63.0,43.8,56.0,38.9,17.0,11.8,8.0,5.6,25.0,17.4,0.762,0.816,1,1
School,05M148,EAGLE ACADEMY FOR YOUNG MEN OF HARLEM,All Grades,2018,All Students,159,590.0,64.0,40.3,69.0,43.4,19.0,11.9,7.0,4.4,26.0,16.4,0.762,0.816,1,1
School,05M154,P.S. 154 HARRIET TUBMAN,All Grades,2022,All Students,82,593.0,26.0,31.7,32.0,39.0,16.0,19.5,8.0,9.8,24.0,29.3,0.95,0.943,1,1
School,05M154,P.S. 154 HARRIET TUBMAN,All Grades,2019,All Students,120,593.0,39.0,32.5,39.0,32.5,35.0,29.2,7.0,5.8,42.0,35.0,0.95,0.943,1,1
School,05M154,P.S. 154 HARRIET TUBMAN,All Grades,2018,All Students,123,586.0,55.0,44.7,47.0,38.2,18.0,14.6,3.0,2.4,21.0,17.1,0.95,0.943,1,1
School,05M161,P.S. 161 PEDRO ALBIZU CAMPOS,All Grades,2022,All Students,398,592.0,141.0,35.4,133.0,33.4,94.0,23.6,30.0,7.5,124.0,31.2,0.95,0.934,1,1
School,05M161,P.S. 161 PEDRO ALBIZU CAMPOS,All Grades,2019,All Students,556,589.0,225.0,40.5,184.0,33.1,108.0,19.4,39.0,7.0,147.0,26.4,0.95,0.934,1,1
School,05M161,P.S. 161 PEDRO ALBIZU CAMPOS,All Grades,2018,All Students,564,592.0,194.0,34.4,214.0,37.9,113.0,20.0,43.0,7.6,156.0,27.7,0.95,0.934,1,1
School,05M175,P.S. 175 HENRY H GARNET,All Grades,2022,All Students,135,582.0,71.0,52.6,47.0,34.8,13.0,9.6,4.0,3.0,17.0,12.6,0.931,0.911,1,1
School,05M175,P.S. 175 HENRY H GARNET,All Grades,2019,All Students,139,598.0,40.0,28.8,43.0,30.9,35.0,25.2,21.0,15.1,56.0,40.3,0.931,0.911,1,1
School,05M175,P.S. 175 HENRY H GARNET,All Grades,2018,All Students,144,594.0,52.0,36.1,49.0,34.0,34.0,23.6,9.0,6.3,43.0,29.9,0.931,0.911,1,1
School,05M194,P.S. 194 COUNTEE CULLEN,All Grades,2022,All Students,73,584.0,35.0,47.9,28.0,38.4,9.0,12.3,1.0,1.4,10.0,13.7,0.95,0.95,1,1
School,05M194,P.S. 194 COUNTEE CULLEN,All Grades,2019,All Students,109,579.0,67.0,61.5,29.0,26.6,12.0,11.0,1.0,0.9,13.0,11.9,0.95,0.95,1,1
School,05M194,P.S. 194 COUNTEE CULLEN,All Grades,2018,All Students,94,590.0,38.0,40.4,36.0,38.3,17.0,18.1,3.0,3.2,20.0,21.3,0.95,0.95,1,1
School,05M197,P.S. 197 JOHN B. RUSSWURM,All Grades,2022,All Students,83,590.0,32.0,38.6,35.0,42.2,14.0,16.9,2.0,2.4,16.0,19.3,0.941,0.938,1,1
School,05M197,P.S. 197 JOHN B. RUSSWURM,All Grades,2019,All Students,130,585.0,70.0,53.8,36.0,27.7,22.0,16.9,2.0,1.5,24.0,18.5,0.941,0.938,1,1
School,05M197,P.S. 197 JOHN B. RUSSWURM,All Grades,2018,All Students,142,587.0,64.0,45.1,59.0,41.5,18.0,12.7,1.0,0.7,19.0,13.4,0.941,0.938,1,1
School,05M200,P.S. 200- THE JAMES MCCUNE SMITH SCHOOL,All Grades,2022,All Students,108,588.0,38.0,35.2,50.0,46.3,15.0,13.9,5.0,4.6,20.0,18.5,0.922,0.924,1,1
School,05M200,P.S. 200- THE JAMES MCCUNE SMITH SCHOOL,All Grades,2019,All Students,159,593.0,53.0,33.3,52.0,32.7,46.0,28.9,8.0,5.0,54.0,34.0,0.922,0.924,1,1
School,05M200,P.S. 200- THE JAMES MCCUNE SMITH SCHOOL,All Grades,2018,All Students,175,594.0,58.0,33.1,64.0,36.6,44.0,25.1,9.0,5.1,53.0,30.3,0.922,0.924,1,1
School,05M286,URBAN ASSEMBLY ACADEMY FOR FUTURE LEADERS,All Grades,2022,All Students,67,596.0,16.0,23.9,21.0,31.3,20.0,29.9,10.0,14.9,30.0,44.8,0.88,0.931,1,1
School,05M286,URBAN ASSEMBLY ACADEMY FOR FUTURE LEADERS,All Grades,2019,All Students,114,589.0,55.0,48.2,38.0,33.3,12.0,10.5,9.0,7.9,21.0,18.4,0.88,0.931,1,1
School,05M286,URBAN ASSEMBLY ACADEMY FOR FUTURE LEADERS,All Grades,2018,All Students,161,592.0,58.0,36.0,66.0,41.0,32.0,19.9,5.0,3.1,37.0,23.0,0.88,0.931,1,1
School,05M318,THURGOOD MARSHALL ACADEMY LOWER SCHOOL,All Grades,2022,All Students,82,601.0,12.0,14.6,36.0,43.9,23.0,28.0,11.0,13.4,34.0,41.5,0.852,0.829,1,1
School,05M318,THURGOOD MARSHALL ACADEMY LOWER SCHOOL,All Grades,2019,All Students,109,602.0,18.0,16.5,31.0,28.4,51.0,46.8,9.0,8.3,60.0,55.0,0.852,0.829,1,1
School,05M318,THURGOOD MARSHALL ACADEMY LOWER SCHOOL,All Grades,2018,All Students,114,601.0,17.0,14.9,52.0,45.6,35.0,30.7,10.0,8.8,45.0,39.5,0.852,0.829,1,1
School,05M362,COLUMBIA SECONDARY SCHOOL,All Grades,2022,All Students,208,621.0,9.0,4.3,15.0,7.2,51.0,24.5,133.0,63.9,184.0,88.5,0.499,0.531,0,0
School,05M362,COLUMBIA SECONDARY SCHOOL,All Grades,2019,All Students,243,625.0,6.0,2.5,15.0,6.2,38.0,15.6,184.0,75.7,222.0,91.4,0.499,0.531,0,0
School,05M362,COLUMBIA SECONDARY SCHOOL,All Grades,2018,All Students,262,622.0,6.0,2.3,24.0,9.2,58.0,22.1,174.0,66.4,232.0,88.5,0.499,0.531,0,0
School,05M371,SCHOOL OF EARTH EXPLORATION AND DISCOVERY HARLEM (,All Grades,2022,All Students,99,591.0,44.0,44.4,30.0,30.3,18.0,18.2,7.0,7.1,25.0,25.3,,,0,0
School,05M499,FREDERICK DOUGLASS ACADEMY,All Grades,2022,All Students,167,591.0,70.0,41.9,51.0,30.5,35.0,21.0,11.0,6.6,46.0,27.5,0.785,0.81,1,1
School,05M499,FREDERICK DOUGLASS ACADEMY,All Grades,2019,All Students,269,590.0,106.0,39.4,100.0,37.2,51.0,19.0,12.0,4.5,63.0,23.4,0.785,0.81,1,1
School,05M499,FREDERICK DOUGLASS ACADEMY,All Grades,2018,All Students,265,590.0,116.0,43.8,100.0,37.7,40.0,15.1,9.0,3.4,49.0,18.5,0.785,0.81,1,1
School,05M514,NEW DESIGN MIDDLE SCHOOL,All Grades,2022,All Students,67,592.0,25.0,37.3,23.0,34.3,13.0,19.4,6.0,9.0,19.0,28.4,0.95,0.933,1,1
School,05M514,NEW DESIGN MIDDLE SCHOOL,All Grades,2019,All Students,116,582.0,59.0,50.9,47.0,40.5,9.0,7.8,1.0,0.9,10.0,8.6,0.95,0.933,1,1
School,05M514,NEW DESIGN MIDDLE SCHOOL,All Grades,2018,All Students,124,591.0,47.0,37.9,51.0,41.1,20.0,16.1,6.0,4.8,26.0,21.0,0.95,0.933,1,1
School,05M517,TEACHERS COLLEGE COMMUNITY SCHOOL,All Grades,2022,All Students,195,600.0,46.0,23.6,67.0,34.4,40.0,20.5,42.0,21.5,82.0,42.1,0.518,0.626,0,0
School,05M517,TEACHERS COLLEGE COMMUNITY SCHOOL,All Grades,2019,All Students,166,606.0,26.0,15.7,41.0,24.7,52.0,31.3,47.0,28.3,99.0,59.6,0.518,0.626,0,0
School,05M517,TEACHERS COLLEGE COMMUNITY SCHOOL,All Grades,2018,All Students,129,603.0,27.0,20.9,30.0,23.3,46.0,35.7,26.0,20.2,72.0,55.8,0.518,0.626,0,0
School,05M670,THURGOOD MARSHALL ACADEMY FOR LEARNING AND SOCIAL,All Grades,2022,All Students,156,596.0,44.0,28.2,56.0,35.9,43.0,27.6,13.0,8.3,56.0,35.9,0.734,0.794,0,1
School,05M670,THURGOOD MARSHALL ACADEMY FOR LEARNING AND SOCIAL,All Grades,2019,All Students,156,596.0,38.0,24.4,66.0,42.3,42.0,26.9,10.0,6.4,52.0,33.3,0.734,0.794,0,1
School,05M670,THURGOOD MARSHALL ACADEMY FOR LEARNING AND SOCIAL,All Grades,2018,All Students,164,597.0,47.0,28.7,65.0,39.6,32.0,19.5,20.0,12.2,52.0,31.7,0.734,0.794,0,1
School,06M004,P.S. 004 DUKE ELLINGTON,All Grades,2022,All Students,159,595.0,50.0,31.4,52.0,32.7,42.0,26.4,15.0,9.4,57.0,35.8,0.882,0.907,1,1
School,06M004,P.S. 004 DUKE ELLINGTON,All Grades,2019,All Students,224,592.0,86.0,38.4,65.0,29.0,62.0,27.7,11.0,4.9,73.0,32.6,0.882,0.907,1,1
School,06M004,P.S. 004 DUKE ELLINGTON,All Grades,2018,All Students,272,591.0,103.0,37.9,102.0,37.5,50.0,18.4,17.0,6.3,67.0,24.6,0.882,0.907,1,1
School,06M005,P.S. 005 ELLEN LURIE,All Grades,2022,All Students,170,586.0,67.0,39.4,76.0,44.7,23.0,13.5,4.0,2.4,27.0,15.9,0.922,0.893,1,1
School,06M005,P.S. 005 ELLEN LURIE,All Grades,2019,All Students,244,590.0,86.0,35.2,91.0,37.3,53.0,21.7,14.0,5.7,67.0,27.5,0.922,0.893,1,1
School,06M005,P.S. 005 ELLEN LURIE,All Grades,2018,All Students,244,591.0,83.0,34.0,100.0,41.0,51.0,20.9,10.0,4.1,61.0,25.0,0.922,0.893,1,1
School,06M008,P.S. 008 LUIS BELLIARD,All Grades,2022,All Students,157,586.0,74.0,47.1,60.0,38.2,22.0,14.0,1.0,0.6,23.0,14.6,0.95,0.903,1,1
School,06M008,P.S. 008 LUIS BELLIARD,All Grades,2019,All Students,195,593.0,50.0,25.6,85.0,43.6,50.0,25.6,10.0,5.1,60.0,30.8,0.95,0.903,1,1
School,06M008,P.S. 008 LUIS BELLIARD,All Grades,2018,All Students,208,592.0,64.0,30.8,90.0,43.3,47.0,22.6,7.0,3.4,54.0,26.0,0.95,0.903,1,1
School,06M018,P.S. 018 PARK TERRACE,All Grades,2022,All Students,5,,,,,,,,,,,,0.936,0.904,1,1
School,06M018,P.S. 018 PARK TERRACE,All Grades,2019,All Students,238,590.0,98.0,41.2,73.0,30.7,47.0,19.7,20.0,8.4,67.0,28.2,0.936,0.904,1,1
School,06M018,P.S. 018 PARK TERRACE,All Grades,2018,All Students,225,592.0,75.0,33.3,91.0,40.4,38.0,16.9,21.0,9.3,59.0,26.2,0.936,0.904,1,1
School,06M028,P.S. 028 WRIGHT BROTHERS,All Grades,2022,All Students,176,589.0,74.0,42.0,60.0,34.1,33.0,18.8,9.0,5.1,42.0,23.9,0.921,0.946,1,1
School,06M028,P.S. 028 WRIGHT BROTHERS,All Grades,2019,All Students,258,594.0,79.0,30.6,88.0,34.1,72.0,27.9,19.0,7.4,91.0,35.3,0.921,0.946,1,1
School,06M028,P.S. 028 WRIGHT BROTHERS,All Grades,2018,All Students,306,593.0,102.0,33.3,113.0,36.9,68.0,22.2,23.0,7.5,91.0,29.7,0.921,0.946,1,1
School,06M048,P.S. 048 P.O. MICHAEL J. BUCZEK,All Grades,2022,All Students,99,593.0,31.0,31.3,40.0,40.4,19.0,19.2,9.0,9.1,28.0,28.3,0.927,0.867,1,1
School,06M048,P.S. 048 P.O. MICHAEL J. BUCZEK,All Grades,2019,All Students,229,595.0,65.0,28.4,79.0,34.5,70.0,30.6,15.0,6.6,85.0,37.1,0.927,0.867,1,1
School,06M048,P.S. 048 P.O. MICHAEL J. BUCZEK,All Grades,2018,All Students,248,593.0,75.0,30.2,110.0,44.4,56.0,22.6,7.0,2.8,63.0,25.4,0.927,0.867,1,1
School,06M052,HAROLD O. LEVY SCHOOL,All Grades,2022,All Students,145,592.0,48.0,33.1,60.0,41.4,28.0,19.3,9.0,6.2,37.0,25.5,0.95,0.925,1,1
School,06M052,HAROLD O. LEVY SCHOOL,All Grades,2019,All Students,227,586.0,109.0,48.0,76.0,33.5,32.0,14.1,10.0,4.4,42.0,18.5,0.95,0.925,1,1
School,06M052,HAROLD O. LEVY SCHOOL,All Grades,2018,All Students,244,590.0,105.0,43.0,81.0,33.2,43.0,17.6,15.0,6.1,58.0,23.8,0.95,0.925,1,1
School,06M098,P.S. 098 SHORAC KAPPOCK,All Grades,2022,All Students,103,591.0,34.0,33.0,44.0,42.7,22.0,21.4,3.0,2.9,25.0,24.3,0.885,0.865,1,1
School,06M098,P.S. 098 SHORAC KAPPOCK,All Grades,2019,All Students,179,589.0,73.0,40.8,52.0,29.1,42.0,23.5,12.0,6.7,54.0,30.2,0.885,0.865,1,1
School,06M098,P.S. 098 SHORAC KAPPOCK,All Grades,2018,All Students,201,589.0,88.0,43.8,58.0,28.9,43.0,21.4,12.0,6.0,55.0,27.4,0.885,0.865,1,1
School,06M103,DOS PUENTES ELEMENTARY SCHOOL,All Grades,2022,All Students,129,599.0,30.0,23.3,38.0,29.5,36.0,27.9,25.0,19.4,61.0,47.3,0.655,0.662,0,0
School,06M103,DOS PUENTES ELEMENTARY SCHOOL,All Grades,2019,All Students,162,598.0,44.0,27.2,52.0,32.1,45.0,27.8,21.0,13.0,66.0,40.7,0.655,0.662,0,0
School,06M103,DOS PUENTES ELEMENTARY SCHOOL,All Grades,2018,All Students,111,598.0,27.0,24.3,35.0,31.5,36.0,32.4,13.0,11.7,49.0,44.1,0.655,0.662,0,0
School,06M115,P.S. 115 ALEXANDER HUMBOLDT,All Grades,2022,All Students,164,592.0,53.0,32.3,64.0,39.0,33.0,20.1,14.0,8.5,47.0,28.7,0.95,0.923,1,1
School,06M115,P.S. 115 ALEXANDER HUMBOLDT,All Grades,2019,All Students,208,591.0,78.0,37.5,75.0,36.1,40.0,19.2,15.0,7.2,55.0,26.4,0.95,0.923,1,1
School,06M115,P.S. 115 ALEXANDER HUMBOLDT,All Grades,2018,All Students,197,588.0,82.0,41.6,69.0,35.0,41.0,20.8,5.0,2.5,46.0,23.4,0.95,0.923,1,1
School,06M128,P.S. 128 AUDUBON,All Grades,2022,All Students,174,594.0,54.0,31.0,63.0,36.2,37.0,21.3,20.0,11.5,57.0,32.8,0.908,0.851,1,1
School,06M128,P.S. 128 AUDUBON,All Grades,2019,All Students,243,594.0,77.0,31.7,72.0,29.6,78.0,32.1,16.0,6.6,94.0,38.7,0.908,0.851,1,1
School,06M128,P.S. 128 AUDUBON,All Grades,2018,All Students,231,592.0,79.0,34.2,88.0,38.1,51.0,22.1,13.0,5.6,64.0,27.7,0.908,0.851,1,1
School,06M132,P.S. 132 JUAN PABLO DUARTE,All Grades,2022,All Students,19,586.0,10.0,52.6,5.0,26.3,4.0,21.1,0.0,0.0,4.0,21.1,0.883,0.916,1,1
School,06M132,P.S. 132 JUAN PABLO DUARTE,All Grades,2019,All Students,134,588.0,49.0,36.6,56.0,41.8,27.0,20.1,2.0,1.5,29.0,21.6,0.883,0.916,1,1
School,06M132,P.S. 132 JUAN PABLO DUARTE,All Grades,2018,All Students,151,593.0,48.0,31.8,59.0,39.1,33.0,21.9,11.0,7.3,44.0,29.1,0.883,0.916,1,1
School,06M143,J.H.S. 143 ELEANOR ROOSEVELT,All Grades,2022,All Students,165,586.0,84.0,50.9,41.0,24.8,24.0,14.5,16.0,9.7,40.0,24.2,0.927,0.937,1,1
School,06M143,J.H.S. 143 ELEANOR ROOSEVELT,All Grades,2019,All Students,221,584.0,118.0,53.4,61.0,27.6,36.0,16.3,6.0,2.7,42.0,19.0,0.927,0.937,1,1
School,06M143,J.H.S. 143 ELEANOR ROOSEVELT,All Grades,2018,All Students,231,585.0,124.0,53.7,60.0,26.0,30.0,13.0,17.0,7.4,47.0,20.3,0.927,0.937,1,1
School,06M152,P.S. 152 DYCKMAN VALLEY,All Grades,2022,All Students,181,585.0,96.0,53.0,58.0,32.0,22.0,12.2,5.0,2.8,27.0,14.9,0.925,0.922,1,1
School,06M152,P.S. 152 DYCKMAN VALLEY,All Grades,2019,All Students,234,589.0,86.0,36.8,88.0,37.6,52.0,22.2,8.0,3.4,60.0,25.6,0.925,0.922,1,1
School,06M152,P.S. 152 DYCKMAN VALLEY,All Grades,2018,All Students,251,591.0,90.0,35.9,90.0,35.9,64.0,25.5,7.0,2.8,71.0,28.3,0.925,0.922,1,1
School,06M153,P.S. 153 ADAM CLAYTON POWELL,All Grades,2022,All Students,160,586.0,72.0,45.0,56.0,35.0,24.0,15.0,8.0,5.0,32.0,20.0,0.904,0.898,1,1
School,06M153,P.S. 153 ADAM CLAYTON POWELL,All Grades,2019,All Students,238,595.0,73.0,30.7,66.0,27.7,76.0,31.9,23.0,9.7,99.0,41.6,0.904,0.898,1,1
School,06M153,P.S. 153 ADAM CLAYTON POWELL,All Grades,2018,All Students,254,596.0,66.0,26.0,100.0,39.4,65.0,25.6,23.0,9.1,88.0,34.6,0.904,0.898,1,1
School,06M173,P.S. 173,All Grades,2022,All Students,109,600.0,17.0,15.6,48.0,44.0,31.0,28.4,13.0,11.9,44.0,40.4,0.83,0.788,1,1
School,06M173,P.S. 173,All Grades,2019,All Students,203,596.0,50.0,24.6,69.0,34.0,66.0,32.5,18.0,8.9,84.0,41.4,0.83,0.788,1,1
School,06M173,P.S. 173,All Grades,2018,All Students,215,597.0,52.0,24.2,78.0,36.3,65.0,30.2,20.0,9.3,85.0,39.5,0.83,0.788,1,1
School,06M178,PROFESSOR JUAN BOSCH PUBLIC SCHOOL,All Grades,2022,All Students,97,600.0,18.0,18.6,39.0,40.2,22.0,22.7,18.0,18.6,40.0,41.2,0.676,0.674,0,0
School,06M178,PROFESSOR JUAN BOSCH PUBLIC SCHOOL,All Grades,2019,All Students,101,600.0,18.0,17.8,40.0,39.6,31.0,30.7,12.0,11.9,43.0,42.6,0.676,0.674,0,0
School,06M178,PROFESSOR JUAN BOSCH PUBLIC SCHOOL,All Grades,2018,All Students,129,601.0,18.0,14.0,56.0,43.4,48.0,37.2,7.0,5.4,55.0,42.6,0.676,0.674,0,0
School,06M187,P.S./I.S. 187 HUDSON CLIFFS,All Grades,2022,All Students,355,612.0,25.0,7.0,70.0,19.7,139.0,39.2,121.0,34.1,260.0,73.2,0.405,0.402,0,0
School,06M187,P.S./I.S. 187 HUDSON CLIFFS,All Grades,2019,All Students,453,611.0,40.0,8.8,93.0,20.5,170.0,37.5,150.0,33.1,320.0,70.6,0.405,0.402,0,0
School,06M187,P.S./I.S. 187 HUDSON CLIFFS,All Grades,2018,All Students,499,609.0,35.0,7.0,151.0,30.3,179.0,35.9,134.0,26.9,313.0,62.7,0.405,0.402,0,0
School,06M189,P.S. 189,All Grades,2022,All Students,92,593.0,22.0,23.9,41.0,44.6,27.0,29.3,2.0,2.2,29.0,31.5,0.935,0.892,1,1
School,06M189,P.S. 189,All Grades,2019,All Students,340,596.0,85.0,25.0,107.0,31.5,108.0,31.8,40.0,11.8,148.0,43.5,0.935,0.892,1,1
School,06M189,P.S. 189,All Grades,2018,All Students,376,596.0,115.0,30.6,98.0,26.1,129.0,34.3,34.0,9.0,163.0,43.4,0.935,0.892,1,1
School,06M192,P.S. 192 JACOB H. SCHIFF,All Grades,2022,All Students,103,590.0,40.0,38.8,41.0,39.8,20.0,19.4,2.0,1.9,22.0,21.4,0.921,0.859,1,1
School,06M192,P.S. 192 JACOB H. SCHIFF,All Grades,2019,All Students,148,595.0,50.0,33.8,44.0,29.7,40.0,27.0,14.0,9.5,54.0,36.5,0.921,0.859,1,1
School,06M192,P.S. 192 JACOB H. SCHIFF,All Grades,2018,All Students,177,591.0,68.0,38.4,54.0,30.5,44.0,24.9,11.0,6.2,55.0,31.1,0.921,0.859,1,1
School,06M209,HAMILTON GRANGE MIDDLE SCHOOL,All Grades,2022,All Students,178,596.0,62.0,34.8,51.0,28.7,28.0,15.7,37.0,20.8,65.0,36.5,0.908,0.85,1,1
School,06M209,HAMILTON GRANGE MIDDLE SCHOOL,All Grades,2019,All Students,279,595.0,81.0,29.0,98.0,35.1,67.0,24.0,33.0,11.8,100.0,35.8,0.908,0.85,1,1
School,06M209,HAMILTON GRANGE MIDDLE SCHOOL,All Grades,2018,All Students,251,597.0,68.0,27.1,99.0,39.4,59.0,23.5,25.0,10.0,84.0,33.5,0.908,0.85,1,1
School,06M210,P.S./I.S. 210 - TWENTY-FIRST CENTURY ACADEMY FOR C,All Grades,2022,All Students,221,599.0,48.0,21.7,75.0,33.9,67.0,30.3,31.0,14.0,98.0,44.3,0.929,0.886,1,1
School,06M210,P.S./I.S. 210 - TWENTY-FIRST CENTURY ACADEMY FOR C,All Grades,2019,All Students,234,601.0,35.0,15.0,78.0,33.3,87.0,37.2,34.0,14.5,121.0,51.7,0.929,0.886,1,1
School,06M210,P.S./I.S. 210 - TWENTY-FIRST CENTURY ACADEMY FOR C,All Grades,2018,All Students,241,601.0,36.0,14.9,94.0,39.0,88.0,36.5,23.0,9.5,111.0,46.1,0.929,0.886,1,1
School,06M223,THE MOTT HALL SCHOOL,All Grades,2022,All Students,183,610.0,19.0,10.4,32.0,17.5,70.0,38.3,62.0,33.9,132.0,72.1,0.777,0.747,1,1
School,06M223,THE MOTT HALL SCHOOL,All Grades,2019,All Students,289,613.0,21.0,7.3,38.0,13.1,102.0,35.3,128.0,44.3,230.0,79.6,0.777,0.747,1,1
School,06M223,THE MOTT HALL SCHOOL,All Grades,2018,All Students,277,611.0,21.0,7.6,42.0,15.2,110.0,39.7,104.0,37.5,214.0,77.3,0.777,0.747,1,1
School,06M278,PAULA HEDBAVNY SCHOOL,All Grades,2022,All Students,244,603.0,39.0,16.0,81.0,33.2,75.0,30.7,49.0,20.1,124.0,50.8,0.682,0.64,0,0
School,06M278,PAULA HEDBAVNY SCHOOL,All Grades,2019,All Students,363,604.0,59.0,16.3,110.0,30.3,105.0,28.9,89.0,24.5,194.0,53.4,0.682,0.64,0,0
School,06M278,PAULA HEDBAVNY SCHOOL,All Grades,2018,All Students,375,605.0,59.0,15.7,109.0,29.1,115.0,30.7,92.0,24.5,207.0,55.2,0.682,0.64,0,0
School,06M293,CITY COLLEGE ACADEMY OF THE ARTS,All Grades,2022,All Students,213,600.0,41.0,19.2,87.0,40.8,57.0,26.8,28.0,13.1,85.0,39.9,0.822,0.799,1,1
School,06M293,CITY COLLEGE ACADEMY OF THE ARTS,All Grades,2019,All Students,247,603.0,43.0,17.4,77.0,31.2,82.0,33.2,45.0,18.2,127.0,51.4,0.822,0.799,1,1
School,06M293,CITY COLLEGE ACADEMY OF THE ARTS,All Grades,2018,All Students,241,604.0,31.0,12.9,75.0,31.1,76.0,31.5,59.0,24.5,135.0,56.0,0.822,0.799,1,1
School,06M311,AMISTAD DUAL LANGUAGE SCHOOL,All Grades,2022,All Students,231,601.0,40.0,17.3,72.0,31.2,74.0,32.0,45.0,19.5,119.0,51.5,0.787,0.77,1,1
School,06M311,AMISTAD DUAL LANGUAGE SCHOOL,All Grades,2019,All Students,256,601.0,49.0,19.1,81.0,31.6,87.0,34.0,39.0,15.2,126.0,49.2,0.787,0.77,1,1
School,06M311,AMISTAD DUAL LANGUAGE SCHOOL,All Grades,2018,All Students,246,602.0,48.0,19.5,74.0,30.1,89.0,36.2,35.0,14.2,124.0,50.4,0.787,0.77,1,1
School,06M314,MUSCOTA,All Grades,2022,All Students,101,613.0,8.0,7.9,23.0,22.8,34.0,33.7,36.0,35.6,70.0,69.3,0.361,0.422,0,0
School,06M314,MUSCOTA,All Grades,2019,All Students,127,615.0,3.0,2.4,22.0,17.3,61.0,48.0,41.0,32.3,102.0,80.3,0.361,0.422,0,0
School,06M314,MUSCOTA,All Grades,2018,All Students,121,614.0,11.0,9.1,15.0,12.4,50.0,41.3,45.0,37.2,95.0,78.5,0.361,0.422,0,0
School,06M319,M.S. 319 - MARIA TERESA,All Grades,2022,All Students,22,592.0,9.0,40.9,6.0,27.3,6.0,27.3,1.0,4.5,7.0,31.8,0.95,0.903,1,1
School,06M319,M.S. 319 - MARIA TERESA,All Grades,2019,All Students,311,591.0,136.0,43.7,97.0,31.2,58.0,18.6,20.0,6.4,78.0,25.1,0.95,0.903,1,1
School,06M319,M.S. 319 - MARIA TERESA,All Grades,2018,All Students,318,593.0,116.0,36.5,105.0,33.0,68.0,21.4,29.0,9.1,97.0,30.5,0.95,0.903,1,1
School,06M322,MIDDLE SCHOOL 322,All Grades,2022,All Students,233,592.0,86.0,36.9,76.0,32.6,51.0,21.9,20.0,8.6,71.0,30.5,0.95,0.909,1,1
School,06M322,MIDDLE SCHOOL 322,All Grades,2019,All Students,359,590.0,154.0,42.9,107.0,29.8,68.0,18.9,30.0,8.4,98.0,27.3,0.95,0.909,1,1
School,06M322,MIDDLE SCHOOL 322,All Grades,2018,All Students,279,593.0,106.0,38.0,92.0,33.0,44.0,15.8,37.0,13.3,81.0,29.0,0.95,0.909,1,1
School,06M324,M.S. 324 - PATRIA MIRABAL,All Grades,2022,All Students,205,593.0,64.0,31.2,77.0,37.6,55.0,26.8,9.0,4.4,64.0,31.2,0.924,0.899,1,1
School,06M324,M.S. 324 - PATRIA MIRABAL,All Grades,2019,All Students,279,596.0,88.0,31.5,84.0,30.1,71.0,25.4,36.0,12.9,107.0,38.4,0.924,0.899,1,1
School,06M324,M.S. 324 - PATRIA MIRABAL,All Grades,2018,All Students,344,592.0,114.0,33.1,132.0,38.4,75.0,21.8,23.0,6.7,98.0,28.5,0.924,0.899,1,1
School,06M328,COMMUNITY MATH & SCIENCE PREP,All Grades,2022,All Students,67,590.0,26.0,38.8,24.0,35.8,11.0,16.4,6.0,9.0,17.0,25.4,0.95,0.926,1,1
School,06M328,COMMUNITY MATH & SCIENCE PREP,All Grades,2019,All Students,167,582.0,98.0,58.7,39.0,23.4,25.0,15.0,5.0,3.0,30.0,18.0,0.95,0.926,1,1
School,06M328,COMMUNITY MATH & SCIENCE PREP,All Grades,2018,All Students,183,578.0,123.0,67.2,41.0,22.4,15.0,8.2,4.0,2.2,19.0,10.4,0.95,0.926,1,1
School,06M346,COMMUNITY HEALTH ACADEMY OF THE HEIGHTS,All Grades,2022,All Students,218,595.0,65.0,29.8,79.0,36.2,53.0,24.3,21.0,9.6,74.0,33.9,0.895,0.902,1,1
School,06M346,COMMUNITY HEALTH ACADEMY OF THE HEIGHTS,All Grades,2019,All Students,256,596.0,67.0,26.2,94.0,36.7,63.0,24.6,32.0,12.5,95.0,37.1,0.895,0.902,1,1
School,06M346,COMMUNITY HEALTH ACADEMY OF THE HEIGHTS,All Grades,2018,All Students,259,598.0,60.0,23.2,95.0,36.7,75.0,29.0,29.0,11.2,104.0,40.2,0.895,0.902,1,1
School,06M348,WASHINGTON HEIGHTS EXPEDITIONARY LEARNING SCHOOL,All Grades,2022,All Students,310,600.0,51.0,16.5,121.0,39.0,98.0,31.6,40.0,12.9,138.0,44.5,0.812,0.841,1,1
School,06M348,WASHINGTON HEIGHTS EXPEDITIONARY LEARNING SCHOOL,All Grades,2019,All Students,309,596.0,75.0,24.3,120.0,38.8,84.0,27.2,30.0,9.7,114.0,36.9,0.812,0.841,1,1
School,06M348,WASHINGTON HEIGHTS EXPEDITIONARY LEARNING SCHOOL,All Grades,2018,All Students,274,596.0,64.0,23.4,109.0,39.8,90.0,32.8,11.0,4.0,101.0,36.9,0.812,0.841,1,1
School,06M349,HARBOR HEIGHTS,All Grades,2022,All Students,57,580.0,33.0,57.9,15.0,26.3,4.0,7.0,5.0,8.8,9.0,15.8,0.95,0.903,1,1
School,06M349,HARBOR HEIGHTS,All Grades,2019,All Students,81,571.0,61.0,75.3,18.0,22.2,1.0,1.2,1.0,1.2,2.0,2.5,0.95,0.903,1,1
School,06M349,HARBOR HEIGHTS,All Grades,2018,All Students,107,574.0,76.0,71.0,24.0,22.4,6.0,5.6,1.0,0.9,7.0,6.5,0.95,0.903,1,1
School,06M366,WASHINGTON HEIGHTS ACADEMY,All Grades,2022,All Students,162,609.0,10.0,6.2,44.0,27.2,54.0,33.3,54.0,33.3,108.0,66.7,0.861,0.792,1,1
School,06M366,WASHINGTON HEIGHTS ACADEMY,All Grades,2019,All Students,275,611.0,11.0,4.0,59.0,21.5,137.0,49.8,68.0,24.7,205.0,74.5,0.861,0.792,1,1
School,06M366,WASHINGTON HEIGHTS ACADEMY,All Grades,2018,All Students,267,610.0,13.0,4.9,68.0,25.5,119.0,44.6,67.0,25.1,186.0,69.7,0.861,0.792,1,1
School,06M368,THE WILLIAM LYNCH SCHOOL,All Grades,2022,All Students,65,592.0,23.0,35.4,22.0,33.8,15.0,23.1,5.0,7.7,20.0,30.8,0.685,0.704,0,0
School,06M368,THE WILLIAM LYNCH SCHOOL,All Grades,2019,All Students,90,594.0,27.0,30.0,36.0,40.0,23.0,25.6,4.0,4.4,27.0,30.0,0.685,0.704,0,0
School,06M368,THE WILLIAM LYNCH SCHOOL,All Grades,2018,All Students,72,591.0,25.0,34.7,31.0,43.1,16.0,22.2,0.0,0.0,16.0,22.2,0.685,0.704,0,0
School,06M513,CASTLE BRIDGE SCHOOL,All Grades,2022,All Students,30,601.0,5.0,16.7,12.0,40.0,8.0,26.7,5.0,16.7,13.0,43.3,0.662,0.674,0,0
School,06M513,CASTLE BRIDGE SCHOOL,All Grades,2019,All Students,17,,,,,,,,,,,,0.662,0.674,0,0
School,06M513,CASTLE BRIDGE SCHOOL,All Grades,2018,All Students,18,,,,,,,,,,,,0.662,0.674,0,0
School,06M528,I.S. 528 BEA FULLER RODGERS SCHOOL,All Grades,2022,All Students,162,598.0,46.0,28.4,46.0,28.4,52.0,32.1,18.0,11.1,70.0,43.2,0.95,0.901,1,1
School,06M528,I.S. 528 BEA FULLER RODGERS SCHOOL,All Grades,2019,All Students,217,595.0,63.0,29.0,90.0,41.5,43.0,19.8,21.0,9.7,64.0,29.5,0.95,0.901,1,1
School,06M528,I.S. 528 BEA FULLER RODGERS SCHOOL,All Grades,2018,All Students,192,596.0,47.0,24.5,80.0,41.7,47.0,24.5,18.0,9.4,65.0,33.9,0.95,0.901,1,1
School,07X001,P.S. 001 COURTLANDT SCHOOL,All Grades,2022,All Students,216,582.0,116.0,53.7,69.0,31.9,26.0,12.0,5.0,2.3,31.0,14.4,0.95,0.95,1,1
School,07X001,P.S. 001 COURTLANDT SCHOOL,All Grades,2019,All Students,265,590.0,98.0,37.0,89.0,33.6,65.0,24.5,13.0,4.9,78.0,29.4,0.95,0.95,1,1
School,07X001,P.S. 001 COURTLANDT SCHOOL,All Grades,2018,All Students,273,590.0,114.0,41.8,82.0,30.0,64.0,23.4,13.0,4.8,77.0,28.2,0.95,0.95,1,1
School,07X005,P.S. 5 PORT MORRIS,All Grades,2022,All Students,314,594.0,101.0,32.2,112.0,35.7,73.0,23.2,28.0,8.9,101.0,32.2,0.95,0.95,1,1
School,07X005,P.S. 5 PORT MORRIS,All Grades,2019,All Students,403,592.0,145.0,36.0,136.0,33.7,97.0,24.1,25.0,6.2,122.0,30.3,0.95,0.95,1,1
School,07X005,P.S. 5 PORT MORRIS,All Grades,2018,All Students,412,589.0,188.0,45.6,138.0,33.5,71.0,17.2,15.0,3.6,86.0,20.9,0.95,0.95,1,1
School,07X018,P.S. 018 JOHN PETER ZENGER,All Grades,2022,All Students,191,589.0,82.0,42.9,63.0,33.0,40.0,20.9,6.0,3.1,46.0,24.1,0.95,0.95,1,1
School,07X018,P.S. 018 JOHN PETER ZENGER,All Grades,2019,All Students,270,589.0,107.0,39.6,97.0,35.9,59.0,21.9,7.0,2.6,66.0,24.4,0.95,0.95,1,1
School,07X018,P.S. 018 JOHN PETER ZENGER,All Grades,2018,All Students,275,590.0,114.0,41.5,95.0,34.5,54.0,19.6,12.0,4.4,66.0,24.0,0.95,0.95,1,1
School,07X025,P.S. 025 BILINGUAL SCHOOL,All Grades,2022,All Students,158,587.0,67.0,42.4,61.0,38.6,24.0,15.2,6.0,3.8,30.0,19.0,0.943,0.92,1,1
School,07X025,P.S. 025 BILINGUAL SCHOOL,All Grades,2019,All Students,172,596.0,44.0,25.6,59.0,34.3,59.0,34.3,10.0,5.8,69.0,40.1,0.943,0.92,1,1
School,07X025,P.S. 025 BILINGUAL SCHOOL,All Grades,2018,All Students,169,598.0,42.0,24.9,60.0,35.5,49.0,29.0,18.0,10.7,67.0,39.6,0.943,0.92,1,1
School,07X029,P.S./M.S. 029 MELROSE SCHOOL,All Grades,2022,All Students,452,592.0,166.0,36.7,168.0,37.2,82.0,18.1,36.0,8.0,118.0,26.1,0.925,0.933,1,1
School,07X029,P.S./M.S. 029 MELROSE SCHOOL,All Grades,2019,All Students,513,586.0,230.0,44.8,187.0,36.5,74.0,14.4,22.0,4.3,96.0,18.7,0.925,0.933,1,1
School,07X029,P.S./M.S. 029 MELROSE SCHOOL,All Grades,2018,All Students,488,586.0,222.0,45.5,180.0,36.9,67.0,13.7,19.0,3.9,86.0,17.6,0.925,0.933,1,1
School,07X030,P.S. 030 WILTON,All Grades,2022,All Students,182,585.0,91.0,50.0,62.0,34.1,25.0,13.7,4.0,2.2,29.0,15.9,0.95,0.95,1,1
School,07X030,P.S. 030 WILTON,All Grades,2019,All Students,251,589.0,107.0,42.6,77.0,30.7,54.0,21.5,13.0,5.2,67.0,26.7,0.95,0.95,1,1
School,07X030,P.S. 030 WILTON,All Grades,2018,All Students,260,590.0,105.0,40.4,95.0,36.5,53.0,20.4,7.0,2.7,60.0,23.1,0.95,0.95,1,1
School,07X031,P.S./M.S. 031 THE WILLIAM LLOYD GARRISON,All Grades,2022,All Students,399,592.0,135.0,33.8,158.0,39.6,69.0,17.3,37.0,9.3,106.0,26.6,0.902,0.92,1,1
School,07X031,P.S./M.S. 031 THE WILLIAM LLOYD GARRISON,All Grades,2019,All Students,404,593.0,141.0,34.9,133.0,32.9,94.0,23.3,36.0,8.9,130.0,32.2,0.902,0.92,1,1
School,07X031,P.S./M.S. 031 THE WILLIAM LLOYD GARRISON,All Grades,2018,All Students,387,591.0,160.0,41.3,151.0,39.0,52.0,13.4,24.0,6.2,76.0,19.6,0.902,0.92,1,1
School,07X043,P.S. 043 JONAS BRONCK,All Grades,2022,All Students,118,592.0,39.0,33.1,53.0,44.9,24.0,20.3,2.0,1.7,26.0,22.0,0.95,0.935,1,1
School,07X043,P.S. 043 JONAS BRONCK,All Grades,2019,All Students,191,599.0,51.0,26.7,55.0,28.8,59.0,30.9,26.0,13.6,85.0,44.5,0.95,0.935,1,1
School,07X043,P.S. 043 JONAS BRONCK,All Grades,2018,All Students,216,598.0,50.0,23.1,76.0,35.2,71.0,32.9,19.0,8.8,90.0,41.7,0.95,0.935,1,1
School,07X049,P.S. 049 WILLIS AVENUE,All Grades,2022,All Students,209,596.0,55.0,26.3,87.0,41.6,48.0,23.0,19.0,9.1,67.0,32.1,0.95,0.95,1,1
School,07X049,P.S. 049 WILLIS AVENUE,All Grades,2019,All Students,273,599.0,53.0,19.4,93.0,34.1,105.0,38.5,22.0,8.1,127.0,46.5,0.95,0.95,1,1
School,07X049,P.S. 049 WILLIS AVENUE,All Grades,2018,All Students,266,598.0,59.0,22.2,111.0,41.7,76.0,28.6,20.0,7.5,96.0,36.1,0.95,0.95,1,1
School,07X065,P.S. 065 MOTHER HALE ACADEMY,All Grades,2022,All Students,121,587.0,54.0,44.6,42.0,34.7,21.0,17.4,4.0,3.3,25.0,20.7,0.95,0.95,1,1
School,07X065,P.S. 065 MOTHER HALE ACADEMY,All Grades,2019,All Students,159,592.0,46.0,28.9,66.0,41.5,36.0,22.6,11.0,6.9,47.0,29.6,0.95,0.95,1,1
School,07X065,P.S. 065 MOTHER HALE ACADEMY,All Grades,2018,All Students,162,594.0,44.0,27.2,72.0,44.4,37.0,22.8,9.0,5.6,46.0,28.4,0.95,0.95,1,1
School,07X154,P.S. 154 JONATHAN D. HYATT,All Grades,2022,All Students,115,598.0,24.0,20.9,47.0,40.9,37.0,32.2,7.0,6.1,44.0,38.3,0.95,0.95,1,1
School,07X154,P.S. 154 JONATHAN D. HYATT,All Grades,2019,All Students,157,604.0,31.0,19.7,37.0,23.6,63.0,40.1,26.0,16.6,89.0,56.7,0.95,0.95,1,1
School,07X154,P.S. 154 JONATHAN D. HYATT,All Grades,2018,All Students,163,600.0,35.0,21.5,56.0,34.4,59.0,36.2,13.0,8.0,72.0,44.2,0.95,0.95,1,1
School,07X157,P.S. 157 GROVE HILL,All Grades,2022,All Students,216,589.0,92.0,42.6,79.0,36.6,37.0,17.1,8.0,3.7,45.0,20.8,0.95,0.917,1,1
School,07X157,P.S. 157 GROVE HILL,All Grades,2019,All Students,264,595.0,67.0,25.4,98.0,37.1,84.0,31.8,15.0,5.7,99.0,37.5,0.95,0.917,1,1
School,07X157,P.S. 157 GROVE HILL,All Grades,2018,All Students,268,594.0,77.0,28.7,106.0,39.6,68.0,25.4,17.0,6.3,85.0,31.7,0.95,0.917,1,1
School,07X161,P.S. 161 JUAN PONCE DE LEON SCHOOL,All Grades,2022,All Students,122,592.0,39.0,32.0,46.0,37.7,31.0,25.4,6.0,4.9,37.0,30.3,0.95,0.95,1,1
School,07X161,P.S. 161 JUAN PONCE DE LEON SCHOOL,All Grades,2019,All Students,167,595.0,55.0,32.9,60.0,35.9,40.0,24.0,12.0,7.2,52.0,31.1,0.95,0.95,1,1
School,07X161,P.S. 161 JUAN PONCE DE LEON SCHOOL,All Grades,2018,All Students,180,596.0,54.0,30.0,59.0,32.8,51.0,28.3,16.0,8.9,67.0,37.2,0.95,0.95,1,1
School,07X179,P.S. 179,All Grades,2022,All Students,96,592.0,33.0,34.4,39.0,40.6,16.0,16.7,8.0,8.3,24.0,25.0,0.95,0.948,1,1
School,07X179,P.S. 179,All Grades,2019,All Students,150,593.0,50.0,33.3,45.0,30.0,49.0,32.7,6.0,4.0,55.0,36.7,0.95,0.948,1,1
School,07X179,P.S. 179,All Grades,2018,All Students,144,592.0,45.0,31.3,57.0,39.6,37.0,25.7,5.0,3.5,42.0,29.2,0.95,0.948,1,1
School,07X221,SOUTH BRONX PREPARATORY: A COLLEGE BOARD SCHOOL,All Grades,2022,All Students,235,601.0,41.0,17.4,82.0,34.9,83.0,35.3,29.0,12.3,112.0,47.7,0.948,0.933,1,1
School,07X221,SOUTH BRONX PREPARATORY: A COLLEGE BOARD SCHOOL,All Grades,2019,All Students,257,599.0,52.0,20.2,96.0,37.4,76.0,29.6,33.0,12.8,109.0,42.4,0.948,0.933,1,1
School,07X221,SOUTH BRONX PREPARATORY: A COLLEGE BOARD SCHOOL,All Grades,2018,All Students,262,598.0,54.0,20.6,111.0,42.4,75.0,28.6,22.0,8.4,97.0,37.0,0.948,0.933,1,1
School,07X223,THE LABORATORY SCHOOL OF FINANCE AND TECHNOLOGY: X,All Grades,2022,All Students,270,609.0,20.0,7.4,64.0,23.7,102.0,37.8,84.0,31.1,186.0,68.9,0.95,0.914,1,1
School,07X223,THE LABORATORY SCHOOL OF FINANCE AND TECHNOLOGY: X,All Grades,2019,All Students,289,604.0,39.0,13.5,83.0,28.7,104.0,36.0,63.0,21.8,167.0,57.8,0.95,0.914,1,1
School,07X223,THE LABORATORY SCHOOL OF FINANCE AND TECHNOLOGY: X,All Grades,2018,All Students,276,602.0,48.0,17.4,94.0,34.1,72.0,26.1,62.0,22.5,134.0,48.6,0.95,0.914,1,1
School,07X224,P.S./I.S. 224,All Grades,2022,All Students,204,590.0,81.0,39.7,70.0,34.3,41.0,20.1,12.0,5.9,53.0,26.0,0.95,0.95,1,1
School,07X224,P.S./I.S. 224,All Grades,2019,All Students,288,583.0,158.0,54.9,100.0,34.7,23.0,8.0,7.0,2.4,30.0,10.4,0.95,0.95,1,1
School,07X224,P.S./I.S. 224,All Grades,2018,All Students,281,585.0,135.0,48.0,98.0,34.9,42.0,14.9,6.0,2.1,48.0,17.1,0.95,0.95,1,1
School,07X277,P.S. 277,All Grades,2022,All Students,135,585.0,66.0,48.9,43.0,31.9,22.0,16.3,4.0,3.0,26.0,19.3,0.908,0.939,1,1
School,07X277,P.S. 277,All Grades,2019,All Students,170,595.0,53.0,31.2,69.0,40.6,38.0,22.4,10.0,5.9,48.0,28.2,0.908,0.939,1,1
School,07X277,P.S. 277,All Grades,2018,All Students,187,595.0,58.0,31.0,68.0,36.4,53.0,28.3,8.0,4.3,61.0,32.6,0.908,0.939,1,1
School,07X296,SOUTH BRONX ACADEMY FOR APPLIED MEDIA,All Grades,2022,All Students,181,598.0,49.0,27.1,60.0,33.1,48.0,26.5,24.0,13.3,72.0,39.8,0.896,0.93,1,1
School,07X296,SOUTH BRONX ACADEMY FOR APPLIED MEDIA,All Grades,2019,All Students,201,589.0,80.0,39.8,71.0,35.3,39.0,19.4,11.0,5.5,50.0,24.9,0.896,0.93,1,1
School,07X296,SOUTH BRONX ACADEMY FOR APPLIED MEDIA,All Grades,2018,All Students,219,593.0,83.0,37.9,81.0,37.0,40.0,18.3,15.0,6.8,55.0,25.1,0.896,0.93,1,1
School,07X298,ACADEMY OF PUBLIC RELATIONS,All Grades,2022,All Students,117,591.0,43.0,36.8,46.0,39.3,17.0,14.5,11.0,9.4,28.0,23.9,0.914,0.95,1,1
School,07X298,ACADEMY OF PUBLIC RELATIONS,All Grades,2019,All Students,214,587.0,91.0,42.5,91.0,42.5,28.0,13.1,4.0,1.9,32.0,15.0,0.914,0.95,1,1
School,07X298,ACADEMY OF PUBLIC RELATIONS,All Grades,2018,All Students,214,591.0,87.0,40.7,76.0,35.5,43.0,20.1,8.0,3.7,51.0,23.8,0.914,0.95,1,1
School,07X343,ACADEMY OF APPLIED MATHEMATICS AND TECHNOLOGY,All Grades,2022,All Students,266,599.0,66.0,24.8,78.0,29.3,88.0,33.1,34.0,12.8,122.0,45.9,0.935,0.935,1,1
School,07X343,ACADEMY OF APPLIED MATHEMATICS AND TECHNOLOGY,All Grades,2019,All Students,301,595.0,86.0,28.6,113.0,37.5,65.0,21.6,37.0,12.3,102.0,33.9,0.935,0.935,1,1
School,07X343,ACADEMY OF APPLIED MATHEMATICS AND TECHNOLOGY,All Grades,2018,All Students,288,597.0,78.0,27.1,105.0,36.5,62.0,21.5,43.0,14.9,105.0,36.5,0.935,0.935,1,1
School,07X359,CONCOURSE VILLAGE ELEMENTARY SCHOOL,All Grades,2022,All Students,89,616.0,4.0,4.5,19.0,21.3,29.0,32.6,37.0,41.6,66.0,74.2,0.864,0.833,1,1
School,07X359,CONCOURSE VILLAGE ELEMENTARY SCHOOL,All Grades,2019,All Students,146,612.0,10.0,6.8,28.0,19.2,66.0,45.2,42.0,28.8,108.0,74.0,0.864,0.833,1,1
School,07X359,CONCOURSE VILLAGE ELEMENTARY SCHOOL,All Grades,2018,All Students,139,616.0,3.0,2.2,15.0,10.8,79.0,56.8,42.0,30.2,121.0,87.1,0.864,0.833,1,1
School,07X369,YOUNG LEADERS ELEMENTARY SCHOOL,All Grades,2022,All Students,79,586.0,37.0,46.8,24.0,30.4,17.0,21.5,1.0,1.3,18.0,22.8,0.95,0.95,1,1
School,07X369,YOUNG LEADERS ELEMENTARY SCHOOL,All Grades,2019,All Students,101,595.0,25.0,24.8,42.0,41.6,28.0,27.7,6.0,5.9,34.0,33.7,0.95,0.95,1,1
School,07X369,YOUNG LEADERS ELEMENTARY SCHOOL,All Grades,2018,All Students,108,591.0,36.0,33.3,50.0,46.3,19.0,17.6,3.0,2.8,22.0,20.4,0.95,0.95,1,1
School,07X500,HOSTOS-LINCOLN ACADEMY OF SCIENCE,All Grades,2022,All Students,190,598.0,47.0,24.7,68.0,35.8,52.0,27.4,23.0,12.1,75.0,39.5,0.815,0.865,1,1
School,07X500,HOSTOS-LINCOLN ACADEMY OF SCIENCE,All Grades,2019,All Students,160,603.0,21.0,13.1,55.0,34.4,58.0,36.3,26.0,16.3,84.0,52.5,0.815,0.865,1,1
School,07X500,HOSTOS-LINCOLN ACADEMY OF SCIENCE,All Grades,2018,All Students,146,603.0,20.0,13.7,49.0,33.6,44.0,30.1,33.0,22.6,77.0,52.7,0.815,0.865,1,1
School,07X551,THE URBAN ASSEMBLY BRONX ACADEMY OF LETTERS,All Grades,2022,All Students,201,595.0,57.0,28.4,79.0,39.3,45.0,22.4,20.0,10.0,65.0,32.3,0.911,0.949,1,1
School,07X551,THE URBAN ASSEMBLY BRONX ACADEMY OF LETTERS,All Grades,2019,All Students,243,590.0,107.0,44.0,92.0,37.9,31.0,12.8,13.0,5.3,44.0,18.1,0.911,0.949,1,1
School,07X551,THE URBAN ASSEMBLY BRONX ACADEMY OF LETTERS,All Grades,2018,All Students,243,592.0,95.0,39.1,90.0,37.0,43.0,17.7,15.0,6.2,58.0,23.9,0.911,0.949,1,1
School,07X584,I.S. 584,All Grades,2022,All Students,198,594.0,57.0,28.8,69.0,34.8,57.0,28.8,15.0,7.6,72.0,36.4,0.95,0.939,1,1
School,07X584,I.S. 584,All Grades,2019,All Students,218,593.0,81.0,37.2,77.0,35.3,40.0,18.3,20.0,9.2,60.0,27.5,0.95,0.939,1,1
School,07X584,I.S. 584,All Grades,2018,All Students,257,590.0,105.0,40.9,95.0,37.0,40.0,15.6,17.0,6.6,57.0,22.2,0.95,0.939,1,1
School,08X014,P.S. X014 SENATOR JOHN CALANDRA,All Grades,2022,All Students,223,601.0,42.0,18.8,84.0,37.7,67.0,30.0,30.0,13.5,97.0,43.5,0.683,0.527,0,0
School,08X014,P.S. X014 SENATOR JOHN CALANDRA,All Grades,2019,All Students,318,604.0,44.0,13.8,88.0,27.7,138.0,43.4,48.0,15.1,186.0,58.5,0.683,0.527,0,0
School,08X014,P.S. X014 SENATOR JOHN CALANDRA,All Grades,2018,All Students,291,606.0,33.0,11.3,86.0,29.6,122.0,41.9,50.0,17.2,172.0,59.1,0.683,0.527,0,0
School,08X036,P.S. 036 UNIONPORT,All Grades,2022,All Students,316,599.0,71.0,22.5,117.0,37.0,91.0,28.8,37.0,11.7,128.0,40.5,0.749,0.824,1,1
School,08X036,P.S. 036 UNIONPORT,All Grades,2019,All Students,317,601.0,66.0,20.8,90.0,28.4,120.0,37.9,41.0,12.9,161.0,50.8,0.749,0.824,1,1
School,08X036,P.S. 036 UNIONPORT,All Grades,2018,All Students,312,602.0,60.0,19.2,95.0,30.4,123.0,39.4,34.0,10.9,157.0,50.3,0.749,0.824,1,1
School,08X048,P.S. 048 JOSEPH R. DRAKE,All Grades,2022,All Students,217,581.0,120.0,55.3,73.0,33.6,23.0,10.6,1.0,0.5,24.0,11.1,0.949,0.95,1,1
School,08X048,P.S. 048 JOSEPH R. DRAKE,All Grades,2019,All Students,292,586.0,143.0,49.0,92.0,31.5,48.0,16.4,9.0,3.1,57.0,19.5,0.949,0.95,1,1
School,08X048,P.S. 048 JOSEPH R. DRAKE,All Grades,2018,All Students,275,587.0,122.0,44.4,91.0,33.1,54.0,19.6,8.0,2.9,62.0,22.5,0.949,0.95,1,1
School,08X062,P.S. 062 INOCENSIO CASANOVA,All Grades,2022,All Students,196,587.0,83.0,42.3,82.0,41.8,27.0,13.8,4.0,2.0,31.0,15.8,0.95,0.935,1,1
School,08X062,P.S. 062 INOCENSIO CASANOVA,All Grades,2019,All Students,288,592.0,102.0,35.4,97.0,33.7,77.0,26.7,12.0,4.2,89.0,30.9,0.95,0.935,1,1
School,08X062,P.S. 062 INOCENSIO CASANOVA,All Grades,2018,All Students,321,591.0,121.0,37.7,129.0,40.2,62.0,19.3,9.0,2.8,71.0,22.1,0.95,0.935,1,1
School,08X069,P.S. 069 JOURNEY PREP SCHOOL,All Grades,2022,All Students,211,593.0,62.0,29.4,92.0,43.6,45.0,21.3,12.0,5.7,57.0,27.0,0.843,0.802,1,1
School,08X069,P.S. 069 JOURNEY PREP SCHOOL,All Grades,2019,All Students,290,610.0,20.0,6.9,70.0,24.1,131.0,45.2,69.0,23.8,200.0,69.0,0.843,0.802,1,1
School,08X069,P.S. 069 JOURNEY PREP SCHOOL,All Grades,2018,All Students,269,608.0,21.0,7.8,83.0,30.9,115.0,42.8,50.0,18.6,165.0,61.3,0.843,0.802,1,1
School,08X071,P.S. 071 ROSE E. SCALA,All Grades,2022,All Students,792,603.0,139.0,17.6,248.0,31.3,220.0,27.8,185.0,23.4,405.0,51.1,0.732,0.61,0,0
School,08X071,P.S. 071 ROSE E. SCALA,All Grades,2019,All Students,1092,599.0,279.0,25.5,323.0,29.6,313.0,28.7,177.0,16.2,490.0,44.9,0.732,0.61,0,0
School,08X071,P.S. 071 ROSE E. SCALA,All Grades,2018,All Students,1149,600.0,260.0,22.6,376.0,32.7,340.0,29.6,173.0,15.1,513.0,44.6,0.732,0.61,0,0
School,08X072,P.S. 072 DR. WILLIAM DORNEY,All Grades,2022,All Students,266,593.0,93.0,35.0,92.0,34.6,59.0,22.2,22.0,8.3,81.0,30.5,0.867,0.816,1,1
School,08X072,P.S. 072 DR. WILLIAM DORNEY,All Grades,2019,All Students,294,599.0,69.0,23.5,91.0,31.0,96.0,32.7,38.0,12.9,134.0,45.6,0.867,0.816,1,1
School,08X072,P.S. 072 DR. WILLIAM DORNEY,All Grades,2018,All Students,321,594.0,104.0,32.4,117.0,36.4,79.0,24.6,21.0,6.5,100.0,31.2,0.867,0.816,1,1
School,08X075,P.S. 75 SCHOOL OF RESEARCH AND DISCOVERY,All Grades,2022,All Students,189,591.0,72.0,38.1,64.0,33.9,40.0,21.2,13.0,6.9,53.0,28.0,0.85,0.919,1,1
School,08X075,P.S. 75 SCHOOL OF RESEARCH AND DISCOVERY,All Grades,2019,All Students,268,593.0,89.0,33.2,90.0,33.6,74.0,27.6,15.0,5.6,89.0,33.2,0.85,0.919,1,1
School,08X075,P.S. 75 SCHOOL OF RESEARCH AND DISCOVERY,All Grades,2018,All Students,270,592.0,102.0,37.8,96.0,35.6,52.0,19.3,20.0,7.4,72.0,26.7,0.85,0.919,1,1
School,08X093,P.S. 093 ALBERT G. OLIVER,All Grades,2022,All Students,112,586.0,48.0,42.9,52.0,46.4,12.0,10.7,0.0,0.0,12.0,10.7,0.724,0.75,0,1
School,08X093,P.S. 093 ALBERT G. OLIVER,All Grades,2019,All Students,116,591.0,46.0,39.7,39.0,33.6,25.0,21.6,6.0,5.2,31.0,26.7,0.724,0.75,0,1
School,08X093,P.S. 093 ALBERT G. OLIVER,All Grades,2018,All Students,129,591.0,44.0,34.1,53.0,41.1,24.0,18.6,8.0,6.2,32.0,24.8,0.724,0.75,0,1
School,08X100,P.S. 100 ISAAC CLASON,All Grades,2022,All Students,190,587.0,93.0,48.9,59.0,31.1,34.0,17.9,4.0,2.1,38.0,20.0,0.852,0.922,1,1
School,08X100,P.S. 100 ISAAC CLASON,All Grades,2019,All Students,250,589.0,106.0,42.4,75.0,30.0,57.0,22.8,12.0,4.8,69.0,27.6,0.852,0.922,1,1
School,08X100,P.S. 100 ISAAC CLASON,All Grades,2018,All Students,255,591.0,96.0,37.6,95.0,37.3,55.0,21.6,9.0,3.5,64.0,25.1,0.852,0.922,1,1
School,08X101,M.S. X101 EDWARD R. BYRNE,All Grades,2022,All Students,477,613.0,42.0,8.8,93.0,19.5,122.0,25.6,220.0,46.1,342.0,71.7,0.73,0.582,0,0
School,08X101,M.S. X101 EDWARD R. BYRNE,All Grades,2019,All Students,530,610.0,66.0,12.5,107.0,20.2,146.0,27.5,211.0,39.8,357.0,67.4,0.73,0.582,0,0
School,08X101,M.S. X101 EDWARD R. BYRNE,All Grades,2018,All Students,512,609.0,58.0,11.3,111.0,21.7,160.0,31.3,183.0,35.7,343.0,67.0,0.73,0.582,0,0
School,08X107,P.S. 107,All Grades,2022,All Students,214,586.0,104.0,48.6,70.0,32.7,37.0,17.3,3.0,1.4,40.0,18.7,0.95,0.95,1,1
School,08X107,P.S. 107,All Grades,2019,All Students,231,595.0,64.0,27.7,81.0,35.1,68.0,29.4,18.0,7.8,86.0,37.2,0.95,0.95,1,1
School,08X107,P.S. 107,All Grades,2018,All Students,235,596.0,66.0,28.1,89.0,37.9,60.0,25.5,20.0,8.5,80.0,34.0,0.95,0.95,1,1
School,08X119,THE DR. EMMETT W. BASSETT SCHOOL,All Grades,2022,All Students,292,592.0,108.0,37.0,98.0,33.6,68.0,23.3,18.0,6.2,86.0,29.5,0.842,0.898,1,1
School,08X119,THE DR. EMMETT W. BASSETT SCHOOL,All Grades,2019,All Students,377,597.0,99.0,26.3,119.0,31.6,115.0,30.5,44.0,11.7,159.0,42.2,0.842,0.898,1,1
School,08X119,THE DR. EMMETT W. BASSETT SCHOOL,All Grades,2018,All Students,435,596.0,137.0,31.5,145.0,33.3,108.0,24.8,45.0,10.3,153.0,35.2,0.842,0.898,1,1
School,08X123,J.H.S. 123 JAMES M. KIERAN,All Grades,2022,All Students,442,595.0,137.0,31.0,157.0,35.5,87.0,19.7,61.0,13.8,148.0,33.5,0.868,0.918,1,1
School,08X123,J.H.S. 123 JAMES M. KIERAN,All Grades,2019,All Students,349,589.0,146.0,41.8,114.0,32.7,65.0,18.6,24.0,6.9,89.0,25.5,0.868,0.918,1,1
School,08X123,J.H.S. 123 JAMES M. KIERAN,All Grades,2018,All Students,298,591.0,116.0,38.9,107.0,35.9,52.0,17.4,23.0,7.7,75.0,25.2,0.868,0.918,1,1
School,08X130,P.S. 130 ABRAM STEVENS HEWITT,All Grades,2022,All Students,145,588.0,62.0,42.8,54.0,37.2,22.0,15.2,7.0,4.8,29.0,20.0,0.889,0.932,1,1
School,08X130,P.S. 130 ABRAM STEVENS HEWITT,All Grades,2019,All Students,199,587.0,96.0,48.2,54.0,27.1,40.0,20.1,9.0,4.5,49.0,24.6,0.889,0.932,1,1
School,08X130,P.S. 130 ABRAM STEVENS HEWITT,All Grades,2018,All Students,217,586.0,101.0,46.5,73.0,33.6,35.0,16.1,8.0,3.7,43.0,19.8,0.889,0.932,1,1
School,08X131,J.H.S. 131 ALBERT EINSTEIN,All Grades,2022,All Students,317,594.0,109.0,34.4,94.0,29.7,79.0,24.9,35.0,11.0,114.0,36.0,0.841,0.904,1,1
School,08X131,J.H.S. 131 ALBERT EINSTEIN,All Grades,2019,All Students,454,590.0,198.0,43.6,134.0,29.5,80.0,17.6,42.0,9.3,122.0,26.9,0.841,0.904,1,1
School,08X131,J.H.S. 131 ALBERT EINSTEIN,All Grades,2018,All Students,433,592.0,170.0,39.3,146.0,33.7,73.0,16.9,44.0,10.2,117.0,27.0,0.841,0.904,1,1
School,08X138,P.S. 138 SAMUEL RANDALL,All Grades,2022,All Students,240,589.0,110.0,45.8,69.0,28.8,48.0,20.0,13.0,5.4,61.0,25.4,0.868,0.867,1,1
School,08X138,P.S. 138 SAMUEL RANDALL,All Grades,2019,All Students,298,591.0,108.0,36.2,99.0,33.2,78.0,26.2,13.0,4.4,91.0,30.5,0.868,0.867,1,1
School,08X138,P.S. 138 SAMUEL RANDALL,All Grades,2018,All Students,314,595.0,93.0,29.6,119.0,37.9,71.0,22.6,31.0,9.9,102.0,32.5,0.868,0.867,1,1
School,08X140,P.S. X140 THE EAGLE SCHOOL,All Grades,2022,All Students,179,590.0,69.0,38.5,73.0,40.8,27.0,15.1,10.0,5.6,37.0,20.7,0.95,0.949,1,1
School,08X140,P.S. X140 THE EAGLE SCHOOL,All Grades,2019,All Students,240,592.0,84.0,35.0,79.0,32.9,62.0,25.8,15.0,6.3,77.0,32.1,0.95,0.949,1,1
School,08X140,P.S. X140 THE EAGLE SCHOOL,All Grades,2018,All Students,278,592.0,110.0,39.6,95.0,34.2,58.0,20.9,15.0,5.4,73.0,26.3,0.95,0.949,1,1
School,08X146,P.S. 146 EDWARD COLLINS,All Grades,2022,All Students,143,583.0,84.0,58.7,35.0,24.5,23.0,16.1,1.0,0.7,24.0,16.8,0.95,0.926,1,1
School,08X146,P.S. 146 EDWARD COLLINS,All Grades,2019,All Students,166,593.0,57.0,34.3,55.0,33.1,44.0,26.5,10.0,6.0,54.0,32.5,0.95,0.926,1,1
School,08X146,P.S. 146 EDWARD COLLINS,All Grades,2018,All Students,169,595.0,44.0,26.0,69.0,40.8,50.0,29.6,6.0,3.6,56.0,33.1,0.95,0.926,1,1
School,08X152,P.S. 152 EVERGREEN,All Grades,2022,All Students,330,589.0,140.0,42.4,116.0,35.2,60.0,18.2,14.0,4.2,74.0,22.4,0.91,0.95,1,1
School,08X152,P.S. 152 EVERGREEN,All Grades,2019,All Students,399,592.0,148.0,37.1,129.0,32.3,98.0,24.6,24.0,6.0,122.0,30.6,0.91,0.95,1,1
School,08X152,P.S. 152 EVERGREEN,All Grades,2018,All Students,403,593.0,132.0,32.8,155.0,38.5,89.0,22.1,27.0,6.7,116.0,28.8,0.91,0.95,1,1
School,08X182,P.S. 182,All Grades,2022,All Students,226,591.0,76.0,33.6,98.0,43.4,40.0,17.7,12.0,5.3,52.0,23.0,0.877,0.843,1,1
School,08X182,P.S. 182,All Grades,2019,All Students,388,599.0,96.0,24.7,122.0,31.4,110.0,28.4,60.0,15.5,170.0,43.8,0.877,0.843,1,1
School,08X182,P.S. 182,All Grades,2018,All Students,423,600.0,104.0,24.6,136.0,32.2,119.0,28.1,64.0,15.1,183.0,43.3,0.877,0.843,1,1
School,08X269,BRONX STUDIO SCHOOL FOR WRITERS AND ARTISTS,All Grades,2022,All Students,261,595.0,81.0,31.0,93.0,35.6,51.0,19.5,36.0,13.8,87.0,33.3,0.857,0.913,1,1
School,08X269,BRONX STUDIO SCHOOL FOR WRITERS AND ARTISTS,All Grades,2019,All Students,259,593.0,95.0,36.7,91.0,35.1,56.0,21.6,17.0,6.6,73.0,28.2,0.857,0.913,1,1
School,08X269,BRONX STUDIO SCHOOL FOR WRITERS AND ARTISTS,All Grades,2018,All Students,261,594.0,87.0,33.3,113.0,43.3,44.0,16.9,17.0,6.5,61.0,23.4,0.857,0.913,1,1
School,08X301,M.S. 301 PAUL L. DUNBAR,All Grades,2022,All Students,150,590.0,61.0,40.7,57.0,38.0,23.0,15.3,9.0,6.0,32.0,21.3,0.938,0.95,1,1
School,08X301,M.S. 301 PAUL L. DUNBAR,All Grades,2019,All Students,216,583.0,121.0,56.0,57.0,26.4,27.0,12.5,11.0,5.1,38.0,17.6,0.938,0.95,1,1
School,08X301,M.S. 301 PAUL L. DUNBAR,All Grades,2018,All Students,226,586.0,113.0,50.0,80.0,35.4,30.0,13.3,3.0,1.3,33.0,14.6,0.938,0.95,1,1
School,08X302,M.S. 302 LUISA DESSUS CRUZ,All Grades,2022,All Students,368,591.0,151.0,41.0,114.0,31.0,63.0,17.1,40.0,10.9,103.0,28.0,0.95,0.946,1,1
School,08X302,M.S. 302 LUISA DESSUS CRUZ,All Grades,2019,All Students,451,591.0,186.0,41.2,144.0,31.9,77.0,17.1,44.0,9.8,121.0,26.8,0.95,0.946,1,1
School,08X302,M.S. 302 LUISA DESSUS CRUZ,All Grades,2018,All Students,459,589.0,202.0,44.0,154.0,33.6,75.0,16.3,28.0,6.1,103.0,22.4,0.95,0.946,1,1
School,08X304,P.S. 304 EARLY CHILDHOOD SCHOOL,All Grades,2022,All Students,194,603.0,27.0,13.9,66.0,34.0,69.0,35.6,32.0,16.5,101.0,52.1,0.675,0.46,0,0
School,08X304,P.S. 304 EARLY CHILDHOOD SCHOOL,All Grades,2019,All Students,225,609.0,35.0,15.6,28.0,12.4,98.0,43.6,64.0,28.4,162.0,72.0,0.675,0.46,0,0
School,08X304,P.S. 304 EARLY CHILDHOOD SCHOOL,All Grades,2018,All Students,226,608.0,28.0,12.4,52.0,23.0,95.0,42.0,51.0,22.6,146.0,64.6,0.675,0.46,0,0
School,08X333,THE LONGWOOD ACADEMY OF DISCOVERY,All Grades,2022,All Students,216,582.0,131.0,60.6,63.0,29.2,21.0,9.7,1.0,0.5,22.0,10.2,0.95,0.94,1,1
School,08X333,THE LONGWOOD ACADEMY OF DISCOVERY,All Grades,2019,All Students,265,586.0,137.0,51.7,87.0,32.8,34.0,12.8,7.0,2.6,41.0,15.5,0.95,0.94,1,1
School,08X333,THE LONGWOOD ACADEMY OF DISCOVERY,All Grades,2018,All Students,279,591.0,99.0,35.5,112.0,40.1,53.0,19.0,15.0,5.4,68.0,24.4,0.95,0.94,1,1
School,08X337,THE SCHOOL FOR INQUIRY AND SOCIAL JUSTICE,All Grades,2022,All Students,384,601.0,91.0,23.7,119.0,31.0,98.0,25.5,76.0,19.8,174.0,45.3,0.791,0.847,1,1
School,08X337,THE SCHOOL FOR INQUIRY AND SOCIAL JUSTICE,All Grades,2019,All Students,482,604.0,89.0,18.5,138.0,28.6,124.0,25.7,131.0,27.2,255.0,52.9,0.791,0.847,1,1
School,08X337,THE SCHOOL FOR INQUIRY AND SOCIAL JUSTICE,All Grades,2018,All Students,470,602.0,94.0,20.0,152.0,32.3,124.0,26.4,100.0,21.3,224.0,47.7,0.791,0.847,1,1
School,08X367,"ARCHIMEDES ACADEMY FOR MATH, SCIENCE AND TECHNOLOG",All Grades,2022,All Students,215,600.0,57.0,26.5,58.0,27.0,55.0,25.6,45.0,20.9,100.0,46.5,0.778,0.839,1,1
School,08X367,"ARCHIMEDES ACADEMY FOR MATH, SCIENCE AND TECHNOLOG",All Grades,2019,All Students,280,596.0,81.0,28.9,100.0,35.7,62.0,22.1,37.0,13.2,99.0,35.4,0.778,0.839,1,1
School,08X367,"ARCHIMEDES ACADEMY FOR MATH, SCIENCE AND TECHNOLOG",All Grades,2018,All Students,286,597.0,88.0,30.8,97.0,33.9,59.0,20.6,42.0,14.7,101.0,35.3,0.778,0.839,1,1
School,08X371,URBAN INSTITUTE OF MATHEMATICS,All Grades,2022,All Students,323,608.0,42.0,13.0,82.0,25.4,88.0,27.2,111.0,34.4,199.0,61.6,0.733,0.578,0,0
School,08X371,URBAN INSTITUTE OF MATHEMATICS,All Grades,2019,All Students,360,601.0,68.0,18.9,108.0,30.0,100.0,27.8,84.0,23.3,184.0,51.1,0.733,0.578,0,0
School,08X371,URBAN INSTITUTE OF MATHEMATICS,All Grades,2018,All Students,329,603.0,60.0,18.2,97.0,29.5,107.0,32.5,65.0,19.8,172.0,52.3,0.733,0.578,0,0
School,08X375,THE BRONX MATHEMATICS PREPARATORY SCHOOL,All Grades,2022,All Students,176,595.0,64.0,36.4,53.0,30.1,36.0,20.5,23.0,13.1,59.0,33.5,0.95,0.906,1,1
School,08X375,THE BRONX MATHEMATICS PREPARATORY SCHOOL,All Grades,2019,All Students,204,586.0,100.0,49.0,55.0,27.0,39.0,19.1,10.0,4.9,49.0,24.0,0.95,0.906,1,1
School,08X375,THE BRONX MATHEMATICS PREPARATORY SCHOOL,All Grades,2018,All Students,207,589.0,93.0,44.9,72.0,34.8,30.0,14.5,12.0,5.8,42.0,20.3,0.95,0.906,1,1
School,08X376,ANTONIA PANTOJA PREPARATORY ACADEMY: A COLLEGE BOA,All Grades,2022,All Students,151,591.0,52.0,34.4,60.0,39.7,34.0,22.5,5.0,3.3,39.0,25.8,0.85,0.896,1,1
School,08X376,ANTONIA PANTOJA PREPARATORY ACADEMY: A COLLEGE BOA,All Grades,2019,All Students,191,594.0,57.0,29.8,76.0,39.8,40.0,20.9,18.0,9.4,58.0,30.4,0.85,0.896,1,1
School,08X376,ANTONIA PANTOJA PREPARATORY ACADEMY: A COLLEGE BOA,All Grades,2018,All Students,155,598.0,38.0,24.5,52.0,33.5,50.0,32.3,15.0,9.7,65.0,41.9,0.85,0.896,1,1
School,08X392,BRONX DELTA SCHOOL,All Grades,2022,All Students,156,596.0,34.0,21.8,68.0,43.6,42.0,26.9,12.0,7.7,54.0,34.6,0.729,0.613,0,0
School,08X392,BRONX DELTA SCHOOL,All Grades,2019,All Students,77,598.0,11.0,14.3,32.0,41.6,30.0,39.0,4.0,5.2,34.0,44.2,0.729,0.613,0,0
School,08X392,BRONX DELTA SCHOOL,All Grades,2018,All Students,29,599.0,5.0,17.2,12.0,41.4,10.0,34.5,2.0,6.9,12.0,41.4,0.729,0.613,0,0
School,08X424,BRONX ACADEMY FOR MULTI-MEDIA,All Grades,2022,All Students,187,594.0,59.0,31.6,81.0,43.3,27.0,14.4,20.0,10.7,47.0,25.1,0.927,0.95,1,1
School,08X424,BRONX ACADEMY FOR MULTI-MEDIA,All Grades,2019,All Students,260,583.0,143.0,55.0,79.0,30.4,29.0,11.2,9.0,3.5,38.0,14.6,0.927,0.95,1,1
School,08X424,BRONX ACADEMY FOR MULTI-MEDIA,All Grades,2018,All Students,262,583.0,150.0,57.3,83.0,31.7,25.0,9.5,4.0,1.5,29.0,11.1,0.927,0.95,1,1
School,08X448,SOUNDVIEW ACADEMY FOR CULTURE AND SCHOLARSHIP,All Grades,2022,All Students,268,593.0,95.0,35.4,93.0,34.7,53.0,19.8,27.0,10.1,80.0,29.9,0.814,0.867,1,1
School,08X448,SOUNDVIEW ACADEMY FOR CULTURE AND SCHOLARSHIP,All Grades,2019,All Students,359,593.0,121.0,33.7,134.0,37.3,76.0,21.2,28.0,7.8,104.0,29.0,0.814,0.867,1,1
School,08X448,SOUNDVIEW ACADEMY FOR CULTURE AND SCHOLARSHIP,All Grades,2018,All Students,360,595.0,104.0,28.9,141.0,39.2,85.0,23.6,30.0,8.3,115.0,31.9,0.814,0.867,1,1
School,08X467,MOTT HALL COMMUNITY SCHOOL,All Grades,2022,All Students,309,597.0,82.0,26.5,109.0,35.3,81.0,26.2,37.0,12.0,118.0,38.2,0.859,0.795,1,1
School,08X467,MOTT HALL COMMUNITY SCHOOL,All Grades,2019,All Students,314,589.0,136.0,43.3,99.0,31.5,56.0,17.8,23.0,7.3,79.0,25.2,0.859,0.795,1,1
School,08X467,MOTT HALL COMMUNITY SCHOOL,All Grades,2018,All Students,306,592.0,114.0,37.3,101.0,33.0,61.0,19.9,30.0,9.8,91.0,29.7,0.859,0.795,1,1
School,08X562,PUGSLEY PREPARATORY ACADEMY,All Grades,2022,All Students,483,600.0,118.0,24.4,140.0,29.0,130.0,26.9,95.0,19.7,225.0,46.6,0.901,0.895,1,1
School,08X562,PUGSLEY PREPARATORY ACADEMY,All Grades,2019,All Students,629,595.0,201.0,32.0,222.0,35.3,129.0,20.5,77.0,12.2,206.0,32.8,0.901,0.895,1,1
School,08X562,PUGSLEY PREPARATORY ACADEMY,All Grades,2018,All Students,315,598.0,81.0,25.7,112.0,35.6,86.0,27.3,36.0,11.4,122.0,38.7,0.901,0.895,1,1
School,08X583,P.S. 583,All Grades,2022,All Students,83,595.0,23.0,27.7,24.0,28.9,26.0,31.3,10.0,12.0,36.0,43.4,0.828,0.848,1,1
School,09X004,P.S./M.S. 004 CROTONA PARK WEST,All Grades,2022,All Students,217,594.0,59.0,27.2,90.0,41.5,55.0,25.3,13.0,6.0,68.0,31.3,0.945,0.95,1,1
School,09X004,P.S./M.S. 004 CROTONA PARK WEST,All Grades,2019,All Students,292,592.0,100.0,34.2,113.0,38.7,68.0,23.3,11.0,3.8,79.0,27.1,0.945,0.95,1,1
School,09X004,P.S./M.S. 004 CROTONA PARK WEST,All Grades,2018,All Students,306,591.0,110.0,35.9,127.0,41.5,55.0,18.0,14.0,4.6,69.0,22.5,0.945,0.95,1,1
School,09X011,P.S. 011 HIGHBRIDGE,All Grades,2022,All Students,165,590.0,56.0,33.9,63.0,38.2,38.0,23.0,8.0,4.8,46.0,27.9,0.926,0.942,1,1
School,09X011,P.S. 011 HIGHBRIDGE,All Grades,2019,All Students,263,590.0,89.0,33.8,107.0,40.7,55.0,20.9,12.0,4.6,67.0,25.5,0.926,0.942,1,1
School,09X011,P.S. 011 HIGHBRIDGE,All Grades,2018,All Students,251,592.0,81.0,32.3,102.0,40.6,55.0,21.9,13.0,5.2,68.0,27.1,0.926,0.942,1,1
School,09X022,J.H.S. 022 JORDAN L. MOTT,All Grades,2022,All Students,285,590.0,125.0,43.9,94.0,33.0,42.0,14.7,24.0,8.4,66.0,23.2,0.95,0.95,1,1
School,09X022,J.H.S. 022 JORDAN L. MOTT,All Grades,2019,All Students,385,589.0,157.0,40.8,151.0,39.2,52.0,13.5,25.0,6.5,77.0,20.0,0.95,0.95,1,1
School,09X022,J.H.S. 022 JORDAN L. MOTT,All Grades,2018,All Students,392,588.0,169.0,43.1,149.0,38.0,60.0,15.3,14.0,3.6,74.0,18.9,0.95,0.95,1,1
School,09X028,P.S. 028 MOUNT HOPE,All Grades,2022,All Students,226,591.0,89.0,39.4,72.0,31.9,51.0,22.6,14.0,6.2,65.0,28.8,0.946,0.945,1,1
School,09X028,P.S. 028 MOUNT HOPE,All Grades,2019,All Students,291,591.0,111.0,38.1,86.0,29.6,76.0,26.1,18.0,6.2,94.0,32.3,0.946,0.945,1,1
School,09X028,P.S. 028 MOUNT HOPE,All Grades,2018,All Students,306,591.0,121.0,39.5,109.0,35.6,57.0,18.6,19.0,6.2,76.0,24.8,0.946,0.945,1,1
School,09X035,P.S. 035 FRANZ SIEGEL,All Grades,2022,All Students,231,588.0,105.0,45.5,75.0,32.5,41.0,17.7,10.0,4.3,51.0,22.1,0.948,0.92,1,1
School,09X035,P.S. 035 FRANZ SIEGEL,All Grades,2019,All Students,292,591.0,103.0,35.3,119.0,40.8,59.0,20.2,11.0,3.8,70.0,24.0,0.948,0.92,1,1
School,09X035,P.S. 035 FRANZ SIEGEL,All Grades,2018,All Students,313,591.0,112.0,35.8,121.0,38.7,65.0,20.8,15.0,4.8,80.0,25.6,0.948,0.92,1,1
School,09X042,P.S. 042 CLAREMONT,All Grades,2022,All Students,126,591.0,44.0,34.9,55.0,43.7,26.0,20.6,1.0,0.8,27.0,21.4,0.95,0.95,1,1
School,09X042,P.S. 042 CLAREMONT,All Grades,2019,All Students,148,596.0,32.0,21.6,69.0,46.6,43.0,29.1,4.0,2.7,47.0,31.8,0.95,0.95,1,1
School,09X042,P.S. 042 CLAREMONT,All Grades,2018,All Students,179,596.0,42.0,23.5,83.0,46.4,45.0,25.1,9.0,5.0,54.0,30.2,0.95,0.95,1,1
School,09X053,P.S. 053 BASHEER QUISIM,All Grades,2022,All Students,325,591.0,130.0,40.0,103.0,31.7,69.0,21.2,23.0,7.1,92.0,28.3,0.93,0.95,1,1
School,09X053,P.S. 053 BASHEER QUISIM,All Grades,2019,All Students,485,596.0,151.0,31.1,139.0,28.7,143.0,29.5,52.0,10.7,195.0,40.2,0.93,0.95,1,1
School,09X053,P.S. 053 BASHEER QUISIM,All Grades,2018,All Students,537,596.0,176.0,32.8,169.0,31.5,131.0,24.4,61.0,11.4,192.0,35.8,0.93,0.95,1,1
School,09X055,P.S. 055 BENJAMIN FRANKLIN,All Grades,2022,All Students,193,586.0,95.0,49.2,62.0,32.1,33.0,17.1,3.0,1.6,36.0,18.7,0.95,0.95,1,1
School,09X055,P.S. 055 BENJAMIN FRANKLIN,All Grades,2019,All Students,229,596.0,69.0,30.1,76.0,33.2,65.0,28.4,19.0,8.3,84.0,36.7,0.95,0.95,1,1
School,09X055,P.S. 055 BENJAMIN FRANKLIN,All Grades,2018,All Students,216,594.0,67.0,31.0,78.0,36.1,59.0,27.3,12.0,5.6,71.0,32.9,0.95,0.95,1,1
School,09X058,P.S. 058,All Grades,2022,All Students,147,579.0,92.0,62.6,43.0,29.3,11.0,7.5,1.0,0.7,12.0,8.2,0.948,0.95,1,1
School,09X058,P.S. 058,All Grades,2019,All Students,198,590.0,78.0,39.4,57.0,28.8,56.0,28.3,7.0,3.5,63.0,31.8,0.948,0.95,1,1
School,09X058,P.S. 058,All Grades,2018,All Students,207,589.0,79.0,38.2,78.0,37.7,44.0,21.3,6.0,2.9,50.0,24.2,0.948,0.95,1,1
School,09X063,P.S. 063 AUTHOR'S ACADEMY,All Grades,2022,All Students,167,591.0,68.0,40.7,55.0,32.9,32.0,19.2,12.0,7.2,44.0,26.3,0.95,0.947,1,1
School,09X063,P.S. 063 AUTHOR'S ACADEMY,All Grades,2019,All Students,231,594.0,69.0,29.9,81.0,35.1,65.0,28.1,16.0,6.9,81.0,35.1,0.95,0.947,1,1
School,09X063,P.S. 063 AUTHOR'S ACADEMY,All Grades,2018,All Students,216,596.0,59.0,27.3,79.0,36.6,67.0,31.0,11.0,5.1,78.0,36.1,0.95,0.947,1,1
School,09X070,P.S. 070 MAX SCHOENFELD,All Grades,2022,All Students,414,585.0,212.0,51.2,140.0,33.8,46.0,11.1,16.0,3.9,62.0,15.0,0.95,0.95,1,1
School,09X070,P.S. 070 MAX SCHOENFELD,All Grades,2019,All Students,530,589.0,218.0,41.1,173.0,32.6,111.0,20.9,28.0,5.3,139.0,26.2,0.95,0.95,1,1
School,09X070,P.S. 070 MAX SCHOENFELD,All Grades,2018,All Students,573,590.0,228.0,39.8,202.0,35.3,125.0,21.8,18.0,3.1,143.0,25.0,0.95,0.95,1,1
School,09X073,P.S. 073 BRONX,All Grades,2022,All Students,134,588.0,55.0,41.0,57.0,42.5,20.0,14.9,2.0,1.5,22.0,16.4,0.95,0.95,1,1
School,09X073,P.S. 073 BRONX,All Grades,2019,All Students,275,585.0,124.0,45.1,96.0,34.9,47.0,17.1,8.0,2.9,55.0,20.0,0.95,0.95,1,1
School,09X073,P.S. 073 BRONX,All Grades,2018,All Students,284,586.0,137.0,48.2,96.0,33.8,48.0,16.9,3.0,1.1,51.0,18.0,0.95,0.95,1,1
School,09X088,P.S. X088 - S. SILVERSTEIN LITTLE SPARROW SCHOOL,All Grades,2022,All Students,25,587.0,6.0,24.0,14.0,56.0,5.0,20.0,0.0,0.0,5.0,20.0,0.95,0.95,1,1
School,09X088,P.S. X088 - S. SILVERSTEIN LITTLE SPARROW SCHOOL,All Grades,2019,All Students,21,595.0,2.0,9.5,10.0,47.6,9.0,42.9,0.0,0.0,9.0,42.9,0.95,0.95,1,1
School,09X088,P.S. X088 - S. SILVERSTEIN LITTLE SPARROW SCHOOL,All Grades,2018,All Students,20,598.0,2.0,10.0,10.0,50.0,8.0,40.0,0.0,0.0,8.0,40.0,0.95,0.95,1,1
School,09X109,P.S. 109 SEDGWICK,All Grades,2022,All Students,183,587.0,74.0,40.4,74.0,40.4,27.0,14.8,8.0,4.4,35.0,19.1,0.915,0.919,1,1
School,09X109,P.S. 109 SEDGWICK,All Grades,2019,All Students,252,592.0,84.0,33.3,86.0,34.1,70.0,27.8,12.0,4.8,82.0,32.5,0.915,0.919,1,1
School,09X109,P.S. 109 SEDGWICK,All Grades,2018,All Students,253,593.0,89.0,35.2,83.0,32.8,69.0,27.3,12.0,4.7,81.0,32.0,0.915,0.919,1,1
School,09X110,P.S. 110 THEODORE SCHOENFELD,All Grades,2022,All Students,100,593.0,29.0,29.0,44.0,44.0,18.0,18.0,9.0,9.0,27.0,27.0,0.95,0.95,1,1
School,09X110,P.S. 110 THEODORE SCHOENFELD,All Grades,2019,All Students,193,594.0,56.0,29.0,75.0,38.9,47.0,24.4,15.0,7.8,62.0,32.1,0.95,0.95,1,1
School,09X110,P.S. 110 THEODORE SCHOENFELD,All Grades,2018,All Students,191,597.0,45.0,23.6,90.0,47.1,41.0,21.5,15.0,7.9,56.0,29.3,0.95,0.95,1,1
School,09X114,P.S. X114 - LUIS LLORENS TORRES SCHOOLS,All Grades,2022,All Students,234,582.0,134.0,57.3,67.0,28.6,26.0,11.1,7.0,3.0,33.0,14.1,0.95,0.947,1,1
School,09X114,P.S. X114 - LUIS LLORENS TORRES SCHOOLS,All Grades,2019,All Students,335,588.0,143.0,42.7,107.0,31.9,66.0,19.7,19.0,5.7,85.0,25.4,0.95,0.947,1,1
School,09X114,P.S. X114 - LUIS LLORENS TORRES SCHOOLS,All Grades,2018,All Students,349,587.0,163.0,46.7,107.0,30.7,60.0,17.2,19.0,5.4,79.0,22.6,0.95,0.947,1,1
School,09X117,I.S. 117 JOSEPH H. WADE,All Grades,2022,All Students,356,593.0,123.0,34.6,120.0,33.7,85.0,23.9,28.0,7.9,113.0,31.7,0.95,0.95,1,1
School,09X117,I.S. 117 JOSEPH H. WADE,All Grades,2019,All Students,447,585.0,235.0,52.6,137.0,30.6,51.0,11.4,24.0,5.4,75.0,16.8,0.95,0.95,1,1
School,09X117,I.S. 117 JOSEPH H. WADE,All Grades,2018,All Students,444,588.0,208.0,46.8,161.0,36.3,61.0,13.7,14.0,3.2,75.0,16.9,0.95,0.95,1,1
School,09X126,P.S. 126 DR MARJORIE H DUNBAR,All Grades,2022,All Students,180,591.0,62.0,34.4,70.0,38.9,39.0,21.7,9.0,5.0,48.0,26.7,0.945,0.939,1,1
School,09X126,P.S. 126 DR MARJORIE H DUNBAR,All Grades,2019,All Students,218,593.0,72.0,33.0,68.0,31.2,65.0,29.8,13.0,6.0,78.0,35.8,0.945,0.939,1,1
School,09X126,P.S. 126 DR MARJORIE H DUNBAR,All Grades,2018,All Students,231,600.0,49.0,21.2,68.0,29.4,99.0,42.9,15.0,6.5,114.0,49.4,0.945,0.939,1,1
School,09X128,MOTT HALL III,All Grades,2022,All Students,307,605.0,47.0,15.3,83.0,27.0,99.0,32.2,78.0,25.4,177.0,57.7,0.932,0.891,1,1
School,09X128,MOTT HALL III,All Grades,2019,All Students,342,607.0,42.0,12.3,80.0,23.4,111.0,32.5,109.0,31.9,220.0,64.3,0.932,0.891,1,1
School,09X128,MOTT HALL III,All Grades,2018,All Students,354,607.0,40.0,11.3,96.0,27.1,125.0,35.3,93.0,26.3,218.0,61.6,0.932,0.891,1,1
School,09X132,P.S. 132 GARRET A. MORGAN,All Grades,2022,All Students,134,593.0,42.0,31.3,56.0,41.8,21.0,15.7,15.0,11.2,36.0,26.9,0.914,0.95,1,1
School,09X132,P.S. 132 GARRET A. MORGAN,All Grades,2019,All Students,179,595.0,57.0,31.8,55.0,30.7,49.0,27.4,18.0,10.1,67.0,37.4,0.914,0.95,1,1
School,09X132,P.S. 132 GARRET A. MORGAN,All Grades,2018,All Students,184,592.0,59.0,32.1,85.0,46.2,37.0,20.1,3.0,1.6,40.0,21.7,0.914,0.95,1,1
School,09X163,P.S. 163 ARTHUR A. SCHOMBURG,All Grades,2022,All Students,148,589.0,53.0,35.8,62.0,41.9,25.0,16.9,8.0,5.4,33.0,22.3,0.95,0.95,1,1
School,09X163,P.S. 163 ARTHUR A. SCHOMBURG,All Grades,2019,All Students,220,590.0,81.0,36.8,75.0,34.1,54.0,24.5,10.0,4.5,64.0,29.1,0.95,0.95,1,1
School,09X163,P.S. 163 ARTHUR A. SCHOMBURG,All Grades,2018,All Students,214,590.0,79.0,36.9,76.0,35.5,51.0,23.8,8.0,3.7,59.0,27.6,0.95,0.95,1,1
School,09X199,P.S. 199X - THE SHAKESPEARE SCHOOL,All Grades,2022,All Students,248,589.0,107.0,43.1,71.0,28.6,52.0,21.0,18.0,7.3,70.0,28.2,0.95,0.94,1,1
School,09X199,P.S. 199X - THE SHAKESPEARE SCHOOL,All Grades,2019,All Students,320,591.0,128.0,40.0,96.0,30.0,67.0,20.9,29.0,9.1,96.0,30.0,0.95,0.94,1,1
School,09X199,P.S. 199X - THE SHAKESPEARE SCHOOL,All Grades,2018,All Students,328,590.0,131.0,39.9,120.0,36.6,59.0,18.0,18.0,5.5,77.0,23.5,0.95,0.94,1,1
School,09X204,P.S. 204 MORRIS HEIGHTS,All Grades,2022,All Students,208,603.0,23.0,11.1,74.0,35.6,80.0,38.5,31.0,14.9,111.0,53.4,0.861,0.918,1,1
School,09X204,P.S. 204 MORRIS HEIGHTS,All Grades,2019,All Students,334,605.0,53.0,15.9,87.0,26.0,143.0,42.8,51.0,15.3,194.0,58.1,0.861,0.918,1,1
School,09X204,P.S. 204 MORRIS HEIGHTS,All Grades,2018,All Students,310,605.0,39.0,12.6,106.0,34.2,119.0,38.4,46.0,14.8,165.0,53.2,0.861,0.918,1,1
School,09X215,KAPPA,All Grades,2022,All Students,251,597.0,61.0,24.3,96.0,38.2,64.0,25.5,30.0,12.0,94.0,37.5,0.884,0.934,1,1
School,09X215,KAPPA,All Grades,2019,All Students,301,599.0,67.0,22.3,114.0,37.9,70.0,23.3,50.0,16.6,120.0,39.9,0.884,0.934,1,1
School,09X215,KAPPA,All Grades,2018,All Students,293,598.0,74.0,25.3,103.0,35.2,70.0,23.9,46.0,15.7,116.0,39.6,0.884,0.934,1,1
School,09X218,P.S./I.S. 218 RAFAEL HERNANDEZ DUAL LANGUAGE MAGNE,All Grades,2022,All Students,596,598.0,144.0,24.2,196.0,32.9,165.0,27.7,91.0,15.3,256.0,43.0,0.873,0.924,1,1
School,09X218,P.S./I.S. 218 RAFAEL HERNANDEZ DUAL LANGUAGE MAGNE,All Grades,2019,All Students,653,594.0,214.0,32.8,211.0,32.3,166.0,25.4,62.0,9.5,228.0,34.9,0.873,0.924,1,1
School,09X218,P.S./I.S. 218 RAFAEL HERNANDEZ DUAL LANGUAGE MAGNE,All Grades,2018,All Students,611,597.0,164.0,26.8,210.0,34.4,178.0,29.1,59.0,9.7,237.0,38.8,0.873,0.924,1,1
School,09X219,I.S. 219 NEW VENTURE SCHOOL,All Grades,2022,All Students,217,593.0,76.0,35.0,79.0,36.4,44.0,20.3,18.0,8.3,62.0,28.6,0.948,0.95,1,1
School,09X219,I.S. 219 NEW VENTURE SCHOOL,All Grades,2019,All Students,314,583.0,161.0,51.3,114.0,36.3,34.0,10.8,5.0,1.6,39.0,12.4,0.948,0.95,1,1
School,09X219,I.S. 219 NEW VENTURE SCHOOL,All Grades,2018,All Students,288,590.0,110.0,38.2,115.0,39.9,51.0,17.7,12.0,4.2,63.0,21.9,0.948,0.95,1,1
School,09X229,I.S. 229 ROLAND PATTERSON,All Grades,2022,All Students,144,595.0,41.0,28.5,54.0,37.5,31.0,21.5,18.0,12.5,49.0,34.0,0.942,0.95,1,1
School,09X229,I.S. 229 ROLAND PATTERSON,All Grades,2019,All Students,219,585.0,114.0,52.1,73.0,33.3,24.0,11.0,8.0,3.7,32.0,14.6,0.942,0.95,1,1
School,09X229,I.S. 229 ROLAND PATTERSON,All Grades,2018,All Students,234,586.0,119.0,50.9,76.0,32.5,29.0,12.4,10.0,4.3,39.0,16.7,0.942,0.95,1,1
School,09X231,EAGLE ACADEMY FOR YOUNG MEN,All Grades,2022,All Students,126,599.0,26.0,20.6,48.0,38.1,36.0,28.6,16.0,12.7,52.0,41.3,0.801,0.82,1,1
School,09X231,EAGLE ACADEMY FOR YOUNG MEN,All Grades,2019,All Students,175,593.0,58.0,33.1,73.0,41.7,32.0,18.3,12.0,6.9,44.0,25.1,0.801,0.82,1,1
School,09X231,EAGLE ACADEMY FOR YOUNG MEN,All Grades,2018,All Students,165,589.0,72.0,43.6,60.0,36.4,23.0,13.9,10.0,6.1,33.0,20.0,0.801,0.82,1,1
School,09X232,I.S. 232,All Grades,2022,All Students,287,594.0,106.0,36.9,81.0,28.2,67.0,23.3,33.0,11.5,100.0,34.8,0.95,0.95,1,1
School,09X232,I.S. 232,All Grades,2019,All Students,451,589.0,191.0,42.4,148.0,32.8,73.0,16.2,39.0,8.6,112.0,24.8,0.95,0.95,1,1
School,09X232,I.S. 232,All Grades,2018,All Students,430,589.0,182.0,42.3,134.0,31.2,79.0,18.4,35.0,8.1,114.0,26.5,0.95,0.95,1,1
School,09X236,P.S. 236 LANGSTON HUGHES,All Grades,2022,All Students,82,601.0,11.0,13.4,34.0,41.5,25.0,30.5,12.0,14.6,37.0,45.1,0.95,0.929,1,1
School,09X236,P.S. 236 LANGSTON HUGHES,All Grades,2019,All Students,142,597.0,31.0,21.8,59.0,41.5,48.0,33.8,4.0,2.8,52.0,36.6,0.95,0.929,1,1
School,09X236,P.S. 236 LANGSTON HUGHES,All Grades,2018,All Students,120,593.0,36.0,30.0,47.0,39.2,32.0,26.7,5.0,4.2,37.0,30.8,0.95,0.929,1,1
School,09X241,URBAN ASSEMBLY SCHOOL FOR APPLIED MATH AND SCIENCE,All Grades,2022,All Students,180,591.0,70.0,38.9,66.0,36.7,31.0,17.2,13.0,7.2,44.0,24.4,0.946,0.909,1,1
School,09X241,URBAN ASSEMBLY SCHOOL FOR APPLIED MATH AND SCIENCE,All Grades,2019,All Students,242,592.0,84.0,34.7,96.0,39.7,46.0,19.0,16.0,6.6,62.0,25.6,0.946,0.909,1,1
School,09X241,URBAN ASSEMBLY SCHOOL FOR APPLIED MATH AND SCIENCE,All Grades,2018,All Students,235,594.0,77.0,32.8,86.0,36.6,56.0,23.8,16.0,6.8,72.0,30.6,0.946,0.909,1,1
School,09X274,THE NEW AMERICAN ACADEMY AT ROBERTO CLEMENTE STATE,All Grades,2022,All Students,185,583.0,113.0,61.1,60.0,32.4,10.0,5.4,2.0,1.1,12.0,6.5,0.95,0.95,1,1
School,09X274,THE NEW AMERICAN ACADEMY AT ROBERTO CLEMENTE STATE,All Grades,2019,All Students,290,589.0,123.0,42.4,92.0,31.7,66.0,22.8,9.0,3.1,75.0,25.9,0.95,0.95,1,1
School,09X274,THE NEW AMERICAN ACADEMY AT ROBERTO CLEMENTE STATE,All Grades,2018,All Students,321,587.0,147.0,45.8,120.0,37.4,45.0,14.0,9.0,2.8,54.0,16.8,0.95,0.95,1,1
School,09X294,THE WALTON AVENUE SCHOOL,All Grades,2022,All Students,130,594.0,28.0,21.5,64.0,49.2,29.0,22.3,9.0,6.9,38.0,29.2,0.942,0.95,1,1
School,09X294,THE WALTON AVENUE SCHOOL,All Grades,2019,All Students,140,610.0,9.0,6.4,27.0,19.3,75.0,53.6,29.0,20.7,104.0,74.3,0.942,0.95,1,1
School,09X294,THE WALTON AVENUE SCHOOL,All Grades,2018,All Students,143,613.0,8.0,5.6,36.0,25.2,62.0,43.4,37.0,25.9,99.0,69.2,0.942,0.95,1,1
School,09X303,I.S. X303 LEADERSHIP & COMMUNITY SERVICE,All Grades,2022,All Students,60,591.0,23.0,38.3,19.0,31.7,12.0,20.0,6.0,10.0,18.0,30.0,0.95,0.93,1,1
School,09X303,I.S. X303 LEADERSHIP & COMMUNITY SERVICE,All Grades,2019,All Students,291,596.0,83.0,28.5,106.0,36.4,71.0,24.4,31.0,10.7,102.0,35.1,0.95,0.93,1,1
School,09X303,I.S. X303 LEADERSHIP & COMMUNITY SERVICE,All Grades,2018,All Students,278,599.0,60.0,21.6,90.0,32.4,101.0,36.3,27.0,9.7,128.0,46.0,0.95,0.93,1,1
School,09X311,LUCERO ELEMENTARY SCHOOL,All Grades,2022,All Students,96,596.0,30.0,31.3,31.0,32.3,23.0,24.0,12.0,12.5,35.0,36.5,0.95,0.95,1,1
School,09X311,LUCERO ELEMENTARY SCHOOL,All Grades,2019,All Students,157,597.0,42.0,26.8,55.0,35.0,50.0,31.8,10.0,6.4,60.0,38.2,0.95,0.95,1,1
School,09X311,LUCERO ELEMENTARY SCHOOL,All Grades,2018,All Students,163,596.0,49.0,30.1,52.0,31.9,53.0,32.5,9.0,5.5,62.0,38.0,0.95,0.95,1,1
School,09X313,I.S. 313 SCHOOL OF LEADERSHIP DEVELOPMENT,All Grades,2022,All Students,185,591.0,73.0,39.5,60.0,32.4,42.0,22.7,10.0,5.4,52.0,28.1,0.927,0.95,1,1
School,09X313,I.S. 313 SCHOOL OF LEADERSHIP DEVELOPMENT,All Grades,2019,All Students,241,585.0,127.0,52.7,71.0,29.5,29.0,12.0,14.0,5.8,43.0,17.8,0.927,0.95,1,1
School,09X313,I.S. 313 SCHOOL OF LEADERSHIP DEVELOPMENT,All Grades,2018,All Students,266,584.0,142.0,53.4,86.0,32.3,30.0,11.3,8.0,3.0,38.0,14.3,0.927,0.95,1,1
School,09X323,BRONX WRITING ACADEMY,All Grades,2022,All Students,285,595.0,80.0,28.1,94.0,33.0,66.0,23.2,45.0,15.8,111.0,38.9,0.928,0.947,1,1
School,09X323,BRONX WRITING ACADEMY,All Grades,2019,All Students,355,591.0,138.0,38.9,122.0,34.4,62.0,17.5,33.0,9.3,95.0,26.8,0.928,0.947,1,1
School,09X323,BRONX WRITING ACADEMY,All Grades,2018,All Students,401,590.0,163.0,40.6,127.0,31.7,76.0,19.0,35.0,8.7,111.0,27.7,0.928,0.947,1,1
School,09X324,BRONX EARLY COLLEGE ACADEMY FOR TEACHING & LEARNIN,All Grades,2022,All Students,90,603.0,10.0,11.1,31.0,34.4,33.0,36.7,16.0,17.8,49.0,54.4,0.886,0.897,1,1
School,09X324,BRONX EARLY COLLEGE ACADEMY FOR TEACHING & LEARNIN,All Grades,2019,All Students,200,590.0,73.0,36.5,78.0,39.0,41.0,20.5,8.0,4.0,49.0,24.5,0.886,0.897,1,1
School,09X324,BRONX EARLY COLLEGE ACADEMY FOR TEACHING & LEARNIN,All Grades,2018,All Students,220,595.0,76.0,34.5,88.0,40.0,35.0,15.9,21.0,9.5,56.0,25.5,0.886,0.897,1,1
School,09X327,COMPREHENSIVE MODEL SCHOOL PROJECT M.S. 327,All Grades,2022,All Students,265,599.0,66.0,24.9,85.0,32.1,74.0,27.9,40.0,15.1,114.0,43.0,0.893,0.912,1,1
School,09X327,COMPREHENSIVE MODEL SCHOOL PROJECT M.S. 327,All Grades,2019,All Students,289,599.0,69.0,23.9,102.0,35.3,73.0,25.3,45.0,15.6,118.0,40.8,0.893,0.912,1,1
School,09X327,COMPREHENSIVE MODEL SCHOOL PROJECT M.S. 327,All Grades,2018,All Students,282,600.0,52.0,18.4,114.0,40.4,74.0,26.2,42.0,14.9,116.0,41.1,0.893,0.912,1,1
School,09X328,NEW MILLENNIUM BRONX ACADEMY OF THE ARTS,All Grades,2022,All Students,189,594.0,52.0,27.5,68.0,36.0,50.0,26.5,19.0,10.1,69.0,36.5,0.893,0.929,1,1
School,09X328,NEW MILLENNIUM BRONX ACADEMY OF THE ARTS,All Grades,2019,All Students,271,586.0,129.0,47.6,94.0,34.7,39.0,14.4,9.0,3.3,48.0,17.7,0.893,0.929,1,1
School,09X328,NEW MILLENNIUM BRONX ACADEMY OF THE ARTS,All Grades,2018,All Students,218,589.0,86.0,39.4,93.0,42.7,30.0,13.8,9.0,4.1,39.0,17.9,0.893,0.929,1,1
School,09X339,I.S. 339,All Grades,2022,All Students,197,594.0,61.0,31.0,73.0,37.1,49.0,24.9,14.0,7.1,63.0,32.0,0.933,0.95,1,1
School,09X339,I.S. 339,All Grades,2019,All Students,396,588.0,182.0,46.0,130.0,32.8,54.0,13.6,30.0,7.6,84.0,21.2,0.933,0.95,1,1
School,09X339,I.S. 339,All Grades,2018,All Students,422,590.0,187.0,44.3,135.0,32.0,79.0,18.7,21.0,5.0,100.0,23.7,0.933,0.95,1,1
School,09X361,THE HIGHBRIDGE GREEN SCHOOL,All Grades,2022,All Students,172,594.0,62.0,36.0,53.0,30.8,39.0,22.7,18.0,10.5,57.0,33.1,0.95,0.948,1,1
School,09X361,THE HIGHBRIDGE GREEN SCHOOL,All Grades,2019,All Students,367,590.0,149.0,40.6,124.0,33.8,80.0,21.8,14.0,3.8,94.0,25.6,0.95,0.948,1,1
School,09X361,THE HIGHBRIDGE GREEN SCHOOL,All Grades,2018,All Students,372,593.0,122.0,32.8,146.0,39.2,86.0,23.1,18.0,4.8,104.0,28.0,0.95,0.948,1,1
School,09X413,BRONX HIGH SCHOOL FOR MEDICAL SCIENCE,All Grades,2022,All Students,143,600.0,32.0,22.4,43.0,30.1,44.0,30.8,24.0,16.8,68.0,47.6,0.84,0.9,1,1
School,09X413,BRONX HIGH SCHOOL FOR MEDICAL SCIENCE,All Grades,2019,All Students,143,600.0,34.0,23.8,47.0,32.9,34.0,23.8,28.0,19.6,62.0,43.4,0.84,0.9,1,1
School,09X413,BRONX HIGH SCHOOL FOR MEDICAL SCIENCE,All Grades,2018,All Students,138,602.0,29.0,21.0,47.0,34.1,32.0,23.2,30.0,21.7,62.0,44.9,0.84,0.9,1,1
School,09X443,THE FAMILY SCHOOL,All Grades,2022,All Students,166,595.0,47.0,28.3,70.0,42.2,39.0,23.5,10.0,6.0,49.0,29.5,0.93,0.95,1,1
School,09X443,THE FAMILY SCHOOL,All Grades,2019,All Students,207,595.0,56.0,27.1,81.0,39.1,55.0,26.6,15.0,7.2,70.0,33.8,0.93,0.95,1,1
School,09X443,THE FAMILY SCHOOL,All Grades,2018,All Students,206,594.0,56.0,27.2,86.0,41.7,51.0,24.8,13.0,6.3,64.0,31.1,0.93,0.95,1,1
School,09X449,GRANT AVENUE ELEMENTARY SCHOOL,All Grades,2022,All Students,176,594.0,60.0,34.1,59.0,33.5,39.0,22.2,18.0,10.2,57.0,32.4,0.947,0.921,1,1
School,09X449,GRANT AVENUE ELEMENTARY SCHOOL,All Grades,2019,All Students,198,594.0,71.0,35.9,54.0,27.3,57.0,28.8,16.0,8.1,73.0,36.9,0.947,0.921,1,1
School,09X449,GRANT AVENUE ELEMENTARY SCHOOL,All Grades,2018,All Students,186,596.0,47.0,25.3,74.0,39.8,51.0,27.4,14.0,7.5,65.0,34.9,0.947,0.921,1,1
School,09X454,SCIENCE AND TECHNOLOGY ACADEMY: A MOTT HALL SCHOOL,All Grades,2022,All Students,341,605.0,49.0,14.4,93.0,27.3,103.0,30.2,96.0,28.2,199.0,58.4,0.942,0.877,1,1
School,09X454,SCIENCE AND TECHNOLOGY ACADEMY: A MOTT HALL SCHOOL,All Grades,2019,All Students,406,602.0,64.0,15.8,134.0,33.0,128.0,31.5,80.0,19.7,208.0,51.2,0.942,0.877,1,1
School,09X454,SCIENCE AND TECHNOLOGY ACADEMY: A MOTT HALL SCHOOL,All Grades,2018,All Students,421,601.0,76.0,18.1,155.0,36.8,115.0,27.3,75.0,17.8,190.0,45.1,0.942,0.877,1,1
School,09X457,SHERIDAN ACADEMY FOR YOUNG LEADERS,All Grades,2022,All Students,150,591.0,57.0,38.0,62.0,41.3,29.0,19.3,2.0,1.3,31.0,20.7,0.95,0.931,1,1
School,09X457,SHERIDAN ACADEMY FOR YOUNG LEADERS,All Grades,2019,All Students,221,590.0,73.0,33.0,80.0,36.2,61.0,27.6,7.0,3.2,68.0,30.8,0.95,0.931,1,1
School,09X457,SHERIDAN ACADEMY FOR YOUNG LEADERS,All Grades,2018,All Students,233,592.0,85.0,36.5,81.0,34.8,58.0,24.9,9.0,3.9,67.0,28.8,0.95,0.931,1,1
School,09X505,"BRONX SCHOOL FOR LAW, GOVERNMENT AND JUSTICE",All Grades,2022,All Students,236,603.0,35.0,14.8,73.0,30.9,86.0,36.4,42.0,17.8,128.0,54.2,0.872,0.86,1,1
School,09X505,"BRONX SCHOOL FOR LAW, GOVERNMENT AND JUSTICE",All Grades,2019,All Students,261,601.0,47.0,18.0,84.0,32.2,84.0,32.2,46.0,17.6,130.0,49.8,0.872,0.86,1,1
School,09X505,"BRONX SCHOOL FOR LAW, GOVERNMENT AND JUSTICE",All Grades,2018,All Students,258,604.0,40.0,15.5,77.0,29.8,83.0,32.2,58.0,22.5,141.0,54.7,0.872,0.86,1,1
School,09X555,MOUNT EDEN CHILDREN'S ACADEMY,All Grades,2022,All Students,171,598.0,33.0,19.3,72.0,42.1,54.0,31.6,12.0,7.0,66.0,38.6,0.939,0.88,1,1
School,09X555,MOUNT EDEN CHILDREN'S ACADEMY,All Grades,2019,All Students,188,598.0,44.0,23.4,70.0,37.2,54.0,28.7,20.0,10.6,74.0,39.4,0.939,0.88,1,1
School,09X555,MOUNT EDEN CHILDREN'S ACADEMY,All Grades,2018,All Students,172,600.0,31.0,18.0,70.0,40.7,53.0,30.8,18.0,10.5,71.0,41.3,0.939,0.88,1,1
School,09X568,YOUNG WOMEN'S LEADERSHIP SCHOOL OF THE BRONX,All Grades,2022,All Students,195,602.0,37.0,19.0,48.0,24.6,68.0,34.9,42.0,21.5,110.0,56.4,0.847,0.821,1,1
School,09X568,YOUNG WOMEN'S LEADERSHIP SCHOOL OF THE BRONX,All Grades,2019,All Students,222,605.0,27.0,12.2,72.0,32.4,76.0,34.2,47.0,21.2,123.0,55.4,0.847,0.821,1,1
School,09X568,YOUNG WOMEN'S LEADERSHIP SCHOOL OF THE BRONX,All Grades,2018,All Students,222,606.0,22.0,9.9,71.0,32.0,77.0,34.7,52.0,23.4,129.0,58.1,0.847,0.821,1,1
School,09X593,SOUTH BRONX INTERNATIONAL MIDDLE SCHOOL,All Grades,2022,All Students,103,578.0,71.0,68.9,16.0,15.5,12.0,11.7,4.0,3.9,16.0,15.5,0.911,0.95,1,1
School,09X593,SOUTH BRONX INTERNATIONAL MIDDLE SCHOOL,All Grades,2019,All Students,30,559.0,26.0,86.7,4.0,13.3,0.0,0.0,0.0,0.0,0.0,0.0,0.911,0.95,1,1
School,09X594,NEW PATHWAYS ACADEMY,All Grades,2022,All Students,160,596.0,46.0,28.8,59.0,36.9,40.0,25.0,15.0,9.4,55.0,34.4,0.95,0.95,1,1
School,09X594,NEW PATHWAYS ACADEMY,All Grades,2019,All Students,185,583.0,106.0,57.3,59.0,31.9,17.0,9.2,3.0,1.6,20.0,10.8,0.95,0.95,1,1
School,10X003,P.S. 3 RAUL JULIA MICRO SOCIETY,All Grades,2022,All Students,151,599.0,33.0,21.9,51.0,33.8,45.0,29.8,22.0,14.6,67.0,44.4,0.95,0.916,1,1
School,10X003,P.S. 3 RAUL JULIA MICRO SOCIETY,All Grades,2019,All Students,173,601.0,32.0,18.5,59.0,34.1,54.0,31.2,28.0,16.2,82.0,47.4,0.95,0.916,1,1
School,10X003,P.S. 3 RAUL JULIA MICRO SOCIETY,All Grades,2018,All Students,192,601.0,29.0,15.1,77.0,40.1,60.0,31.3,26.0,13.5,86.0,44.8,0.95,0.916,1,1
School,10X007,MILTON FEIN SCHOOL,All Grades,2022,All Students,194,611.0,23.0,11.9,39.0,20.1,71.0,36.6,61.0,31.4,132.0,68.0,0.805,0.752,1,1
School,10X007,MILTON FEIN SCHOOL,All Grades,2019,All Students,416,603.0,86.0,20.7,115.0,27.6,128.0,30.8,87.0,20.9,215.0,51.7,0.805,0.752,1,1
School,10X007,MILTON FEIN SCHOOL,All Grades,2018,All Students,482,603.0,115.0,23.9,129.0,26.8,148.0,30.7,90.0,18.7,238.0,49.4,0.805,0.752,1,1
School,10X008,P.S. 008 ISAAC VARIAN,All Grades,2022,All Students,293,591.0,115.0,39.2,97.0,33.1,63.0,21.5,18.0,6.1,81.0,27.6,0.876,0.86,1,1
School,10X008,P.S. 008 ISAAC VARIAN,All Grades,2019,All Students,448,592.0,158.0,35.3,148.0,33.0,109.0,24.3,33.0,7.4,142.0,31.7,0.876,0.86,1,1
School,10X008,P.S. 008 ISAAC VARIAN,All Grades,2018,All Students,490,594.0,163.0,33.3,179.0,36.5,114.0,23.3,34.0,6.9,148.0,30.2,0.876,0.86,1,1
School,10X009,P.S. 9 RYER AVENUE ELEMENTARY SCHOOL,All Grades,2022,All Students,279,588.0,128.0,45.9,90.0,32.3,45.0,16.1,16.0,5.7,61.0,21.9,0.933,0.95,1,1
School,10X009,P.S. 9 RYER AVENUE ELEMENTARY SCHOOL,All Grades,2019,All Students,387,594.0,126.0,32.6,119.0,30.7,110.0,28.4,32.0,8.3,142.0,36.7,0.933,0.95,1,1
School,10X009,P.S. 9 RYER AVENUE ELEMENTARY SCHOOL,All Grades,2018,All Students,376,592.0,147.0,39.1,118.0,31.4,80.0,21.3,31.0,8.2,111.0,29.5,0.933,0.95,1,1
School,10X015,P.S. X015 INSTITUTE FOR ENVIRONMENTAL LEARNING,All Grades,2022,All Students,276,598.0,65.0,23.6,95.0,34.4,86.0,31.2,30.0,10.9,116.0,42.0,0.789,0.867,1,1
School,10X015,P.S. X015 INSTITUTE FOR ENVIRONMENTAL LEARNING,All Grades,2019,All Students,309,602.0,60.0,19.4,89.0,28.8,111.0,35.9,49.0,15.9,160.0,51.8,0.789,0.867,1,1
School,10X015,P.S. X015 INSTITUTE FOR ENVIRONMENTAL LEARNING,All Grades,2018,All Students,315,602.0,52.0,16.5,116.0,36.8,102.0,32.4,45.0,14.3,147.0,46.7,0.789,0.867,1,1
School,10X020,"PS/MS 20 P.O.GEORGE J. WERDANN, III",All Grades,2022,All Students,519,594.0,171.0,32.9,179.0,34.5,106.0,20.4,63.0,12.1,169.0,32.6,0.95,0.886,1,1
School,10X020,"PS/MS 20 P.O.GEORGE J. WERDANN, III",All Grades,2019,All Students,629,592.0,221.0,35.1,219.0,34.8,141.0,22.4,48.0,7.6,189.0,30.0,0.95,0.886,1,1
School,10X020,"PS/MS 20 P.O.GEORGE J. WERDANN, III",All Grades,2018,All Students,675,593.0,204.0,30.2,273.0,40.4,149.0,22.1,49.0,7.3,198.0,29.3,0.95,0.886,1,1
School,10X023,P.S. 023 THE NEW CHILDREN'S SCHOOL,All Grades,2022,All Students,138,594.0,36.0,26.1,57.0,41.3,34.0,24.6,11.0,8.0,45.0,32.6,0.95,0.95,1,1
School,10X023,P.S. 023 THE NEW CHILDREN'S SCHOOL,All Grades,2019,All Students,171,591.0,63.0,36.8,69.0,40.4,35.0,20.5,4.0,2.3,39.0,22.8,0.95,0.95,1,1
School,10X023,P.S. 023 THE NEW CHILDREN'S SCHOOL,All Grades,2018,All Students,202,589.0,76.0,37.6,91.0,45.0,30.0,14.9,5.0,2.5,35.0,17.3,0.95,0.95,1,1
School,10X024,P.S. 024 SPUYTEN DUYVIL,All Grades,2022,All Students,231,619.0,7.0,3.0,33.0,14.3,86.0,37.2,105.0,45.5,191.0,82.7,0.283,0.26,0,0
School,10X024,P.S. 024 SPUYTEN DUYVIL,All Grades,2019,All Students,382,612.0,21.0,5.5,75.0,19.6,168.0,44.0,118.0,30.9,286.0,74.9,0.283,0.26,0,0
School,10X024,P.S. 024 SPUYTEN DUYVIL,All Grades,2018,All Students,406,614.0,30.0,7.4,81.0,20.0,149.0,36.7,146.0,36.0,295.0,72.7,0.283,0.26,0,0
School,10X032,P.S. 032 BELMONT,All Grades,2022,All Students,275,587.0,124.0,45.1,97.0,35.3,43.0,15.6,11.0,4.0,54.0,19.6,0.95,0.95,1,1
School,10X032,P.S. 032 BELMONT,All Grades,2019,All Students,375,590.0,134.0,35.7,153.0,40.8,71.0,18.9,17.0,4.5,88.0,23.5,0.95,0.95,1,1
School,10X032,P.S. 032 BELMONT,All Grades,2018,All Students,387,590.0,150.0,38.8,149.0,38.5,75.0,19.4,13.0,3.4,88.0,22.7,0.95,0.95,1,1
School,10X033,P.S. 033 TIMOTHY DWIGHT,All Grades,2022,All Students,318,590.0,139.0,43.7,92.0,28.9,61.0,19.2,26.0,8.2,87.0,27.4,0.925,0.95,1,1
School,10X033,P.S. 033 TIMOTHY DWIGHT,All Grades,2019,All Students,392,587.0,179.0,45.7,135.0,34.4,64.0,16.3,14.0,3.6,78.0,19.9,0.925,0.95,1,1
School,10X033,P.S. 033 TIMOTHY DWIGHT,All Grades,2018,All Students,399,593.0,132.0,33.1,149.0,37.3,95.0,23.8,23.0,5.8,118.0,29.6,0.925,0.95,1,1
School,10X037,P.S. X037 - MULTIPLE INTELLIGENCE SCHOOL,All Grades,2022,All Students,310,594.0,93.0,30.0,117.0,37.7,78.0,25.2,22.0,7.1,100.0,32.3,0.868,0.868,1,1
School,10X037,P.S. X037 - MULTIPLE INTELLIGENCE SCHOOL,All Grades,2019,All Students,400,594.0,122.0,30.5,153.0,38.3,92.0,23.0,33.0,8.3,125.0,31.3,0.868,0.868,1,1
School,10X037,P.S. X037 - MULTIPLE INTELLIGENCE SCHOOL,All Grades,2018,All Students,411,594.0,128.0,31.1,167.0,40.6,79.0,19.2,37.0,9.0,116.0,28.2,0.868,0.868,1,1
School,10X045,THOMAS C. GIORDANO MIDDLE SCHOOL 45,All Grades,2022,All Students,516,598.0,107.0,20.7,213.0,41.3,137.0,26.6,59.0,11.4,196.0,38.0,0.95,0.929,1,1
School,10X045,THOMAS C. GIORDANO MIDDLE SCHOOL 45,All Grades,2019,All Students,672,593.0,230.0,34.2,231.0,34.4,149.0,22.2,62.0,9.2,211.0,31.4,0.95,0.929,1,1
School,10X045,THOMAS C. GIORDANO MIDDLE SCHOOL 45,All Grades,2018,All Students,664,594.0,205.0,30.9,254.0,38.3,149.0,22.4,56.0,8.4,205.0,30.9,0.95,0.929,1,1
School,10X046,P.S. 046 EDGAR ALLAN POE,All Grades,2022,All Students,332,588.0,152.0,45.8,104.0,31.3,64.0,19.3,12.0,3.6,76.0,22.9,0.902,0.943,1,1
School,10X046,P.S. 046 EDGAR ALLAN POE,All Grades,2019,All Students,399,589.0,167.0,41.9,114.0,28.6,92.0,23.1,26.0,6.5,118.0,29.6,0.902,0.943,1,1
School,10X046,P.S. 046 EDGAR ALLAN POE,All Grades,2018,All Students,453,587.0,214.0,47.2,138.0,30.5,80.0,17.7,21.0,4.6,101.0,22.3,0.902,0.943,1,1
School,10X051,THE BRONX STEM AND ARTS ACADEMY,All Grades,2022,All Students,53,588.0,25.0,47.2,18.0,34.0,8.0,15.1,2.0,3.8,10.0,18.9,0.863,0.863,1,1
School,10X051,THE BRONX STEM AND ARTS ACADEMY,All Grades,2019,All Students,80,591.0,24.0,30.0,41.0,51.3,13.0,16.3,2.0,2.5,15.0,18.8,0.863,0.863,1,1
School,10X051,THE BRONX STEM AND ARTS ACADEMY,All Grades,2018,All Students,78,593.0,26.0,33.3,30.0,38.5,18.0,23.1,4.0,5.1,22.0,28.2,0.863,0.863,1,1
School,10X054,P.S./I.S. 54,All Grades,2022,All Students,167,590.0,66.0,39.5,59.0,35.3,31.0,18.6,11.0,6.6,42.0,25.1,0.95,0.935,1,1
School,10X054,P.S./I.S. 54,All Grades,2019,All Students,201,592.0,68.0,33.8,69.0,34.3,55.0,27.4,9.0,4.5,64.0,31.8,0.95,0.935,1,1
School,10X054,P.S./I.S. 54,All Grades,2018,All Students,185,590.0,72.0,38.9,77.0,41.6,32.0,17.3,4.0,2.2,36.0,19.5,0.95,0.935,1,1
School,10X056,P.S. 056 NORWOOD HEIGHTS,All Grades,2022,All Students,285,598.0,77.0,27.0,97.0,34.0,67.0,23.5,44.0,15.4,111.0,38.9,0.846,0.908,1,1
School,10X056,P.S. 056 NORWOOD HEIGHTS,All Grades,2019,All Students,313,606.0,49.0,15.7,78.0,24.9,122.0,39.0,64.0,20.4,186.0,59.4,0.846,0.908,1,1
School,10X056,P.S. 056 NORWOOD HEIGHTS,All Grades,2018,All Students,328,603.0,74.0,22.6,83.0,25.3,111.0,33.8,60.0,18.3,171.0,52.1,0.846,0.908,1,1
School,10X059,P.S. 059 THE COMMUNITY SCHOOL OF TECHNOLOGY,All Grades,2022,All Students,211,582.0,112.0,53.1,79.0,37.4,16.0,7.6,4.0,1.9,20.0,9.5,0.95,0.95,1,1
School,10X059,P.S. 059 THE COMMUNITY SCHOOL OF TECHNOLOGY,All Grades,2019,All Students,239,585.0,111.0,46.4,84.0,35.1,39.0,16.3,5.0,2.1,44.0,18.4,0.95,0.95,1,1
School,10X059,P.S. 059 THE COMMUNITY SCHOOL OF TECHNOLOGY,All Grades,2018,All Students,270,588.0,112.0,41.5,111.0,41.1,42.0,15.6,5.0,1.9,47.0,17.4,0.95,0.95,1,1
School,10X077,BEDFORD PARK ELEMENTARY SCHOOL,All Grades,2022,All Students,208,591.0,80.0,38.5,75.0,36.1,48.0,23.1,5.0,2.4,53.0,25.5,0.872,0.868,1,1
School,10X077,BEDFORD PARK ELEMENTARY SCHOOL,All Grades,2019,All Students,130,596.0,26.0,20.0,50.0,38.5,43.0,33.1,11.0,8.5,54.0,41.5,0.872,0.868,1,1
School,10X077,BEDFORD PARK ELEMENTARY SCHOOL,All Grades,2018,All Students,65,601.0,13.0,20.0,14.0,21.5,32.0,49.2,6.0,9.2,38.0,58.5,0.872,0.868,1,1
School,10X080,J.H.S. 080 THE MOSHOLU PARKWAY,All Grades,2022,All Students,513,595.0,173.0,33.7,147.0,28.7,114.0,22.2,79.0,15.4,193.0,37.6,0.899,0.907,1,1
School,10X080,J.H.S. 080 THE MOSHOLU PARKWAY,All Grades,2019,All Students,603,590.0,253.0,42.0,170.0,28.2,129.0,21.4,51.0,8.5,180.0,29.9,0.899,0.907,1,1
School,10X080,J.H.S. 080 THE MOSHOLU PARKWAY,All Grades,2018,All Students,631,591.0,256.0,40.6,175.0,27.7,141.0,22.3,59.0,9.4,200.0,31.7,0.899,0.907,1,1
School,10X081,P.S. 081 ROBERT J. CHRISTEN,All Grades,2022,All Students,207,609.0,25.0,12.1,49.0,23.7,78.0,37.7,55.0,26.6,133.0,64.3,0.45,0.401,0,0
School,10X081,P.S. 081 ROBERT J. CHRISTEN,All Grades,2019,All Students,276,610.0,32.0,11.6,56.0,20.3,114.0,41.3,74.0,26.8,188.0,68.1,0.45,0.401,0,0
School,10X081,P.S. 081 ROBERT J. CHRISTEN,All Grades,2018,All Students,246,611.0,13.0,5.3,60.0,24.4,115.0,46.7,58.0,23.6,173.0,70.3,0.45,0.401,0,0
School,10X085,P.S. 085 GREAT EXPECTATIONS,All Grades,2022,All Students,356,588.0,146.0,41.0,131.0,36.8,64.0,18.0,15.0,4.2,79.0,22.2,0.95,0.95,1,1
School,10X085,P.S. 085 GREAT EXPECTATIONS,All Grades,2019,All Students,407,587.0,188.0,46.2,126.0,31.0,74.0,18.2,19.0,4.7,93.0,22.9,0.95,0.95,1,1
School,10X085,P.S. 085 GREAT EXPECTATIONS,All Grades,2018,All Students,433,586.0,215.0,49.7,143.0,33.0,64.0,14.8,11.0,2.5,75.0,17.3,0.95,0.95,1,1
School,10X086,P.S. 086 KINGSBRIDGE HEIGHTS,All Grades,2022,All Students,728,594.0,269.0,37.0,213.0,29.3,162.0,22.3,84.0,11.5,246.0,33.8,0.883,0.924,1,1
School,10X086,P.S. 086 KINGSBRIDGE HEIGHTS,All Grades,2019,All Students,842,598.0,243.0,28.9,259.0,30.8,204.0,24.2,136.0,16.2,340.0,40.4,0.883,0.924,1,1
School,10X086,P.S. 086 KINGSBRIDGE HEIGHTS,All Grades,2018,All Students,885,597.0,258.0,29.2,276.0,31.2,227.0,25.6,124.0,14.0,351.0,39.7,0.883,0.924,1,1
School,10X091,P.S. 091 BRONX,All Grades,2022,All Students,223,587.0,105.0,47.1,76.0,34.1,33.0,14.8,9.0,4.0,42.0,18.8,0.95,0.944,1,1
School,10X091,P.S. 091 BRONX,All Grades,2019,All Students,328,590.0,127.0,38.7,112.0,34.1,77.0,23.5,12.0,3.7,89.0,27.1,0.95,0.944,1,1
School,10X091,P.S. 091 BRONX,All Grades,2018,All Students,341,592.0,121.0,35.5,123.0,36.1,75.0,22.0,22.0,6.5,97.0,28.4,0.95,0.944,1,1
School,10X094,P.S. 094 KINGS COLLEGE SCHOOL,All Grades,2022,All Students,449,584.0,212.0,47.2,179.0,39.9,52.0,11.6,6.0,1.3,58.0,12.9,0.934,0.924,1,1
School,10X094,P.S. 094 KINGS COLLEGE SCHOOL,All Grades,2019,All Students,539,586.0,252.0,46.8,174.0,32.3,90.0,16.7,23.0,4.3,113.0,21.0,0.934,0.924,1,1
School,10X094,P.S. 094 KINGS COLLEGE SCHOOL,All Grades,2018,All Students,551,588.0,235.0,42.6,194.0,35.2,101.0,18.3,21.0,3.8,122.0,22.1,0.934,0.924,1,1
School,10X095,P.S. 095 SHEILA MENCHER,All Grades,2022,All Students,649,594.0,230.0,35.4,203.0,31.3,131.0,20.2,85.0,13.1,216.0,33.3,0.823,0.866,1,1
School,10X095,P.S. 095 SHEILA MENCHER,All Grades,2019,All Students,831,596.0,247.0,29.7,281.0,33.8,213.0,25.6,90.0,10.8,303.0,36.5,0.823,0.866,1,1
School,10X095,P.S. 095 SHEILA MENCHER,All Grades,2018,All Students,852,598.0,209.0,24.5,315.0,37.0,232.0,27.2,96.0,11.3,328.0,38.5,0.823,0.866,1,1
School,10X118,J.H.S. 118 WILLIAM W. NILES,All Grades,2022,All Students,697,604.0,157.0,22.5,169.0,24.2,186.0,26.7,185.0,26.5,371.0,53.2,0.905,0.883,1,1
School,10X118,J.H.S. 118 WILLIAM W. NILES,All Grades,2019,All Students,1002,599.0,283.0,28.2,245.0,24.5,238.0,23.8,236.0,23.6,474.0,47.3,0.905,0.883,1,1
School,10X118,J.H.S. 118 WILLIAM W. NILES,All Grades,2018,All Students,1066,600.0,274.0,25.7,264.0,24.8,289.0,27.1,239.0,22.4,528.0,49.5,0.905,0.883,1,1
School,10X141,RIVERDALE / KINGSBRIDGE ACADEMY (MIDDLE SCHOOL / H,All Grades,2022,All Students,660,605.0,113.0,17.1,176.0,26.7,182.0,27.6,189.0,28.6,371.0,56.2,0.523,0.484,0,0
School,10X141,RIVERDALE / KINGSBRIDGE ACADEMY (MIDDLE SCHOOL / H,All Grades,2019,All Students,686,603.0,137.0,20.0,174.0,25.4,194.0,28.3,181.0,26.4,375.0,54.7,0.523,0.484,0,0
School,10X141,RIVERDALE / KINGSBRIDGE ACADEMY (MIDDLE SCHOOL / H,All Grades,2018,All Students,661,603.0,137.0,20.7,172.0,26.0,196.0,29.7,156.0,23.6,352.0,53.3,0.523,0.484,0,0
School,10X159,P.S. 159 LUIS MUNOZ MARIN BILING,All Grades,2022,All Students,68,599.0,14.0,20.6,31.0,45.6,15.0,22.1,8.0,11.8,23.0,33.8,0.876,0.935,1,1
School,10X159,P.S. 159 LUIS MUNOZ MARIN BILING,All Grades,2019,All Students,98,599.0,21.0,21.4,33.0,33.7,30.0,30.6,14.0,14.3,44.0,44.9,0.876,0.935,1,1
School,10X159,P.S. 159 LUIS MUNOZ MARIN BILING,All Grades,2018,All Students,88,603.0,13.0,14.8,26.0,29.5,39.0,44.3,10.0,11.4,49.0,55.7,0.876,0.935,1,1
School,10X205,P.S. 205 FIORELLO LAGUARDIA,All Grades,2022,All Students,359,590.0,135.0,37.6,139.0,38.7,66.0,18.4,19.0,5.3,85.0,23.7,0.904,0.95,1,1
School,10X205,P.S. 205 FIORELLO LAGUARDIA,All Grades,2019,All Students,479,597.0,116.0,24.2,175.0,36.5,148.0,30.9,40.0,8.4,188.0,39.2,0.904,0.95,1,1
School,10X205,P.S. 205 FIORELLO LAGUARDIA,All Grades,2018,All Students,506,593.0,165.0,32.6,204.0,40.3,123.0,24.3,14.0,2.8,137.0,27.1,0.904,0.95,1,1
School,10X206,I.S. 206 ANN MERSEREAU,All Grades,2022,All Students,183,590.0,81.0,44.3,52.0,28.4,34.0,18.6,16.0,8.7,50.0,27.3,0.934,0.95,1,1
School,10X206,I.S. 206 ANN MERSEREAU,All Grades,2019,All Students,198,587.0,98.0,49.5,65.0,32.8,25.0,12.6,10.0,5.1,35.0,17.7,0.934,0.95,1,1
School,10X206,I.S. 206 ANN MERSEREAU,All Grades,2018,All Students,178,585.0,95.0,53.4,63.0,35.4,19.0,10.7,1.0,0.6,20.0,11.2,0.934,0.95,1,1
School,10X207,P.S. 207,All Grades,2022,All Students,161,581.0,89.0,55.3,58.0,36.0,13.0,8.1,1.0,0.6,14.0,8.7,0.914,0.897,1,1
School,10X207,P.S. 207,All Grades,2019,All Students,70,584.0,26.0,37.1,27.0,38.6,15.0,21.4,2.0,2.9,17.0,24.3,0.914,0.897,1,1
School,10X225,THEATRE ARTS PRODUCTION COMPANY SCHOOL,All Grades,2022,All Students,132,594.0,43.0,32.6,51.0,38.6,27.0,20.5,11.0,8.3,38.0,28.8,0.802,0.876,1,1
School,10X225,THEATRE ARTS PRODUCTION COMPANY SCHOOL,All Grades,2019,All Students,170,595.0,50.0,29.4,68.0,40.0,43.0,25.3,9.0,5.3,52.0,30.6,0.802,0.876,1,1
School,10X225,THEATRE ARTS PRODUCTION COMPANY SCHOOL,All Grades,2018,All Students,175,597.0,54.0,30.9,62.0,35.4,45.0,25.7,14.0,8.0,59.0,33.7,0.802,0.876,1,1
School,10X226,P.S. 226,All Grades,2022,All Students,150,592.0,48.0,32.0,65.0,43.3,33.0,22.0,4.0,2.7,37.0,24.7,0.95,0.936,1,1
School,10X226,P.S. 226,All Grades,2019,All Students,193,593.0,56.0,29.0,77.0,39.9,52.0,26.9,8.0,4.1,60.0,31.1,0.95,0.936,1,1
School,10X226,P.S. 226,All Grades,2018,All Students,178,591.0,58.0,32.6,67.0,37.6,41.0,23.0,12.0,6.7,53.0,29.8,0.95,0.936,1,1
School,10X228,JONAS BRONCK ACADEMY,All Grades,2022,All Students,257,610.0,27.0,10.5,49.0,19.1,87.0,33.9,94.0,36.6,181.0,70.4,0.867,0.838,1,1
School,10X228,JONAS BRONCK ACADEMY,All Grades,2019,All Students,263,606.0,33.0,12.5,71.0,27.0,91.0,34.6,68.0,25.9,159.0,60.5,0.867,0.838,1,1
School,10X228,JONAS BRONCK ACADEMY,All Grades,2018,All Students,265,607.0,21.0,7.9,85.0,32.1,96.0,36.2,63.0,23.8,159.0,60.0,0.867,0.838,1,1
School,10X243,WEST BRONX ACADEMY FOR THE FUTURE,All Grades,2022,All Students,277,592.0,98.0,35.4,104.0,37.5,52.0,18.8,23.0,8.3,75.0,27.1,0.946,0.925,1,1
School,10X243,WEST BRONX ACADEMY FOR THE FUTURE,All Grades,2019,All Students,265,593.0,93.0,35.1,86.0,32.5,66.0,24.9,20.0,7.5,86.0,32.5,0.946,0.925,1,1
School,10X243,WEST BRONX ACADEMY FOR THE FUTURE,All Grades,2018,All Students,271,595.0,86.0,31.7,94.0,34.7,66.0,24.4,25.0,9.2,91.0,33.6,0.946,0.925,1,1
School,10X244,THE NEW SCHOOL FOR LEADERSHIP AND JOURNALISM,All Grades,2022,All Students,568,604.0,82.0,14.4,181.0,31.9,170.0,29.9,135.0,23.8,305.0,53.7,0.95,0.887,1,1
School,10X244,THE NEW SCHOOL FOR LEADERSHIP AND JOURNALISM,All Grades,2019,All Students,680,598.0,175.0,25.7,220.0,32.4,168.0,24.7,117.0,17.2,285.0,41.9,0.95,0.887,1,1
School,10X244,THE NEW SCHOOL FOR LEADERSHIP AND JOURNALISM,All Grades,2018,All Students,696,598.0,169.0,24.3,252.0,36.2,195.0,28.0,80.0,11.5,275.0,39.5,0.95,0.887,1,1
School,10X246,P.S. 246 POE CENTER,All Grades,2022,All Students,246,585.0,128.0,52.0,70.0,28.5,37.0,15.0,11.0,4.5,48.0,19.5,0.924,0.945,1,1
School,10X246,P.S. 246 POE CENTER,All Grades,2019,All Students,328,587.0,136.0,41.5,116.0,35.4,67.0,20.4,9.0,2.7,76.0,23.2,0.924,0.945,1,1
School,10X246,P.S. 246 POE CENTER,All Grades,2018,All Students,377,586.0,182.0,48.3,126.0,33.4,63.0,16.7,6.0,1.6,69.0,18.3,0.924,0.945,1,1
School,10X254,I.S. 254,All Grades,2022,All Students,425,595.0,130.0,30.6,155.0,36.5,98.0,23.1,42.0,9.9,140.0,32.9,0.897,0.933,1,1
School,10X254,I.S. 254,All Grades,2019,All Students,453,588.0,209.0,46.1,151.0,33.3,68.0,15.0,25.0,5.5,93.0,20.5,0.897,0.933,1,1
School,10X254,I.S. 254,All Grades,2018,All Students,411,592.0,159.0,38.7,142.0,34.5,71.0,17.3,39.0,9.5,110.0,26.8,0.897,0.933,1,1
School,10X279,"P.S. 279 CAPTAIN MANUEL RIVERA, JR.",All Grades,2022,All Students,568,596.0,168.0,29.6,196.0,34.5,131.0,23.1,73.0,12.9,204.0,35.9,0.95,0.95,1,1
School,10X279,"P.S. 279 CAPTAIN MANUEL RIVERA, JR.",All Grades,2019,All Students,696,593.0,243.0,34.9,234.0,33.6,158.0,22.7,61.0,8.8,219.0,31.5,0.95,0.95,1,1
School,10X279,"P.S. 279 CAPTAIN MANUEL RIVERA, JR.",All Grades,2018,All Students,720,593.0,231.0,32.1,297.0,41.3,139.0,19.3,53.0,7.4,192.0,26.7,0.95,0.95,1,1
School,10X280,P.S./M.S. 280 MOSHOLU PARKWAY,All Grades,2022,All Students,452,597.0,126.0,27.9,150.0,33.2,117.0,25.9,59.0,13.1,176.0,38.9,0.94,0.892,1,1
School,10X280,P.S./M.S. 280 MOSHOLU PARKWAY,All Grades,2019,All Students,548,595.0,158.0,28.8,188.0,34.3,151.0,27.6,51.0,9.3,202.0,36.9,0.94,0.892,1,1
School,10X280,P.S./M.S. 280 MOSHOLU PARKWAY,All Grades,2018,All Students,576,597.0,154.0,26.7,215.0,37.3,151.0,26.2,56.0,9.7,207.0,35.9,0.94,0.892,1,1
School,10X291,P.S. 291,All Grades,2022,All Students,234,593.0,70.0,29.9,99.0,42.3,51.0,21.8,14.0,6.0,65.0,27.8,0.95,0.935,1,1
School,10X291,P.S. 291,All Grades,2019,All Students,288,596.0,90.0,31.3,89.0,30.9,75.0,26.0,34.0,11.8,109.0,37.8,0.95,0.935,1,1
School,10X291,P.S. 291,All Grades,2018,All Students,304,599.0,67.0,22.0,118.0,38.8,86.0,28.3,33.0,10.9,119.0,39.1,0.95,0.935,1,1
School,10X306,P.S. 306,All Grades,2022,All Students,245,589.0,107.0,43.7,93.0,38.0,38.0,15.5,7.0,2.9,45.0,18.4,0.891,0.947,1,1
School,10X306,P.S. 306,All Grades,2019,All Students,313,591.0,118.0,37.7,92.0,29.4,90.0,28.8,13.0,4.2,103.0,32.9,0.891,0.947,1,1
School,10X306,P.S. 306,All Grades,2018,All Students,357,589.0,151.0,42.3,113.0,31.7,82.0,23.0,11.0,3.1,93.0,26.1,0.891,0.947,1,1
School,10X307,LUISA PINEIRO FUENTES SCHOOL OF SCIENCE AND DISCOV,All Grades,2022,All Students,124,589.0,57.0,46.0,37.0,29.8,20.0,16.1,10.0,8.1,30.0,24.2,0.842,0.9,1,1
School,10X307,LUISA PINEIRO FUENTES SCHOOL OF SCIENCE AND DISCOV,All Grades,2019,All Students,162,592.0,54.0,33.3,62.0,38.3,37.0,22.8,9.0,5.6,46.0,28.4,0.842,0.9,1,1
School,10X307,LUISA PINEIRO FUENTES SCHOOL OF SCIENCE AND DISCOV,All Grades,2018,All Students,166,591.0,61.0,36.7,57.0,34.3,40.0,24.1,8.0,4.8,48.0,28.9,0.842,0.9,1,1
School,10X308,BRONX DANCE ACADEMY SCHOOL,All Grades,2022,All Students,221,602.0,44.0,19.9,66.0,29.9,67.0,30.3,44.0,19.9,111.0,50.2,0.923,0.889,1,1
School,10X308,BRONX DANCE ACADEMY SCHOOL,All Grades,2019,All Students,246,600.0,50.0,20.3,82.0,33.3,73.0,29.7,41.0,16.7,114.0,46.3,0.923,0.889,1,1
School,10X308,BRONX DANCE ACADEMY SCHOOL,All Grades,2018,All Students,244,600.0,50.0,20.5,89.0,36.5,74.0,30.3,31.0,12.7,105.0,43.0,0.923,0.889,1,1
School,10X310,P.S. 310 MARBLE HILL,All Grades,2022,All Students,232,590.0,91.0,39.2,73.0,31.5,47.0,20.3,21.0,9.1,68.0,29.3,0.939,0.879,1,1
School,10X310,P.S. 310 MARBLE HILL,All Grades,2019,All Students,287,595.0,81.0,28.2,96.0,33.4,85.0,29.6,25.0,8.7,110.0,38.3,0.939,0.879,1,1
School,10X310,P.S. 310 MARBLE HILL,All Grades,2018,All Students,320,593.0,104.0,32.5,121.0,37.8,77.0,24.1,18.0,5.6,95.0,29.7,0.939,0.879,1,1
School,10X315,P.S. 315 LAB SCHOOL,All Grades,2022,All Students,141,602.0,21.0,14.9,51.0,36.2,44.0,31.2,25.0,17.7,69.0,48.9,0.939,0.919,1,1
School,10X315,P.S. 315 LAB SCHOOL,All Grades,2019,All Students,159,600.0,36.0,22.6,53.0,33.3,46.0,28.9,24.0,15.1,70.0,44.0,0.939,0.919,1,1
School,10X315,P.S. 315 LAB SCHOOL,All Grades,2018,All Students,168,600.0,35.0,20.8,62.0,36.9,54.0,32.1,17.0,10.1,71.0,42.3,0.939,0.919,1,1
School,10X331,THE BRONX SCHOOL OF YOUNG LEADERS,All Grades,2022,All Students,335,596.0,102.0,30.4,106.0,31.6,81.0,24.2,46.0,13.7,127.0,37.9,0.864,0.924,1,1
School,10X331,THE BRONX SCHOOL OF YOUNG LEADERS,All Grades,2019,All Students,384,593.0,140.0,36.5,123.0,32.0,73.0,19.0,48.0,12.5,121.0,31.5,0.864,0.924,1,1
School,10X331,THE BRONX SCHOOL OF YOUNG LEADERS,All Grades,2018,All Students,347,595.0,107.0,30.8,135.0,38.9,71.0,20.5,34.0,9.8,105.0,30.3,0.864,0.924,1,1
School,10X340,P.S. 340,All Grades,2022,All Students,213,593.0,71.0,33.3,67.0,31.5,63.0,29.6,12.0,5.6,75.0,35.2,0.848,0.891,1,1
School,10X340,P.S. 340,All Grades,2019,All Students,272,594.0,86.0,31.6,97.0,35.7,77.0,28.3,12.0,4.4,89.0,32.7,0.848,0.891,1,1
School,10X340,P.S. 340,All Grades,2018,All Students,278,594.0,92.0,33.1,101.0,36.3,62.0,22.3,23.0,8.3,85.0,30.6,0.848,0.891,1,1
School,10X342,INTERNATIONAL SCHOOL FOR LIBERAL ARTS,All Grades,2022,All Students,102,583.0,54.0,52.9,29.0,28.4,15.0,14.7,4.0,3.9,19.0,18.6,0.95,0.95,1,1
School,10X342,INTERNATIONAL SCHOOL FOR LIBERAL ARTS,All Grades,2019,All Students,134,580.0,88.0,65.7,25.0,18.7,14.0,10.4,7.0,5.2,21.0,15.7,0.95,0.95,1,1
School,10X342,INTERNATIONAL SCHOOL FOR LIBERAL ARTS,All Grades,2018,All Students,120,587.0,60.0,50.0,34.0,28.3,22.0,18.3,4.0,3.3,26.0,21.7,0.95,0.95,1,1
School,10X344,AMPARK NEIGHBORHOOD,All Grades,2022,All Students,131,601.0,21.0,16.0,52.0,39.7,38.0,29.0,20.0,15.3,58.0,44.3,0.532,0.478,0,0
School,10X344,AMPARK NEIGHBORHOOD,All Grades,2019,All Students,171,603.0,21.0,12.3,59.0,34.5,62.0,36.3,29.0,17.0,91.0,53.2,0.532,0.478,0,0
School,10X344,AMPARK NEIGHBORHOOD,All Grades,2018,All Students,190,604.0,30.0,15.8,63.0,33.2,72.0,37.9,25.0,13.2,97.0,51.1,0.532,0.478,0,0
School,10X360,P.S. 360,All Grades,2022,All Students,154,583.0,83.0,53.9,51.0,33.1,18.0,11.7,2.0,1.3,20.0,13.0,0.935,0.882,1,1
School,10X360,P.S. 360,All Grades,2019,All Students,176,593.0,61.0,34.7,56.0,31.8,39.0,22.2,20.0,11.4,59.0,33.5,0.935,0.882,1,1
School,10X360,P.S. 360,All Grades,2018,All Students,185,595.0,67.0,36.2,42.0,22.7,62.0,33.5,14.0,7.6,76.0,41.1,0.935,0.882,1,1
School,10X363,ACADEMY FOR PERSONAL LEADERSHIP AND EXCELLENCE,All Grades,2022,All Students,631,593.0,215.0,34.1,220.0,34.9,149.0,23.6,47.0,7.4,196.0,31.1,0.924,0.933,1,1
School,10X363,ACADEMY FOR PERSONAL LEADERSHIP AND EXCELLENCE,All Grades,2019,All Students,514,590.0,216.0,42.0,161.0,31.3,90.0,17.5,47.0,9.1,137.0,26.7,0.924,0.933,1,1
School,10X363,ACADEMY FOR PERSONAL LEADERSHIP AND EXCELLENCE,All Grades,2018,All Students,502,591.0,193.0,38.4,192.0,38.2,95.0,18.9,22.0,4.4,117.0,23.3,0.924,0.933,1,1
School,10X368,IN-TECH ACADEMY (M.S. / HIGH SCHOOL 368),All Grades,2022,All Students,336,600.0,85.0,25.3,98.0,29.2,93.0,27.7,60.0,17.9,153.0,45.5,0.863,0.809,1,1
School,10X368,IN-TECH ACADEMY (M.S. / HIGH SCHOOL 368),All Grades,2019,All Students,455,594.0,156.0,34.3,131.0,28.8,90.0,19.8,78.0,17.1,168.0,36.9,0.863,0.809,1,1
School,10X368,IN-TECH ACADEMY (M.S. / HIGH SCHOOL 368),All Grades,2018,All Students,450,596.0,132.0,29.3,147.0,32.7,106.0,23.6,65.0,14.4,171.0,38.0,0.863,0.809,1,1
School,10X382,"ELEMENTARY SCHOOL FOR MATH, SCIENCE, AND TECHNOLOG",All Grades,2022,All Students,127,581.0,77.0,60.6,40.0,31.5,8.0,6.3,2.0,1.6,10.0,7.9,0.95,0.95,1,1
School,10X382,"ELEMENTARY SCHOOL FOR MATH, SCIENCE, AND TECHNOLOG",All Grades,2019,All Students,146,588.0,61.0,41.8,52.0,35.6,28.0,19.2,5.0,3.4,33.0,22.6,0.95,0.95,1,1
School,10X382,"ELEMENTARY SCHOOL FOR MATH, SCIENCE, AND TECHNOLOG",All Grades,2018,All Students,139,589.0,58.0,41.7,49.0,35.3,28.0,20.1,4.0,2.9,32.0,23.0,0.95,0.95,1,1
School,10X386,SCHOOL FOR ENVIRONMENTAL CITIZENSHIP,All Grades,2022,All Students,192,588.0,85.0,44.3,63.0,32.8,35.0,18.2,9.0,4.7,44.0,22.9,0.95,0.95,1,1
School,10X386,SCHOOL FOR ENVIRONMENTAL CITIZENSHIP,All Grades,2019,All Students,261,587.0,113.0,43.3,87.0,33.3,49.0,18.8,12.0,4.6,61.0,23.4,0.95,0.95,1,1
School,10X386,SCHOOL FOR ENVIRONMENTAL CITIZENSHIP,All Grades,2018,All Students,243,587.0,116.0,47.7,81.0,33.3,38.0,15.6,8.0,3.3,46.0,18.9,0.95,0.95,1,1
School,10X390,M.S. 390,All Grades,2022,All Students,420,597.0,111.0,26.4,148.0,35.2,106.0,25.2,55.0,13.1,161.0,38.3,0.95,0.934,1,1
School,10X390,M.S. 390,All Grades,2019,All Students,473,590.0,185.0,39.1,165.0,34.9,96.0,20.3,27.0,5.7,123.0,26.0,0.95,0.934,1,1
School,10X390,M.S. 390,All Grades,2018,All Students,477,593.0,165.0,34.6,161.0,33.8,108.0,22.6,43.0,9.0,151.0,31.7,0.95,0.934,1,1
School,10X391,THE ANGELO PATRI MIDDLE SCHOOL,All Grades,2022,All Students,338,588.0,151.0,44.7,95.0,28.1,71.0,21.0,21.0,6.2,92.0,27.2,0.924,0.95,1,1
School,10X391,THE ANGELO PATRI MIDDLE SCHOOL,All Grades,2019,All Students,422,581.0,252.0,59.7,112.0,26.5,40.0,9.5,18.0,4.3,58.0,13.7,0.924,0.95,1,1
School,10X391,THE ANGELO PATRI MIDDLE SCHOOL,All Grades,2018,All Students,483,584.0,262.0,54.2,141.0,29.2,62.0,12.8,18.0,3.7,80.0,16.6,0.924,0.95,1,1
School,10X396,P.S. 396,All Grades,2022,All Students,87,593.0,25.0,28.7,41.0,47.1,15.0,17.2,6.0,6.9,21.0,24.1,0.931,0.926,1,1
School,10X396,P.S. 396,All Grades,2019,All Students,119,589.0,51.0,42.9,38.0,31.9,24.0,20.2,6.0,5.0,30.0,25.2,0.931,0.926,1,1
School,10X396,P.S. 396,All Grades,2018,All Students,144,585.0,73.0,50.7,45.0,31.3,20.0,13.9,6.0,4.2,26.0,18.1,0.931,0.926,1,1
School,10X447,CRESTON ACADEMY,All Grades,2022,All Students,401,595.0,138.0,34.4,110.0,27.4,94.0,23.4,59.0,14.7,153.0,38.2,0.95,0.95,1,1
School,10X447,CRESTON ACADEMY,All Grades,2019,All Students,432,595.0,132.0,30.6,152.0,35.2,105.0,24.3,43.0,10.0,148.0,34.3,0.95,0.95,1,1
School,10X447,CRESTON ACADEMY,All Grades,2018,All Students,427,595.0,139.0,32.6,146.0,34.2,102.0,23.9,40.0,9.4,142.0,33.3,0.95,0.95,1,1
School,11X016,P.S. 016 WAKEFIELD,All Grades,2022,All Students,114,591.0,45.0,39.5,44.0,38.6,18.0,15.8,7.0,6.1,25.0,21.9,0.937,0.828,1,1
School,11X016,P.S. 016 WAKEFIELD,All Grades,2019,All Students,171,597.0,41.0,24.0,70.0,40.9,43.0,25.1,17.0,9.9,60.0,35.1,0.937,0.828,1,1
School,11X016,P.S. 016 WAKEFIELD,All Grades,2018,All Students,183,597.0,46.0,25.1,73.0,39.9,48.0,26.2,16.0,8.7,64.0,35.0,0.937,0.828,1,1
School,11X019,P.S. 019 JUDITH K. WEISS,All Grades,2022,All Students,375,606.0,50.0,13.3,108.0,28.8,121.0,32.3,96.0,25.6,217.0,57.9,0.535,0.413,0,0
School,11X019,P.S. 019 JUDITH K. WEISS,All Grades,2019,All Students,325,606.0,42.0,12.9,92.0,28.3,107.0,32.9,84.0,25.8,191.0,58.8,0.535,0.413,0,0
School,11X019,P.S. 019 JUDITH K. WEISS,All Grades,2018,All Students,320,606.0,53.0,16.6,90.0,28.1,112.0,35.0,65.0,20.3,177.0,55.3,0.535,0.413,0,0
School,11X021,P.S. 021 PHILIP H. SHERIDAN,All Grades,2022,All Students,264,588.0,112.0,42.4,103.0,39.0,47.0,17.8,2.0,0.8,49.0,18.6,0.921,0.883,1,1
School,11X021,P.S. 021 PHILIP H. SHERIDAN,All Grades,2019,All Students,332,593.0,119.0,35.8,119.0,35.8,80.0,24.1,14.0,4.2,94.0,28.3,0.921,0.883,1,1
School,11X021,P.S. 021 PHILIP H. SHERIDAN,All Grades,2018,All Students,367,592.0,120.0,32.7,150.0,40.9,90.0,24.5,7.0,1.9,97.0,26.4,0.921,0.883,1,1
School,11X041,P.S. 041 GUN HILL ROAD,All Grades,2022,All Students,324,585.0,155.0,47.8,112.0,34.6,48.0,14.8,9.0,2.8,57.0,17.6,0.95,0.907,1,1
School,11X041,P.S. 041 GUN HILL ROAD,All Grades,2019,All Students,448,590.0,176.0,39.3,118.0,26.3,124.0,27.7,30.0,6.7,154.0,34.4,0.95,0.907,1,1
School,11X041,P.S. 041 GUN HILL ROAD,All Grades,2018,All Students,448,597.0,151.0,33.7,116.0,25.9,112.0,25.0,69.0,15.4,181.0,40.4,0.95,0.907,1,1
School,11X068,P.S. 068 BRONX,All Grades,2022,All Students,212,602.0,38.0,17.9,70.0,33.0,66.0,31.1,38.0,17.9,104.0,49.1,0.697,0.731,0,1
School,11X068,P.S. 068 BRONX,All Grades,2019,All Students,340,599.0,71.0,20.9,116.0,34.1,123.0,36.2,30.0,8.8,153.0,45.0,0.697,0.731,0,1
School,11X068,P.S. 068 BRONX,All Grades,2018,All Students,335,599.0,74.0,22.1,115.0,34.3,114.0,34.0,32.0,9.6,146.0,43.6,0.697,0.731,0,1
School,11X076,P.S. 076 THE BENNINGTON SCHOOL,All Grades,2022,All Students,341,587.0,145.0,42.5,129.0,37.8,58.0,17.0,9.0,2.6,67.0,19.6,0.785,0.836,1,1
School,11X076,P.S. 076 THE BENNINGTON SCHOOL,All Grades,2019,All Students,450,587.0,206.0,45.8,142.0,31.6,85.0,18.9,17.0,3.8,102.0,22.7,0.785,0.836,1,1
School,11X076,P.S. 076 THE BENNINGTON SCHOOL,All Grades,2018,All Students,487,589.0,202.0,41.5,178.0,36.6,91.0,18.7,16.0,3.3,107.0,22.0,0.785,0.836,1,1
School,11X078,P.S. 078 ANNE HUTCHINSON,All Grades,2022,All Students,287,591.0,119.0,41.5,97.0,33.8,52.0,18.1,19.0,6.6,71.0,24.7,0.832,0.839,1,1
School,11X078,P.S. 078 ANNE HUTCHINSON,All Grades,2019,All Students,385,592.0,139.0,36.1,137.0,35.6,77.0,20.0,32.0,8.3,109.0,28.3,0.832,0.839,1,1
School,11X078,P.S. 078 ANNE HUTCHINSON,All Grades,2018,All Students,409,592.0,138.0,33.7,156.0,38.1,101.0,24.7,14.0,3.4,115.0,28.1,0.832,0.839,1,1
School,11X083,P.S. 083 DONALD HERTZ,All Grades,2022,All Students,871,600.0,185.0,21.2,302.0,34.7,212.0,24.3,172.0,19.7,384.0,44.1,0.664,0.728,0,1
School,11X083,P.S. 083 DONALD HERTZ,All Grades,2019,All Students,1113,599.0,275.0,24.7,344.0,30.9,303.0,27.2,191.0,17.2,494.0,44.4,0.664,0.728,0,1
School,11X083,P.S. 083 DONALD HERTZ,All Grades,2018,All Students,1153,600.0,275.0,23.9,351.0,30.4,298.0,25.8,229.0,19.9,527.0,45.7,0.664,0.728,0,1
School,11X087,P.S. 087 BRONX,All Grades,2022,All Students,199,590.0,75.0,37.7,86.0,43.2,28.0,14.1,10.0,5.0,38.0,19.1,0.755,0.718,1,1
School,11X087,P.S. 087 BRONX,All Grades,2019,All Students,317,597.0,80.0,25.2,108.0,34.1,100.0,31.5,29.0,9.1,129.0,40.7,0.755,0.718,1,1
School,11X087,P.S. 087 BRONX,All Grades,2018,All Students,321,594.0,107.0,33.3,109.0,34.0,88.0,27.4,17.0,5.3,105.0,32.7,0.755,0.718,1,1
School,11X089,P.S. 089 BRONX,All Grades,2022,All Students,813,594.0,296.0,36.4,227.0,27.9,165.0,20.3,125.0,15.4,290.0,35.7,0.793,0.842,1,1
School,11X089,P.S. 089 BRONX,All Grades,2019,All Students,948,593.0,338.0,35.7,298.0,31.4,200.0,21.1,112.0,11.8,312.0,32.9,0.793,0.842,1,1
School,11X089,P.S. 089 BRONX,All Grades,2018,All Students,874,594.0,296.0,33.9,278.0,31.8,208.0,23.8,92.0,10.5,300.0,34.3,0.793,0.842,1,1
School,11X096,P.S. 096 RICHARD RODGERS,All Grades,2022,All Students,303,601.0,58.0,19.1,104.0,34.3,96.0,31.7,45.0,14.9,141.0,46.5,0.799,0.841,1,1
School,11X096,P.S. 096 RICHARD RODGERS,All Grades,2019,All Students,426,590.0,152.0,35.7,161.0,37.8,90.0,21.1,23.0,5.4,113.0,26.5,0.799,0.841,1,1
School,11X096,P.S. 096 RICHARD RODGERS,All Grades,2018,All Students,458,594.0,133.0,29.0,178.0,38.9,128.0,27.9,19.0,4.1,147.0,32.1,0.799,0.841,1,1
School,11X097,P.S. 097 BRONX,All Grades,2022,All Students,215,596.0,55.0,25.6,85.0,39.5,58.0,27.0,17.0,7.9,75.0,34.9,0.783,0.671,1,0
School,11X097,P.S. 097 BRONX,All Grades,2019,All Students,299,598.0,69.0,23.1,96.0,32.1,96.0,32.1,38.0,12.7,134.0,44.8,0.783,0.671,1,0
School,11X097,P.S. 097 BRONX,All Grades,2018,All Students,338,598.0,96.0,28.4,103.0,30.5,106.0,31.4,33.0,9.8,139.0,41.1,0.783,0.671,1,0
School,11X103,P.S. 103 HECTOR FONTANEZ,All Grades,2022,All Students,300,592.0,107.0,35.7,111.0,37.0,72.0,24.0,10.0,3.3,82.0,27.3,0.893,0.887,1,1
School,11X103,P.S. 103 HECTOR FONTANEZ,All Grades,2019,All Students,511,594.0,164.0,32.1,168.0,32.9,135.0,26.4,44.0,8.6,179.0,35.0,0.893,0.887,1,1
School,11X103,P.S. 103 HECTOR FONTANEZ,All Grades,2018,All Students,559,592.0,212.0,37.9,179.0,32.0,127.0,22.7,41.0,7.3,168.0,30.1,0.893,0.887,1,1
School,11X105,P.S. 105 SEN ABRAHAM BERNSTEIN,All Grades,2022,All Students,335,588.0,139.0,41.5,126.0,37.6,54.0,16.1,16.0,4.8,70.0,20.9,0.921,0.871,1,1
School,11X105,P.S. 105 SEN ABRAHAM BERNSTEIN,All Grades,2019,All Students,459,592.0,159.0,34.6,142.0,30.9,118.0,25.7,40.0,8.7,158.0,34.4,0.921,0.871,1,1
School,11X105,P.S. 105 SEN ABRAHAM BERNSTEIN,All Grades,2018,All Students,576,595.0,174.0,30.2,201.0,34.9,157.0,27.3,44.0,7.6,201.0,34.9,0.921,0.871,1,1
School,11X106,P.S. 106 PARKCHESTER,All Grades,2022,All Students,380,596.0,99.0,26.1,134.0,35.3,106.0,27.9,41.0,10.8,147.0,38.7,0.778,0.794,1,1
School,11X106,P.S. 106 PARKCHESTER,All Grades,2019,All Students,470,598.0,111.0,23.6,153.0,32.6,163.0,34.7,43.0,9.1,206.0,43.8,0.778,0.794,1,1
School,11X106,P.S. 106 PARKCHESTER,All Grades,2018,All Students,484,600.0,95.0,19.6,187.0,38.6,151.0,31.2,51.0,10.5,202.0,41.7,0.778,0.794,1,1
School,11X108,P.S. 108 PHILIP J. ABINANTI,All Grades,2022,All Students,212,602.0,35.0,16.5,75.0,35.4,75.0,35.4,27.0,12.7,102.0,48.1,0.777,0.594,1,0
School,11X108,P.S. 108 PHILIP J. ABINANTI,All Grades,2019,All Students,221,603.0,26.0,11.8,68.0,30.8,95.0,43.0,32.0,14.5,127.0,57.5,0.777,0.594,1,0
School,11X108,P.S. 108 PHILIP J. ABINANTI,All Grades,2018,All Students,236,604.0,43.0,18.2,64.0,27.1,90.0,38.1,39.0,16.5,129.0,54.7,0.777,0.594,1,0
School,11X111,P.S. 111 SETON FALLS,All Grades,2022,All Students,219,588.0,96.0,43.8,76.0,34.7,31.0,14.2,16.0,7.3,47.0,21.5,0.901,0.867,1,1
School,11X111,P.S. 111 SETON FALLS,All Grades,2019,All Students,284,590.0,98.0,34.5,117.0,41.2,60.0,21.1,9.0,3.2,69.0,24.3,0.901,0.867,1,1
School,11X111,P.S. 111 SETON FALLS,All Grades,2018,All Students,301,592.0,102.0,33.9,112.0,37.2,75.0,24.9,12.0,4.0,87.0,28.9,0.901,0.867,1,1
School,11X112,P.S. 112 BRONXWOOD,All Grades,2022,All Students,146,585.0,78.0,53.4,49.0,33.6,17.0,11.6,2.0,1.4,19.0,13.0,0.944,0.922,1,1
School,11X112,P.S. 112 BRONXWOOD,All Grades,2019,All Students,173,588.0,74.0,42.8,58.0,33.5,36.0,20.8,5.0,2.9,41.0,23.7,0.944,0.922,1,1
School,11X112,P.S. 112 BRONXWOOD,All Grades,2018,All Students,170,587.0,73.0,42.9,70.0,41.2,25.0,14.7,2.0,1.2,27.0,15.9,0.944,0.922,1,1
School,11X121,P.S. 121 THROOP,All Grades,2022,All Students,288,590.0,123.0,42.7,87.0,30.2,55.0,19.1,23.0,8.0,78.0,27.1,0.719,0.753,0,1
School,11X121,P.S. 121 THROOP,All Grades,2019,All Students,410,595.0,142.0,34.6,117.0,28.5,96.0,23.4,55.0,13.4,151.0,36.8,0.719,0.753,0,1
School,11X121,P.S. 121 THROOP,All Grades,2018,All Students,456,594.0,165.0,36.2,143.0,31.4,114.0,25.0,34.0,7.5,148.0,32.5,0.719,0.753,0,1
School,11X127,J.H.S. 127 THE CASTLE HILL,All Grades,2022,All Students,749,601.0,163.0,21.8,231.0,30.8,183.0,24.4,172.0,23.0,355.0,47.4,0.751,0.777,1,1
School,11X127,J.H.S. 127 THE CASTLE HILL,All Grades,2019,All Students,792,597.0,234.0,29.5,229.0,28.9,179.0,22.6,150.0,18.9,329.0,41.5,0.751,0.777,1,1
School,11X127,J.H.S. 127 THE CASTLE HILL,All Grades,2018,All Students,751,598.0,199.0,26.5,227.0,30.2,198.0,26.4,127.0,16.9,325.0,43.3,0.751,0.777,1,1
School,11X144,J.H.S. 144 MICHELANGELO,All Grades,2022,All Students,385,599.0,93.0,24.2,109.0,28.3,113.0,29.4,70.0,18.2,183.0,47.5,0.784,0.797,1,1
School,11X144,J.H.S. 144 MICHELANGELO,All Grades,2019,All Students,440,594.0,150.0,34.1,142.0,32.3,84.0,19.1,64.0,14.5,148.0,33.6,0.784,0.797,1,1
School,11X144,J.H.S. 144 MICHELANGELO,All Grades,2018,All Students,445,595.0,134.0,30.1,163.0,36.6,108.0,24.3,40.0,9.0,148.0,33.3,0.784,0.797,1,1
School,11X153,P.S. 153 HELEN KELLER,All Grades,2022,All Students,255,605.0,40.0,15.7,78.0,30.6,86.0,33.7,51.0,20.0,137.0,53.7,0.621,0.521,0,0
School,11X153,P.S. 153 HELEN KELLER,All Grades,2019,All Students,326,608.0,37.0,11.3,85.0,26.1,121.0,37.1,83.0,25.5,204.0,62.6,0.621,0.521,0,0
School,11X153,P.S. 153 HELEN KELLER,All Grades,2018,All Students,338,608.0,54.0,16.0,77.0,22.8,134.0,39.6,73.0,21.6,207.0,61.2,0.621,0.521,0,0
School,11X160,P.S. 160 WALT DISNEY,All Grades,2022,All Students,125,593.0,38.0,30.4,55.0,44.0,24.0,19.2,8.0,6.4,32.0,25.6,0.714,0.55,0,0
School,11X160,P.S. 160 WALT DISNEY,All Grades,2019,All Students,163,600.0,34.0,20.9,48.0,29.4,64.0,39.3,17.0,10.4,81.0,49.7,0.714,0.55,0,0
School,11X160,P.S. 160 WALT DISNEY,All Grades,2018,All Students,156,599.0,35.0,22.4,55.0,35.3,56.0,35.9,10.0,6.4,66.0,42.3,0.714,0.55,0,0
School,11X169,BAYCHESTER ACADEMY,All Grades,2022,All Students,94,609.0,9.0,9.6,22.0,23.4,41.0,43.6,22.0,23.4,63.0,67.0,0.816,0.73,1,1
School,11X169,BAYCHESTER ACADEMY,All Grades,2019,All Students,138,601.0,22.0,15.9,37.0,26.8,63.0,45.7,16.0,11.6,79.0,57.2,0.816,0.73,1,1
School,11X169,BAYCHESTER ACADEMY,All Grades,2018,All Students,173,608.0,19.0,11.0,49.0,28.3,61.0,35.3,44.0,25.4,105.0,60.7,0.816,0.73,1,1
School,11X175,P.S. 175 CITY ISLAND,All Grades,2022,All Students,147,598.0,37.0,25.2,56.0,38.1,36.0,24.5,18.0,12.2,54.0,36.7,0.522,0.397,0,0
School,11X175,P.S. 175 CITY ISLAND,All Grades,2019,All Students,220,601.0,40.0,18.2,74.0,33.6,68.0,30.9,38.0,17.3,106.0,48.2,0.522,0.397,0,0
School,11X175,P.S. 175 CITY ISLAND,All Grades,2018,All Students,220,604.0,33.0,15.0,75.0,34.1,75.0,34.1,37.0,16.8,112.0,50.9,0.522,0.397,0,0
School,11X178,P.S. 178 - DR. SELMAN WAKSMAN,All Grades,2022,All Students,149,590.0,65.0,43.6,53.0,35.6,21.0,14.1,10.0,6.7,31.0,20.8,0.776,0.603,1,0
School,11X178,P.S. 178 - DR. SELMAN WAKSMAN,All Grades,2019,All Students,215,594.0,62.0,28.8,81.0,37.7,58.0,27.0,14.0,6.5,72.0,33.5,0.776,0.603,1,0
School,11X178,P.S. 178 - DR. SELMAN WAKSMAN,All Grades,2018,All Students,238,594.0,72.0,30.3,94.0,39.5,67.0,28.2,5.0,2.1,72.0,30.3,0.776,0.603,1,0
School,11X180,M.S. 180 DR. DANIEL HALE WILLIAMS,All Grades,2022,All Students,766,603.0,129.0,16.8,218.0,28.5,239.0,31.2,180.0,23.5,419.0,54.7,0.685,0.569,0,0
School,11X180,M.S. 180 DR. DANIEL HALE WILLIAMS,All Grades,2019,All Students,962,601.0,209.0,21.7,304.0,31.6,256.0,26.6,193.0,20.1,449.0,46.7,0.685,0.569,0,0
School,11X180,M.S. 180 DR. DANIEL HALE WILLIAMS,All Grades,2018,All Students,929,605.0,144.0,15.5,255.0,27.4,314.0,33.8,216.0,23.3,530.0,57.1,0.685,0.569,0,0
School,11X181,I.S. 181 PABLO CASALS,All Grades,2022,All Students,692,605.0,112.0,16.2,173.0,25.0,223.0,32.2,184.0,26.6,407.0,58.8,0.8,0.65,1,0
School,11X181,I.S. 181 PABLO CASALS,All Grades,2019,All Students,837,600.0,200.0,23.9,242.0,28.9,220.0,26.3,175.0,20.9,395.0,47.2,0.8,0.65,1,0
School,11X181,I.S. 181 PABLO CASALS,All Grades,2018,All Students,845,603.0,153.0,18.1,263.0,31.1,253.0,29.9,176.0,20.8,429.0,50.8,0.8,0.65,1,0
School,11X189,CORNERSTONE ACADEMY FOR SOCIAL ACTION,All Grades,2022,All Students,123,588.0,51.0,41.5,50.0,40.7,18.0,14.6,4.0,3.3,22.0,17.9,0.89,0.818,1,1
School,11X189,CORNERSTONE ACADEMY FOR SOCIAL ACTION,All Grades,2019,All Students,172,591.0,60.0,34.9,68.0,39.5,35.0,20.3,9.0,5.2,44.0,25.6,0.89,0.818,1,1
School,11X189,CORNERSTONE ACADEMY FOR SOCIAL ACTION,All Grades,2018,All Students,168,595.0,52.0,31.0,57.0,33.9,43.0,25.6,16.0,9.5,59.0,35.1,0.89,0.818,1,1
School,11X194,P.S./M.S. 194,All Grades,2022,All Students,729,596.0,208.0,28.5,238.0,32.6,169.0,23.2,114.0,15.6,283.0,38.8,0.813,0.862,1,1
School,11X194,P.S./M.S. 194,All Grades,2019,All Students,894,599.0,223.0,24.9,280.0,31.3,227.0,25.4,164.0,18.3,391.0,43.7,0.813,0.862,1,1
School,11X194,P.S./M.S. 194,All Grades,2018,All Students,916,596.0,256.0,27.9,320.0,34.9,207.0,22.6,133.0,14.5,340.0,37.1,0.813,0.862,1,1
School,11X287,NORTH BRONX SCHOOL OF EMPOWERMENT,All Grades,2022,All Students,311,589.0,141.0,45.3,108.0,34.7,45.0,14.5,17.0,5.5,62.0,19.9,0.89,0.887,1,1
School,11X287,NORTH BRONX SCHOOL OF EMPOWERMENT,All Grades,2019,All Students,512,587.0,259.0,50.6,154.0,30.1,74.0,14.5,25.0,4.9,99.0,19.3,0.89,0.887,1,1
School,11X287,NORTH BRONX SCHOOL OF EMPOWERMENT,All Grades,2018,All Students,540,588.0,245.0,45.4,193.0,35.7,84.0,15.6,18.0,3.3,102.0,18.9,0.89,0.887,1,1
School,11X326,BRONX GREEN MIDDLE SCHOOL,All Grades,2022,All Students,320,599.0,79.0,24.7,104.0,32.5,78.0,24.4,59.0,18.4,137.0,42.8,0.926,0.858,1,1
School,11X326,BRONX GREEN MIDDLE SCHOOL,All Grades,2019,All Students,383,594.0,138.0,36.0,117.0,30.5,84.0,21.9,44.0,11.5,128.0,33.4,0.926,0.858,1,1
School,11X326,BRONX GREEN MIDDLE SCHOOL,All Grades,2018,All Students,370,594.0,129.0,34.9,124.0,33.5,74.0,20.0,43.0,11.6,117.0,31.6,0.926,0.858,1,1
School,11X355,BRONX ALLIANCE MIDDLE SCHOOL,All Grades,2022,All Students,161,590.0,64.0,39.8,55.0,34.2,27.0,16.8,15.0,9.3,42.0,26.1,0.877,0.857,1,1
School,11X355,BRONX ALLIANCE MIDDLE SCHOOL,All Grades,2019,All Students,282,586.0,148.0,52.5,91.0,32.3,31.0,11.0,12.0,4.3,43.0,15.2,0.877,0.857,1,1
School,11X355,BRONX ALLIANCE MIDDLE SCHOOL,All Grades,2018,All Students,327,591.0,132.0,40.4,120.0,36.7,58.0,17.7,17.0,5.2,75.0,22.9,0.877,0.857,1,1
School,11X357,YOUNG VOICES ACADEMY OF THE BRONX,All Grades,2022,All Students,145,597.0,34.0,23.4,60.0,41.4,38.0,26.2,13.0,9.0,51.0,35.2,0.816,0.795,1,1
School,11X357,YOUNG VOICES ACADEMY OF THE BRONX,All Grades,2019,All Students,173,598.0,43.0,24.9,58.0,33.5,57.0,32.9,15.0,8.7,72.0,41.6,0.816,0.795,1,1
School,11X357,YOUNG VOICES ACADEMY OF THE BRONX,All Grades,2018,All Students,116,599.0,23.0,19.8,39.0,33.6,47.0,40.5,7.0,6.0,54.0,46.6,0.816,0.795,1,1
School,11X370,LEADERS OF TOMORROW,All Grades,2022,All Students,336,591.0,127.0,37.8,111.0,33.0,68.0,20.2,30.0,8.9,98.0,29.2,0.914,0.881,1,1
School,11X370,LEADERS OF TOMORROW,All Grades,2019,All Students,380,587.0,181.0,47.6,114.0,30.0,58.0,15.3,27.0,7.1,85.0,22.4,0.914,0.881,1,1
School,11X370,LEADERS OF TOMORROW,All Grades,2018,All Students,356,591.0,128.0,36.0,129.0,36.2,70.0,19.7,29.0,8.1,99.0,27.8,0.914,0.881,1,1
School,11X462,CORNERSTONE ACADEMY FOR SOCIAL ACTION MIDDLE SCHOO,All Grades,2022,All Students,114,595.0,36.0,31.6,43.0,37.7,23.0,20.2,12.0,10.5,35.0,30.7,0.77,0.779,1,1
School,11X462,CORNERSTONE ACADEMY FOR SOCIAL ACTION MIDDLE SCHOO,All Grades,2019,All Students,237,595.0,70.0,29.5,83.0,35.0,69.0,29.1,15.0,6.3,84.0,35.4,0.77,0.779,1,1
School,11X462,CORNERSTONE ACADEMY FOR SOCIAL ACTION MIDDLE SCHOO,All Grades,2018,All Students,245,595.0,68.0,27.8,95.0,38.8,58.0,23.7,24.0,9.8,82.0,33.5,0.77,0.779,1,1
School,11X468,PELHAM ACADEMY OF ACADEMICS AND COMMUNITY ENGAGEME,All Grades,2022,All Students,234,601.0,47.0,20.1,70.0,29.9,69.0,29.5,48.0,20.5,117.0,50.0,0.88,0.802,1,1
School,11X468,PELHAM ACADEMY OF ACADEMICS AND COMMUNITY ENGAGEME,All Grades,2019,All Students,319,598.0,80.0,25.1,105.0,32.9,70.0,21.9,64.0,20.1,134.0,42.0,0.88,0.802,1,1
School,11X468,PELHAM ACADEMY OF ACADEMICS AND COMMUNITY ENGAGEME,All Grades,2018,All Students,300,599.0,75.0,25.0,93.0,31.0,84.0,28.0,48.0,16.0,132.0,44.0,0.88,0.802,1,1
School,11X481,THE STEAM BRIDGE SCHOOL,All Grades,2022,All Students,115,610.0,10.0,8.7,27.0,23.5,43.0,37.4,35.0,30.4,78.0,67.8,0.898,0.854,1,1
School,11X481,THE STEAM BRIDGE SCHOOL,All Grades,2019,All Students,34,623.0,0.0,0.0,1.0,2.9,19.0,55.9,14.0,41.2,33.0,97.1,0.898,0.854,1,1
School,11X483,THE MATILDA AVENUE SCHOOL,All Grades,2022,All Students,122,592.0,41.0,33.6,43.0,35.2,26.0,21.3,12.0,9.8,38.0,31.1,0.755,0.759,1,1
School,11X483,THE MATILDA AVENUE SCHOOL,All Grades,2019,All Students,33,599.0,2.0,6.1,13.0,39.4,18.0,54.5,0.0,0.0,18.0,54.5,0.755,0.759,1,1
School,11X498,P.S./M.S. 11X498 - VAN NEST ACADEMY,All Grades,2022,All Students,419,598.0,100.0,23.9,149.0,35.6,108.0,25.8,62.0,14.8,170.0,40.6,0.781,0.706,1,0
School,11X498,P.S./M.S. 11X498 - VAN NEST ACADEMY,All Grades,2019,All Students,444,601.0,76.0,17.1,156.0,35.1,145.0,32.7,67.0,15.1,212.0,47.7,0.781,0.706,1,0
School,11X498,P.S./M.S. 11X498 - VAN NEST ACADEMY,All Grades,2018,All Students,440,603.0,59.0,13.4,162.0,36.8,143.0,32.5,76.0,17.3,219.0,49.8,0.781,0.706,1,0
School,11X529,ONE WORLD MIDDLE SCHOOL AT EDENWALD,All Grades,2022,All Students,297,601.0,58.0,19.5,115.0,38.7,67.0,22.6,57.0,19.2,124.0,41.8,0.884,0.754,1,1
School,11X529,ONE WORLD MIDDLE SCHOOL AT EDENWALD,All Grades,2019,All Students,319,597.0,84.0,26.3,110.0,34.5,84.0,26.3,41.0,12.9,125.0,39.2,0.884,0.754,1,1
School,11X529,ONE WORLD MIDDLE SCHOOL AT EDENWALD,All Grades,2018,All Students,321,597.0,78.0,24.3,128.0,39.9,86.0,26.8,29.0,9.0,115.0,35.8,0.884,0.754,1,1
School,11X532,BAYCHESTER MIDDLE SCHOOL,All Grades,2022,All Students,255,596.0,75.0,29.4,90.0,35.3,58.0,22.7,32.0,12.5,90.0,35.3,0.879,0.838,1,1
School,11X532,BAYCHESTER MIDDLE SCHOOL,All Grades,2019,All Students,275,593.0,92.0,33.5,100.0,36.4,63.0,22.9,20.0,7.3,83.0,30.2,0.879,0.838,1,1
School,11X532,BAYCHESTER MIDDLE SCHOOL,All Grades,2018,All Students,291,595.0,87.0,29.9,110.0,37.8,73.0,25.1,21.0,7.2,94.0,32.3,0.879,0.838,1,1
School,11X556,BRONX PARK MIDDLE SCHOOL,All Grades,2022,All Students,229,594.0,80.0,34.9,68.0,29.7,49.0,21.4,32.0,14.0,81.0,35.4,0.938,0.866,1,1
School,11X556,BRONX PARK MIDDLE SCHOOL,All Grades,2019,All Students,356,597.0,97.0,27.2,118.0,33.1,77.0,21.6,64.0,18.0,141.0,39.6,0.938,0.866,1,1
School,11X556,BRONX PARK MIDDLE SCHOOL,All Grades,2018,All Students,351,597.0,102.0,29.1,112.0,31.9,88.0,25.1,49.0,14.0,137.0,39.0,0.938,0.866,1,1
School,11X566,PELHAM GARDENS MIDDLE SCHOOL,All Grades,2022,All Students,325,596.0,96.0,29.5,103.0,31.7,82.0,25.2,44.0,13.5,126.0,38.8,0.766,0.763,1,1
School,11X566,PELHAM GARDENS MIDDLE SCHOOL,All Grades,2019,All Students,453,595.0,144.0,31.8,149.0,32.9,115.0,25.4,45.0,9.9,160.0,35.3,0.766,0.763,1,1
School,11X566,PELHAM GARDENS MIDDLE SCHOOL,All Grades,2018,All Students,447,596.0,124.0,27.7,185.0,41.4,90.0,20.1,48.0,10.7,138.0,30.9,0.766,0.763,1,1
School,11X567,LINDEN TREE ELEMENTARY SCHOOL,All Grades,2022,All Students,156,588.0,66.0,42.3,60.0,38.5,23.0,14.7,7.0,4.5,30.0,19.2,0.788,0.839,1,1
School,11X567,LINDEN TREE ELEMENTARY SCHOOL,All Grades,2019,All Students,165,590.0,62.0,37.6,55.0,33.3,40.0,24.2,8.0,4.8,48.0,29.1,0.788,0.839,1,1
School,11X567,LINDEN TREE ELEMENTARY SCHOOL,All Grades,2018,All Students,178,593.0,59.0,33.1,74.0,41.6,38.0,21.3,7.0,3.9,45.0,25.3,0.788,0.839,1,1
School,12X006,P.S. 006 WEST FARMS,All Grades,2022,All Students,195,588.0,87.0,44.6,74.0,37.9,28.0,14.4,6.0,3.1,34.0,17.4,0.95,0.95,1,1
School,12X006,P.S. 006 WEST FARMS,All Grades,2019,All Students,233,588.0,97.0,41.6,77.0,33.0,52.0,22.3,7.0,3.0,59.0,25.3,0.95,0.95,1,1
School,12X006,P.S. 006 WEST FARMS,All Grades,2018,All Students,223,585.0,104.0,46.6,74.0,33.2,39.0,17.5,6.0,2.7,45.0,20.2,0.95,0.95,1,1
School,12X044,P.S. 044 DAVID C. FARRAGUT,All Grades,2022,All Students,93,588.0,34.0,36.6,40.0,43.0,17.0,18.3,2.0,2.2,19.0,20.4,0.95,0.95,1,1
School,12X044,P.S. 044 DAVID C. FARRAGUT,All Grades,2019,All Students,116,594.0,33.0,28.4,46.0,39.7,30.0,25.9,7.0,6.0,37.0,31.9,0.95,0.95,1,1
School,12X044,P.S. 044 DAVID C. FARRAGUT,All Grades,2018,All Students,99,593.0,34.0,34.3,35.0,35.4,24.0,24.2,6.0,6.1,30.0,30.3,0.95,0.95,1,1
School,12X047,P.S. 047 JOHN RANDOLPH,All Grades,2022,All Students,384,589.0,163.0,42.4,133.0,34.6,70.0,18.2,18.0,4.7,88.0,22.9,0.95,0.922,1,1
School,12X047,P.S. 047 JOHN RANDOLPH,All Grades,2019,All Students,555,591.0,193.0,34.8,197.0,35.5,138.0,24.9,27.0,4.9,165.0,29.7,0.95,0.922,1,1
School,12X047,P.S. 047 JOHN RANDOLPH,All Grades,2018,All Students,551,592.0,203.0,36.8,206.0,37.4,119.0,21.6,23.0,4.2,142.0,25.8,0.95,0.922,1,1
School,12X057,P.S. 057 CRESCENT,All Grades,2022,All Students,157,590.0,56.0,35.7,70.0,44.6,30.0,19.1,1.0,0.6,31.0,19.7,0.921,0.943,1,1
School,12X057,P.S. 057 CRESCENT,All Grades,2019,All Students,241,587.0,114.0,47.3,77.0,32.0,40.0,16.6,10.0,4.1,50.0,20.7,0.921,0.943,1,1
School,12X057,P.S. 057 CRESCENT,All Grades,2018,All Students,197,591.0,67.0,34.0,78.0,39.6,39.0,19.8,13.0,6.6,52.0,26.4,0.921,0.943,1,1
School,12X061,P.S. 061 FRANCISCO OLLER,All Grades,2022,All Students,106,588.0,44.0,41.5,39.0,36.8,20.0,18.9,3.0,2.8,23.0,21.7,0.946,0.947,1,1
School,12X061,P.S. 061 FRANCISCO OLLER,All Grades,2019,All Students,121,594.0,43.0,35.5,37.0,30.6,24.0,19.8,17.0,14.0,41.0,33.9,0.946,0.947,1,1
School,12X061,P.S. 061 FRANCISCO OLLER,All Grades,2018,All Students,124,590.0,52.0,41.9,41.0,33.1,23.0,18.5,8.0,6.5,31.0,25.0,0.946,0.947,1,1
School,12X066,P.S. 066 SCHOOL OF HIGHER EXPECTATIONS,All Grades,2022,All Students,184,587.0,78.0,42.4,72.0,39.1,30.0,16.3,4.0,2.2,34.0,18.5,0.908,0.942,1,1
School,12X066,P.S. 066 SCHOOL OF HIGHER EXPECTATIONS,All Grades,2019,All Students,249,593.0,83.0,33.3,85.0,34.1,66.0,26.5,15.0,6.0,81.0,32.5,0.908,0.942,1,1
School,12X066,P.S. 066 SCHOOL OF HIGHER EXPECTATIONS,All Grades,2018,All Students,276,589.0,106.0,38.4,111.0,40.2,49.0,17.8,10.0,3.6,59.0,21.4,0.908,0.942,1,1
School,12X067,P.S. 067 MOHEGAN SCHOOL,All Grades,2022,All Students,146,597.0,46.0,31.5,42.0,28.8,47.0,32.2,11.0,7.5,58.0,39.7,0.95,0.95,1,1
School,12X067,P.S. 067 MOHEGAN SCHOOL,All Grades,2019,All Students,226,597.0,62.0,27.4,67.0,29.6,77.0,34.1,20.0,8.8,97.0,42.9,0.95,0.95,1,1
School,12X067,P.S. 067 MOHEGAN SCHOOL,All Grades,2018,All Students,242,597.0,69.0,28.5,75.0,31.0,76.0,31.4,22.0,9.1,98.0,40.5,0.95,0.95,1,1
School,12X098,J.H.S. 098 HERMAN RIDDER,All Grades,2022,All Students,123,586.0,58.0,47.2,39.0,31.7,16.0,13.0,10.0,8.1,26.0,21.1,0.936,0.927,1,1
School,12X098,J.H.S. 098 HERMAN RIDDER,All Grades,2019,All Students,221,585.0,117.0,52.9,66.0,29.9,25.0,11.3,13.0,5.9,38.0,17.2,0.936,0.927,1,1
School,12X098,J.H.S. 098 HERMAN RIDDER,All Grades,2018,All Students,207,587.0,97.0,46.9,74.0,35.7,29.0,14.0,7.0,3.4,36.0,17.4,0.936,0.927,1,1
School,12X129,M.S. 129 ACADEMY FOR INDEPENDENT LEARNING AND LEAD,All Grades,2022,All Students,355,598.0,87.0,24.5,120.0,33.8,93.0,26.2,55.0,15.5,148.0,41.7,0.911,0.939,1,1
School,12X129,M.S. 129 ACADEMY FOR INDEPENDENT LEARNING AND LEAD,All Grades,2019,All Students,483,595.0,160.0,33.1,159.0,32.9,106.0,21.9,58.0,12.0,164.0,34.0,0.911,0.939,1,1
School,12X129,M.S. 129 ACADEMY FOR INDEPENDENT LEARNING AND LEAD,All Grades,2018,All Students,463,596.0,137.0,29.6,171.0,36.9,97.0,21.0,58.0,12.5,155.0,33.5,0.911,0.939,1,1
School,12X134,P.S. 134 GEORGE F. BRISTOW,All Grades,2022,All Students,133,590.0,53.0,39.8,52.0,39.1,21.0,15.8,7.0,5.3,28.0,21.1,0.95,0.944,1,1
School,12X134,P.S. 134 GEORGE F. BRISTOW,All Grades,2019,All Students,275,589.0,111.0,40.4,97.0,35.3,49.0,17.8,18.0,6.5,67.0,24.4,0.95,0.944,1,1
School,12X134,P.S. 134 GEORGE F. BRISTOW,All Grades,2018,All Students,278,592.0,94.0,33.8,111.0,39.9,62.0,22.3,11.0,4.0,73.0,26.3,0.95,0.944,1,1
School,12X150,P.S. 150 CHARLES JAMES FOX,All Grades,2022,All Students,250,592.0,93.0,37.2,90.0,36.0,47.0,18.8,20.0,8.0,67.0,26.8,0.936,0.93,1,1
School,12X150,P.S. 150 CHARLES JAMES FOX,All Grades,2019,All Students,361,592.0,142.0,39.3,105.0,29.1,91.0,25.2,23.0,6.4,114.0,31.6,0.936,0.93,1,1
School,12X150,P.S. 150 CHARLES JAMES FOX,All Grades,2018,All Students,406,591.0,156.0,38.4,140.0,34.5,94.0,23.2,16.0,3.9,110.0,27.1,0.936,0.93,1,1
School,12X190,E.S.M.T- I.S. 190,All Grades,2022,All Students,221,597.0,57.0,25.8,86.0,38.9,41.0,18.6,37.0,16.7,78.0,35.3,0.935,0.914,1,1
School,12X190,E.S.M.T- I.S. 190,All Grades,2019,All Students,258,590.0,111.0,43.0,81.0,31.4,48.0,18.6,18.0,7.0,66.0,25.6,0.935,0.914,1,1
School,12X190,E.S.M.T- I.S. 190,All Grades,2018,All Students,218,598.0,58.0,26.6,83.0,38.1,51.0,23.4,26.0,11.9,77.0,35.3,0.935,0.914,1,1
School,12X195,P.S. 195,All Grades,2022,All Students,334,584.0,167.0,50.0,121.0,36.2,41.0,12.3,5.0,1.5,46.0,13.8,0.925,0.95,1,1
School,12X195,P.S. 195,All Grades,2019,All Students,410,587.0,190.0,46.3,119.0,29.0,81.0,19.8,20.0,4.9,101.0,24.6,0.925,0.95,1,1
School,12X195,P.S. 195,All Grades,2018,All Students,447,585.0,232.0,51.9,136.0,30.4,65.0,14.5,14.0,3.1,79.0,17.7,0.925,0.95,1,1
School,12X196,P.S. 196,All Grades,2022,All Students,319,592.0,108.0,33.9,117.0,36.7,73.0,22.9,21.0,6.6,94.0,29.5,0.88,0.938,1,1
School,12X196,P.S. 196,All Grades,2019,All Students,420,588.0,180.0,42.9,142.0,33.8,86.0,20.5,12.0,2.9,98.0,23.3,0.88,0.938,1,1
School,12X196,P.S. 196,All Grades,2018,All Students,448,589.0,205.0,45.8,130.0,29.0,91.0,20.3,22.0,4.9,113.0,25.2,0.88,0.938,1,1
School,12X211,P.S. 211,All Grades,2022,All Students,227,590.0,100.0,44.1,68.0,30.0,49.0,21.6,10.0,4.4,59.0,26.0,0.928,0.948,1,1
School,12X211,P.S. 211,All Grades,2019,All Students,347,587.0,142.0,40.9,135.0,38.9,47.0,13.5,23.0,6.6,70.0,20.2,0.928,0.948,1,1
School,12X211,P.S. 211,All Grades,2018,All Students,348,587.0,168.0,48.3,103.0,29.6,54.0,15.5,23.0,6.6,77.0,22.1,0.928,0.948,1,1
School,12X214,P.S. 214,All Grades,2022,All Students,636,590.0,265.0,41.7,201.0,31.6,123.0,19.3,47.0,7.4,170.0,26.7,0.868,0.911,1,1
School,12X214,P.S. 214,All Grades,2019,All Students,741,590.0,308.0,41.6,244.0,32.9,134.0,18.1,55.0,7.4,189.0,25.5,0.868,0.911,1,1
School,12X214,P.S. 214,All Grades,2018,All Students,727,589.0,334.0,45.9,220.0,30.3,121.0,16.6,52.0,7.2,173.0,23.8,0.868,0.911,1,1
School,12X217,SCHOOL OF PERFORMING ARTS,All Grades,2022,All Students,199,589.0,83.0,41.7,74.0,37.2,27.0,13.6,15.0,7.5,42.0,21.1,0.897,0.929,1,1
School,12X217,SCHOOL OF PERFORMING ARTS,All Grades,2019,All Students,305,584.0,172.0,56.4,91.0,29.8,27.0,8.9,15.0,4.9,42.0,13.8,0.897,0.929,1,1
School,12X217,SCHOOL OF PERFORMING ARTS,All Grades,2018,All Students,248,589.0,106.0,42.7,92.0,37.1,41.0,16.5,9.0,3.6,50.0,20.2,0.897,0.929,1,1
School,12X242,MOTT HALL V,All Grades,2022,All Students,287,595.0,93.0,32.4,93.0,32.4,74.0,25.8,27.0,9.4,101.0,35.2,0.894,0.904,1,1
School,12X242,MOTT HALL V,All Grades,2019,All Students,278,591.0,117.0,42.1,88.0,31.7,52.0,18.7,21.0,7.6,73.0,26.3,0.894,0.904,1,1
School,12X242,MOTT HALL V,All Grades,2018,All Students,264,593.0,104.0,39.4,78.0,29.5,54.0,20.5,28.0,10.6,82.0,31.1,0.894,0.904,1,1
School,12X267,BRONX LATIN,All Grades,2022,All Students,185,600.0,38.0,20.5,64.0,34.6,53.0,28.6,30.0,16.2,83.0,44.9,0.95,0.896,1,1
School,12X267,BRONX LATIN,All Grades,2019,All Students,221,595.0,79.0,35.7,68.0,30.8,45.0,20.4,29.0,13.1,74.0,33.5,0.95,0.896,1,1
School,12X267,BRONX LATIN,All Grades,2018,All Students,219,593.0,79.0,36.1,82.0,37.4,35.0,16.0,23.0,10.5,58.0,26.5,0.95,0.896,1,1
School,12X271,EAST BRONX ACADEMY FOR THE FUTURE,All Grades,2022,All Students,173,595.0,49.0,28.3,67.0,38.7,37.0,21.4,20.0,11.6,57.0,32.9,0.949,0.935,1,1
School,12X271,EAST BRONX ACADEMY FOR THE FUTURE,All Grades,2019,All Students,244,593.0,85.0,34.8,91.0,37.3,46.0,18.9,22.0,9.0,68.0,27.9,0.949,0.935,1,1
School,12X271,EAST BRONX ACADEMY FOR THE FUTURE,All Grades,2018,All Students,235,592.0,91.0,38.7,89.0,37.9,39.0,16.6,16.0,6.8,55.0,23.4,0.949,0.935,1,1
School,12X273,FREDERICK DOUGLASS ACADEMY V. MIDDLE SCHOOL,All Grades,2022,All Students,193,594.0,67.0,34.7,63.0,32.6,44.0,22.8,19.0,9.8,63.0,32.6,0.891,0.931,1,1
School,12X273,FREDERICK DOUGLASS ACADEMY V. MIDDLE SCHOOL,All Grades,2019,All Students,189,588.0,82.0,43.4,65.0,34.4,30.0,15.9,12.0,6.3,42.0,22.2,0.891,0.931,1,1
School,12X273,FREDERICK DOUGLASS ACADEMY V. MIDDLE SCHOOL,All Grades,2018,All Students,194,593.0,60.0,30.9,75.0,38.7,44.0,22.7,15.0,7.7,59.0,30.4,0.891,0.931,1,1
School,12X286,FANNIE LOU HAMER MIDDLE SCHOOL,All Grades,2022,All Students,220,590.0,91.0,41.4,69.0,31.4,39.0,17.7,21.0,9.5,60.0,27.3,0.846,0.906,1,1
School,12X286,FANNIE LOU HAMER MIDDLE SCHOOL,All Grades,2019,All Students,256,591.0,108.0,42.2,83.0,32.4,53.0,20.7,12.0,4.7,65.0,25.4,0.846,0.906,1,1
School,12X286,FANNIE LOU HAMER MIDDLE SCHOOL,All Grades,2018,All Students,262,589.0,119.0,45.4,88.0,33.6,38.0,14.5,17.0,6.5,55.0,21.0,0.846,0.906,1,1
School,12X300,THE SCHOOL OF SCIENCE AND APPLIED LEARNING,All Grades,2022,All Students,214,587.0,92.0,43.0,83.0,38.8,30.0,14.0,9.0,4.2,39.0,18.2,0.925,0.95,1,1
School,12X300,THE SCHOOL OF SCIENCE AND APPLIED LEARNING,All Grades,2019,All Students,286,592.0,113.0,39.5,91.0,31.8,64.0,22.4,18.0,6.3,82.0,28.7,0.925,0.95,1,1
School,12X300,THE SCHOOL OF SCIENCE AND APPLIED LEARNING,All Grades,2018,All Students,267,590.0,105.0,39.3,99.0,37.1,52.0,19.5,11.0,4.1,63.0,23.6,0.925,0.95,1,1
School,12X314,FAIRMONT NEIGHBORHOOD SCHOOL,All Grades,2022,All Students,73,592.0,24.0,32.9,28.0,38.4,18.0,24.7,3.0,4.1,21.0,28.8,0.95,0.942,1,1
School,12X314,FAIRMONT NEIGHBORHOOD SCHOOL,All Grades,2019,All Students,134,582.0,76.0,56.7,34.0,25.4,19.0,14.2,5.0,3.7,24.0,17.9,0.95,0.942,1,1
School,12X314,FAIRMONT NEIGHBORHOOD SCHOOL,All Grades,2018,All Students,135,582.0,77.0,57.0,41.0,30.4,15.0,11.1,2.0,1.5,17.0,12.6,0.95,0.942,1,1
School,12X316,KAPPA III,All Grades,2022,All Students,284,602.0,50.0,17.6,96.0,33.8,74.0,26.1,64.0,22.5,138.0,48.6,0.92,0.908,1,1
School,12X316,KAPPA III,All Grades,2019,All Students,360,597.0,103.0,28.6,129.0,35.8,74.0,20.6,54.0,15.0,128.0,35.6,0.92,0.908,1,1
School,12X316,KAPPA III,All Grades,2018,All Students,361,596.0,120.0,33.2,121.0,33.5,81.0,22.4,39.0,10.8,120.0,33.2,0.92,0.908,1,1
School,12X318,"I.S. X318 MATH, SCIENCE & TECHNOLOGY THROUGH ARTS",All Grades,2022,All Students,155,590.0,57.0,36.8,59.0,38.1,28.0,18.1,11.0,7.1,39.0,25.2,0.948,0.933,1,1
School,12X318,"I.S. X318 MATH, SCIENCE & TECHNOLOGY THROUGH ARTS",All Grades,2019,All Students,218,587.0,108.0,49.5,60.0,27.5,30.0,13.8,20.0,9.2,50.0,22.9,0.948,0.933,1,1
School,12X318,"I.S. X318 MATH, SCIENCE & TECHNOLOGY THROUGH ARTS",All Grades,2018,All Students,231,587.0,107.0,46.3,80.0,34.6,34.0,14.7,10.0,4.3,44.0,19.0,0.948,0.933,1,1
School,12X341,ACCION ACADEMY,All Grades,2022,All Students,221,591.0,90.0,40.7,58.0,26.2,51.0,23.1,22.0,10.0,73.0,33.0,0.95,0.945,1,1
School,12X341,ACCION ACADEMY,All Grades,2019,All Students,341,586.0,153.0,44.9,119.0,34.9,56.0,16.4,13.0,3.8,69.0,20.2,0.95,0.945,1,1
School,12X341,ACCION ACADEMY,All Grades,2018,All Students,141,593.0,53.0,37.6,50.0,35.5,25.0,17.7,13.0,9.2,38.0,27.0,0.95,0.945,1,1
School,12X383,EMOLIOR ACADEMY,All Grades,2022,All Students,341,598.0,88.0,25.8,119.0,34.9,82.0,24.0,52.0,15.2,134.0,39.3,0.915,0.912,1,1
School,12X383,EMOLIOR ACADEMY,All Grades,2019,All Students,305,594.0,106.0,34.8,94.0,30.8,66.0,21.6,39.0,12.8,105.0,34.4,0.915,0.912,1,1
School,12X383,EMOLIOR ACADEMY,All Grades,2018,All Students,237,591.0,93.0,39.2,89.0,37.6,38.0,16.0,17.0,7.2,55.0,23.2,0.915,0.912,1,1
School,12X458,SAMARA COMMUNITY SCHOOL,All Grades,2022,All Students,93,591.0,36.0,38.7,37.0,39.8,16.0,17.2,4.0,4.3,20.0,21.5,0.95,0.856,1,1
School,12X458,SAMARA COMMUNITY SCHOOL,All Grades,2019,All Students,79,589.0,24.0,30.4,34.0,43.0,21.0,26.6,0.0,0.0,21.0,26.6,0.95,0.856,1,1
School,12X458,SAMARA COMMUNITY SCHOOL,All Grades,2018,All Students,35,590.0,10.0,28.6,16.0,45.7,9.0,25.7,0.0,0.0,9.0,25.7,0.95,0.856,1,1
School,12X463,URBAN SCHOLARS COMMUNITY SCHOOL,All Grades,2022,All Students,148,593.0,50.0,33.8,47.0,31.8,38.0,25.7,13.0,8.8,51.0,34.5,0.95,0.95,1,1
School,12X463,URBAN SCHOLARS COMMUNITY SCHOOL,All Grades,2019,All Students,122,593.0,40.0,32.8,34.0,27.9,37.0,30.3,11.0,9.0,48.0,39.3,0.95,0.95,1,1
School,12X463,URBAN SCHOLARS COMMUNITY SCHOOL,All Grades,2018,All Students,107,595.0,35.0,32.7,31.0,29.0,34.0,31.8,7.0,6.5,41.0,38.3,0.95,0.95,1,1
School,12X531,ARCHER ELEMENTARY SCHOOL,All Grades,2022,All Students,145,,,,,,,,,,,,0.95,0.896,1,1
School,12X531,ARCHER ELEMENTARY SCHOOL,All Grades,2019,All Students,203,592.0,70.0,34.5,74.0,36.5,47.0,23.2,12.0,5.9,59.0,29.1,0.95,0.896,1,1
School,12X531,ARCHER ELEMENTARY SCHOOL,All Grades,2018,All Students,222,594.0,79.0,35.6,76.0,34.2,50.0,22.5,17.0,7.7,67.0,30.2,0.95,0.896,1,1
School,12X536,P.S. 536,All Grades,2022,All Students,144,584.0,73.0,50.7,50.0,34.7,18.0,12.5,3.0,2.1,21.0,14.6,0.945,0.893,1,1
School,12X536,P.S. 536,All Grades,2019,All Students,186,592.0,54.0,29.0,79.0,42.5,41.0,22.0,12.0,6.5,53.0,28.5,0.945,0.893,1,1
School,12X536,P.S. 536,All Grades,2018,All Students,188,591.0,65.0,34.6,80.0,42.6,36.0,19.1,7.0,3.7,43.0,22.9,0.945,0.893,1,1
School,12X595,P.S. 595,All Grades,2022,All Students,94,583.0,54.0,57.4,29.0,30.9,9.0,9.6,2.0,2.1,11.0,11.7,0.935,0.948,1,1
School,12X691,BRONX LITTLE SCHOOL,All Grades,2022,All Students,120,590.0,46.0,38.3,51.0,42.5,16.0,13.3,7.0,5.8,23.0,19.2,0.891,0.854,1,1
School,12X691,BRONX LITTLE SCHOOL,All Grades,2019,All Students,134,595.0,37.0,27.6,48.0,35.8,42.0,31.3,7.0,5.2,49.0,36.6,0.891,0.854,1,1
School,12X691,BRONX LITTLE SCHOOL,All Grades,2018,All Students,139,593.0,50.0,36.0,45.0,32.4,32.0,23.0,12.0,8.6,44.0,31.7,0.891,0.854,1,1
School,13K003,P.S. 003 THE BEDFORD VILLAGE,All Grades,2022,All Students,107,593.0,28.0,26.2,54.0,50.5,21.0,19.6,4.0,3.7,25.0,23.4,0.925,0.85,1,1
School,13K003,P.S. 003 THE BEDFORD VILLAGE,All Grades,2019,All Students,137,593.0,43.0,31.4,58.0,42.3,28.0,20.4,8.0,5.8,36.0,26.3,0.925,0.85,1,1
School,13K003,P.S. 003 THE BEDFORD VILLAGE,All Grades,2018,All Students,143,594.0,51.0,35.7,50.0,35.0,34.0,23.8,8.0,5.6,42.0,29.4,0.925,0.85,1,1
School,13K008,THE EMILY WARREN ROEBLING SCHOOL,All Grades,2022,All Students,232,613.0,9.0,3.9,51.0,22.0,96.0,41.4,76.0,32.8,172.0,74.1,0.208,0.192,0,0
School,13K008,THE EMILY WARREN ROEBLING SCHOOL,All Grades,2019,All Students,452,613.0,37.0,8.2,60.0,13.3,192.0,42.5,163.0,36.1,355.0,78.5,0.208,0.192,0,0
School,13K008,THE EMILY WARREN ROEBLING SCHOOL,All Grades,2018,All Students,498,614.0,26.0,5.2,86.0,17.3,220.0,44.2,166.0,33.3,386.0,77.5,0.208,0.192,0,0
School,13K009,PUBLIC SCHOOL 9 THE SARAH SMITH GARNET SCHOOL,All Grades,2022,All Students,227,,,,,,,,,,,,0.372,0.38,0,0
School,13K009,PUBLIC SCHOOL 9 THE SARAH SMITH GARNET SCHOOL,All Grades,2019,All Students,282,612.0,23.0,8.2,59.0,20.9,116.0,41.1,84.0,29.8,200.0,70.9,0.372,0.38,0,0
School,13K009,PUBLIC SCHOOL 9 THE SARAH SMITH GARNET SCHOOL,All Grades,2018,All Students,276,610.0,26.0,9.4,67.0,24.3,113.0,40.9,70.0,25.4,183.0,66.3,0.372,0.38,0,0
School,13K011,P.S. 011 PURVIS J. BEHAN,All Grades,2022,All Students,321,618.0,16.0,5.0,34.0,10.6,118.0,36.8,153.0,47.7,271.0,84.4,0.404,0.451,0,0
School,13K011,P.S. 011 PURVIS J. BEHAN,All Grades,2019,All Students,368,614.0,19.0,5.2,67.0,18.2,155.0,42.1,127.0,34.5,282.0,76.6,0.404,0.451,0,0
School,13K011,P.S. 011 PURVIS J. BEHAN,All Grades,2018,All Students,387,618.0,16.0,4.1,69.0,17.8,142.0,36.7,160.0,41.3,302.0,78.0,0.404,0.451,0,0
School,13K020,P.S. 020 CLINTON HILL,All Grades,2022,All Students,206,606.0,25.0,12.1,60.0,29.1,76.0,36.9,45.0,21.8,121.0,58.7,0.584,0.495,0,0
School,13K020,P.S. 020 CLINTON HILL,All Grades,2019,All Students,167,604.0,25.0,15.0,48.0,28.7,66.0,39.5,28.0,16.8,94.0,56.3,0.584,0.495,0,0
School,13K020,P.S. 020 CLINTON HILL,All Grades,2018,All Students,153,606.0,27.0,17.6,44.0,28.8,54.0,35.3,28.0,18.3,82.0,53.6,0.584,0.495,0,0
School,13K044,P.S. 044 MARCUS GARVEY,All Grades,2022,All Students,48,582.0,24.0,50.0,17.0,35.4,7.0,14.6,0.0,0.0,7.0,14.6,0.95,0.926,1,1
School,13K044,P.S. 044 MARCUS GARVEY,All Grades,2019,All Students,39,596.0,15.0,38.5,9.0,23.1,14.0,35.9,1.0,2.6,15.0,38.5,0.95,0.926,1,1
School,13K044,P.S. 044 MARCUS GARVEY,All Grades,2018,All Students,56,594.0,15.0,26.8,25.0,44.6,14.0,25.0,2.0,3.6,16.0,28.6,0.95,0.926,1,1
School,13K046,P.S. 046 EDWARD C. BLUM,All Grades,2022,All Students,80,589.0,35.0,43.8,30.0,37.5,13.0,16.3,2.0,2.5,15.0,18.8,0.888,0.856,1,1
School,13K046,P.S. 046 EDWARD C. BLUM,All Grades,2019,All Students,115,592.0,41.0,35.7,41.0,35.7,28.0,24.3,5.0,4.3,33.0,28.7,0.888,0.856,1,1
School,13K046,P.S. 046 EDWARD C. BLUM,All Grades,2018,All Students,115,590.0,43.0,37.4,49.0,42.6,21.0,18.3,2.0,1.7,23.0,20.0,0.888,0.856,1,1
School,13K054,P.S. 054 SAMUEL C. BARNES,All Grades,2022,All Students,48,590.0,16.0,33.3,25.0,52.1,6.0,12.5,1.0,2.1,7.0,14.6,0.885,0.843,1,1
School,13K054,P.S. 054 SAMUEL C. BARNES,All Grades,2019,All Students,77,593.0,21.0,27.3,32.0,41.6,21.0,27.3,3.0,3.9,24.0,31.2,0.885,0.843,1,1
School,13K054,P.S. 054 SAMUEL C. BARNES,All Grades,2018,All Students,86,589.0,33.0,38.4,35.0,40.7,17.0,19.8,1.0,1.2,18.0,20.9,0.885,0.843,1,1
School,13K056,P.S. 056 LEWIS H. LATIMER,All Grades,2022,All Students,106,595.0,28.0,26.4,43.0,40.6,24.0,22.6,11.0,10.4,35.0,33.0,0.652,0.655,0,0
School,13K056,P.S. 056 LEWIS H. LATIMER,All Grades,2019,All Students,94,596.0,26.0,27.7,35.0,37.2,23.0,24.5,10.0,10.6,33.0,35.1,0.652,0.655,0,0
School,13K056,P.S. 056 LEWIS H. LATIMER,All Grades,2018,All Students,86,593.0,30.0,34.9,33.0,38.4,21.0,24.4,2.0,2.3,23.0,26.7,0.652,0.655,0,0
School,13K067,P.S. 067 CHARLES A. DORSEY,All Grades,2022,All Students,41,582.0,24.0,58.5,11.0,26.8,6.0,14.6,0.0,0.0,6.0,14.6,0.95,0.95,1,1
School,13K067,P.S. 067 CHARLES A. DORSEY,All Grades,2019,All Students,87,592.0,36.0,41.4,24.0,27.6,23.0,26.4,4.0,4.6,27.0,31.0,0.95,0.95,1,1
School,13K067,P.S. 067 CHARLES A. DORSEY,All Grades,2018,All Students,99,595.0,33.0,33.3,38.0,38.4,17.0,17.2,11.0,11.1,28.0,28.3,0.95,0.95,1,1
School,13K093,P.S. 093 WILLIAM H. PRESCOTT,All Grades,2022,All Students,61,588.0,26.0,42.6,24.0,39.3,9.0,14.8,2.0,3.3,11.0,18.0,0.95,0.913,1,1
School,13K093,P.S. 093 WILLIAM H. PRESCOTT,All Grades,2019,All Students,90,592.0,36.0,40.0,20.0,22.2,23.0,25.6,11.0,12.2,34.0,37.8,0.95,0.913,1,1
School,13K093,P.S. 093 WILLIAM H. PRESCOTT,All Grades,2018,All Students,107,595.0,35.0,32.7,44.0,41.1,18.0,16.8,10.0,9.3,28.0,26.2,0.95,0.913,1,1
School,13K113,M.S. 113 RONALD EDMONDS LEARNING CENTER,All Grades,2022,All Students,227,598.0,54.0,23.8,78.0,34.4,62.0,27.3,33.0,14.5,95.0,41.9,0.895,0.873,1,1
School,13K113,M.S. 113 RONALD EDMONDS LEARNING CENTER,All Grades,2019,All Students,315,592.0,124.0,39.4,114.0,36.2,54.0,17.1,23.0,7.3,77.0,24.4,0.895,0.873,1,1
School,13K113,M.S. 113 RONALD EDMONDS LEARNING CENTER,All Grades,2018,All Students,275,593.0,100.0,36.4,102.0,37.1,54.0,19.6,19.0,6.9,73.0,26.5,0.895,0.873,1,1
School,13K133,P.S. 133 WILLIAM A. BUTLER,All Grades,2022,All Students,192,607.0,21.0,10.9,57.0,29.7,72.0,37.5,42.0,21.9,114.0,59.4,0.344,0.432,0,0
School,13K133,P.S. 133 WILLIAM A. BUTLER,All Grades,2019,All Students,281,609.0,32.0,11.4,60.0,21.4,117.0,41.6,72.0,25.6,189.0,67.3,0.344,0.432,0,0
School,13K133,P.S. 133 WILLIAM A. BUTLER,All Grades,2018,All Students,294,609.0,33.0,11.2,78.0,26.5,111.0,37.8,72.0,24.5,183.0,62.2,0.344,0.432,0,0
School,13K256,P.S. 256 BENJAMIN BANNEKER,All Grades,2022,All Students,64,588.0,27.0,42.2,23.0,35.9,10.0,15.6,4.0,6.3,14.0,21.9,0.95,0.903,1,1
School,13K256,P.S. 256 BENJAMIN BANNEKER,All Grades,2019,All Students,97,597.0,29.0,29.9,30.0,30.9,30.0,30.9,8.0,8.2,38.0,39.2,0.95,0.903,1,1
School,13K256,P.S. 256 BENJAMIN BANNEKER,All Grades,2018,All Students,92,602.0,22.0,23.9,24.0,26.1,28.0,30.4,18.0,19.6,46.0,50.0,0.95,0.903,1,1
School,13K265,DR. SUSAN S. MCKINNEY SECONDARY SCHOOL OF THE ARTS,All Grades,2022,All Students,40,592.0,11.0,27.5,19.0,47.5,9.0,22.5,1.0,2.5,10.0,25.0,0.901,0.897,1,1
School,13K265,DR. SUSAN S. MCKINNEY SECONDARY SCHOOL OF THE ARTS,All Grades,2019,All Students,78,593.0,29.0,37.2,31.0,39.7,13.0,16.7,5.0,6.4,18.0,23.1,0.901,0.897,1,1
School,13K265,DR. SUSAN S. MCKINNEY SECONDARY SCHOOL OF THE ARTS,All Grades,2018,All Students,98,595.0,36.0,36.7,33.0,33.7,21.0,21.4,8.0,8.2,29.0,29.6,0.901,0.897,1,1
School,13K266,M.S. K266 - PARK PLACE COMMUNITY MIDDLE SCHOOL,All Grades,2022,All Students,72,597.0,21.0,29.2,23.0,31.9,15.0,20.8,13.0,18.1,28.0,38.9,0.837,0.78,1,1
School,13K266,M.S. K266 - PARK PLACE COMMUNITY MIDDLE SCHOOL,All Grades,2019,All Students,113,593.0,39.0,34.5,36.0,31.9,25.0,22.1,13.0,11.5,38.0,33.6,0.837,0.78,1,1
School,13K266,M.S. K266 - PARK PLACE COMMUNITY MIDDLE SCHOOL,All Grades,2018,All Students,131,596.0,37.0,28.2,51.0,38.9,30.0,22.9,13.0,9.9,43.0,32.8,0.837,0.78,1,1
School,13K270,P.S. 270 JOHANN DEKALB,All Grades,2022,All Students,16,599.0,3.0,18.8,9.0,56.3,4.0,25.0,0.0,0.0,4.0,25.0,0.884,0.9,1,1
School,13K270,P.S. 270 JOHANN DEKALB,All Grades,2019,All Students,41,588.0,18.0,43.9,11.0,26.8,12.0,29.3,0.0,0.0,12.0,29.3,0.884,0.9,1,1
School,13K270,P.S. 270 JOHANN DEKALB,All Grades,2018,All Students,40,594.0,11.0,27.5,18.0,45.0,11.0,27.5,0.0,0.0,11.0,27.5,0.884,0.9,1,1
School,13K282,P.S. 282 PARK SLOPE,All Grades,2022,All Students,133,604.0,14.0,10.5,40.0,30.1,66.0,49.6,13.0,9.8,79.0,59.4,0.462,0.516,0,0
School,13K282,P.S. 282 PARK SLOPE,All Grades,2019,All Students,252,605.0,41.0,16.3,70.0,27.8,87.0,34.5,54.0,21.4,141.0,56.0,0.462,0.516,0,0
School,13K282,P.S. 282 PARK SLOPE,All Grades,2018,All Students,388,605.0,55.0,14.2,112.0,28.9,139.0,35.8,82.0,21.1,221.0,57.0,0.462,0.516,0,0
School,13K287,P.S. 287 BAILEY K. ASHFORD,All Grades,2022,All Students,41,589.0,19.0,46.3,13.0,31.7,4.0,9.8,5.0,12.2,9.0,22.0,0.931,0.92,1,1
School,13K287,P.S. 287 BAILEY K. ASHFORD,All Grades,2019,All Students,63,580.0,43.0,68.3,14.0,22.2,6.0,9.5,0.0,0.0,6.0,9.5,0.931,0.92,1,1
School,13K287,P.S. 287 BAILEY K. ASHFORD,All Grades,2018,All Students,85,585.0,47.0,55.3,27.0,31.8,10.0,11.8,1.0,1.2,11.0,12.9,0.931,0.92,1,1
School,13K301,RESTORATION ACADEMY,All Grades,2022,All Students,64,595.0,22.0,34.4,27.0,42.2,11.0,17.2,4.0,6.3,15.0,23.4,0.947,0.893,1,1
School,13K301,RESTORATION ACADEMY,All Grades,2019,All Students,81,590.0,31.0,38.3,33.0,40.7,10.0,12.3,7.0,8.6,17.0,21.0,0.947,0.893,1,1
School,13K301,RESTORATION ACADEMY,All Grades,2018,All Students,84,590.0,33.0,39.3,30.0,35.7,19.0,22.6,2.0,2.4,21.0,25.0,0.947,0.893,1,1
School,13K307,P.S. 307 DANIEL HALE WILLIAMS,All Grades,2022,All Students,103,586.0,54.0,52.4,30.0,29.1,14.0,13.6,5.0,4.9,19.0,18.4,0.785,0.803,1,1
School,13K307,P.S. 307 DANIEL HALE WILLIAMS,All Grades,2019,All Students,123,593.0,42.0,34.1,40.0,32.5,35.0,28.5,6.0,4.9,41.0,33.3,0.785,0.803,1,1
School,13K307,P.S. 307 DANIEL HALE WILLIAMS,All Grades,2018,All Students,128,594.0,37.0,28.9,51.0,39.8,35.0,27.3,5.0,3.9,40.0,31.3,0.785,0.803,1,1
School,13K313,DOCK STREET SCHOOL FOR STEAM STUDIES,All Grades,2022,All Students,212,614.0,11.0,5.2,37.0,17.5,64.0,30.2,100.0,47.2,164.0,77.4,0.643,0.602,0,0
School,13K313,DOCK STREET SCHOOL FOR STEAM STUDIES,All Grades,2019,All Students,241,609.0,20.0,8.3,59.0,24.5,82.0,34.0,80.0,33.2,162.0,67.2,0.643,0.602,0,0
School,13K313,DOCK STREET SCHOOL FOR STEAM STUDIES,All Grades,2018,All Students,172,608.0,20.0,11.6,44.0,25.6,57.0,33.1,51.0,29.7,108.0,62.8,0.643,0.602,0,0
School,13K351,THE URBAN ASSEMBLY UNISON SCHOOL,All Grades,2022,All Students,124,593.0,45.0,36.3,44.0,35.5,27.0,21.8,8.0,6.5,35.0,28.2,0.82,0.822,1,1
School,13K351,THE URBAN ASSEMBLY UNISON SCHOOL,All Grades,2019,All Students,137,591.0,51.0,37.2,52.0,38.0,28.0,20.4,6.0,4.4,34.0,24.8,0.82,0.822,1,1
School,13K351,THE URBAN ASSEMBLY UNISON SCHOOL,All Grades,2018,All Students,135,594.0,46.0,34.1,52.0,38.5,24.0,17.8,13.0,9.6,37.0,27.4,0.82,0.822,1,1
School,13K492,ACADEMY OF ARTS AND LETTERS,All Grades,2022,All Students,262,611.0,22.0,8.4,59.0,22.5,89.0,34.0,92.0,35.1,181.0,69.1,0.233,0.303,0,0
School,13K492,ACADEMY OF ARTS AND LETTERS,All Grades,2019,All Students,220,614.0,14.0,6.4,37.0,16.8,83.0,37.7,86.0,39.1,169.0,76.8,0.233,0.303,0,0
School,13K492,ACADEMY OF ARTS AND LETTERS,All Grades,2018,All Students,191,,,,,,,,,,,,0.233,0.303,0,0
School,13K527,URBAN ASSEMBLY INSTITUTE OF MATH AND SCIENCE FOR Y,All Grades,2022,All Students,29,,,,,,,,,,,,0.83,0.816,1,1
School,13K527,URBAN ASSEMBLY INSTITUTE OF MATH AND SCIENCE FOR Y,All Grades,2019,All Students,172,601.0,31.0,18.0,58.0,33.7,57.0,33.1,26.0,15.1,83.0,48.3,0.83,0.816,1,1
School,13K527,URBAN ASSEMBLY INSTITUTE OF MATH AND SCIENCE FOR Y,All Grades,2018,All Students,152,601.0,29.0,19.1,59.0,38.8,42.0,27.6,22.0,14.5,64.0,42.1,0.83,0.816,1,1
School,13K691,FORT GREENE PREPARATORY ACADEMY,All Grades,2022,All Students,141,599.0,39.0,27.7,43.0,30.5,34.0,24.1,25.0,17.7,59.0,41.8,0.935,0.904,1,1
School,13K691,FORT GREENE PREPARATORY ACADEMY,All Grades,2019,All Students,200,590.0,90.0,45.0,66.0,33.0,29.0,14.5,15.0,7.5,44.0,22.0,0.935,0.904,1,1
School,13K691,FORT GREENE PREPARATORY ACADEMY,All Grades,2018,All Students,194,592.0,74.0,38.1,73.0,37.6,30.0,15.5,17.0,8.8,47.0,24.2,0.935,0.904,1,1
School,13K915,BRIDGES: A SCHOOL FOR EXPLORATION AND EQUITY,All Grades,2022,All Students,227,612.0,24.0,10.6,37.0,16.3,60.0,26.4,106.0,46.7,166.0,73.1,,,0,0
School,14K016,P.S. 016 LEONARD DUNKLY,All Grades,2022,All Students,83,592.0,23.0,27.7,46.0,55.4,9.0,10.8,5.0,6.0,14.0,16.9,0.896,0.945,1,1
School,14K016,P.S. 016 LEONARD DUNKLY,All Grades,2019,All Students,92,592.0,33.0,35.9,34.0,37.0,23.0,25.0,2.0,2.2,25.0,27.2,0.896,0.945,1,1
School,14K016,P.S. 016 LEONARD DUNKLY,All Grades,2018,All Students,88,593.0,25.0,28.4,41.0,46.6,19.0,21.6,3.0,3.4,22.0,25.0,0.896,0.945,1,1
School,14K017,P.S. 017 HENRY D. WOODWORTH,All Grades,2022,All Students,81,593.0,24.0,29.6,31.0,38.3,22.0,27.2,4.0,4.9,26.0,32.1,0.707,0.758,0,1
School,14K017,P.S. 017 HENRY D. WOODWORTH,All Grades,2019,All Students,120,597.0,25.0,20.8,50.0,41.7,34.0,28.3,11.0,9.2,45.0,37.5,0.707,0.758,0,1
School,14K017,P.S. 017 HENRY D. WOODWORTH,All Grades,2018,All Students,115,598.0,27.0,23.5,44.0,38.3,36.0,31.3,8.0,7.0,44.0,38.3,0.707,0.758,0,1
School,14K018,P.S. 018 EDWARD BUSH,All Grades,2022,All Students,81,581.0,53.0,65.4,15.0,18.5,12.0,14.8,1.0,1.2,13.0,16.0,0.83,0.852,1,1
School,14K018,P.S. 018 EDWARD BUSH,All Grades,2019,All Students,62,590.0,24.0,38.7,22.0,35.5,15.0,24.2,1.0,1.6,16.0,25.8,0.83,0.852,1,1
School,14K018,P.S. 018 EDWARD BUSH,All Grades,2018,All Students,63,589.0,26.0,41.3,25.0,39.7,8.0,12.7,4.0,6.3,12.0,19.0,0.83,0.852,1,1
School,14K023,P.S. 023 CARTER G. WOODSON,All Grades,2022,All Students,88,585.0,43.0,48.9,31.0,35.2,11.0,12.5,3.0,3.4,14.0,15.9,0.9,0.926,1,1
School,14K023,P.S. 023 CARTER G. WOODSON,All Grades,2019,All Students,106,595.0,34.0,32.1,25.0,23.6,42.0,39.6,5.0,4.7,47.0,44.3,0.9,0.926,1,1
School,14K023,P.S. 023 CARTER G. WOODSON,All Grades,2018,All Students,94,596.0,27.0,28.7,36.0,38.3,28.0,29.8,3.0,3.2,31.0,33.0,0.9,0.926,1,1
School,14K031,P.S. 031 SAMUEL F. DUPONT,All Grades,2022,All Students,158,618.0,3.0,1.9,18.0,11.4,67.0,42.4,70.0,44.3,137.0,86.7,0.719,0.625,0,0
School,14K031,P.S. 031 SAMUEL F. DUPONT,All Grades,2019,All Students,228,611.0,20.0,8.8,44.0,19.3,101.0,44.3,63.0,27.6,164.0,71.9,0.719,0.625,0,0
School,14K031,P.S. 031 SAMUEL F. DUPONT,All Grades,2018,All Students,189,611.0,18.0,9.5,35.0,18.5,86.0,45.5,50.0,26.5,136.0,72.0,0.719,0.625,0,0
School,14K034,P.S. 034 OLIVER H. PERRY,All Grades,2022,All Students,119,609.0,7.0,5.9,33.0,27.7,59.0,49.6,20.0,16.8,79.0,66.4,0.282,0.369,0,0
School,14K034,P.S. 034 OLIVER H. PERRY,All Grades,2019,All Students,168,605.0,22.0,13.1,50.0,29.8,64.0,38.1,32.0,19.0,96.0,57.1,0.282,0.369,0,0
School,14K034,P.S. 034 OLIVER H. PERRY,All Grades,2018,All Students,181,607.0,16.0,8.8,58.0,32.0,72.0,39.8,35.0,19.3,107.0,59.1,0.282,0.369,0,0
School,14K050,J.H.S. 050 JOHN D. WELLS,All Grades,2022,All Students,246,601.0,59.0,24.0,71.0,28.9,61.0,24.8,55.0,22.4,116.0,47.2,0.907,0.866,1,1
School,14K050,J.H.S. 050 JOHN D. WELLS,All Grades,2019,All Students,248,598.0,65.0,26.2,83.0,33.5,57.0,23.0,43.0,17.3,100.0,40.3,0.907,0.866,1,1
School,14K050,J.H.S. 050 JOHN D. WELLS,All Grades,2018,All Students,226,596.0,73.0,32.3,74.0,32.7,52.0,23.0,27.0,11.9,79.0,35.0,0.907,0.866,1,1
School,14K059,P.S. 059 WILLIAM FLOYD,All Grades,2022,All Students,114,591.0,43.0,37.7,44.0,38.6,24.0,21.1,3.0,2.6,27.0,23.7,0.95,0.945,1,1
School,14K059,P.S. 059 WILLIAM FLOYD,All Grades,2019,All Students,130,594.0,42.0,32.3,47.0,36.2,35.0,26.9,6.0,4.6,41.0,31.5,0.95,0.945,1,1
School,14K059,P.S. 059 WILLIAM FLOYD,All Grades,2018,All Students,129,592.0,38.0,29.5,54.0,41.9,32.0,24.8,5.0,3.9,37.0,28.7,0.95,0.945,1,1
School,14K071,JUAN MOREL CAMPOS SECONDARY SCHOOL,All Grades,2022,All Students,143,593.0,50.0,35.0,54.0,37.8,29.0,20.3,10.0,7.0,39.0,27.3,0.864,0.923,1,1
School,14K071,JUAN MOREL CAMPOS SECONDARY SCHOOL,All Grades,2019,All Students,145,591.0,56.0,38.6,49.0,33.8,36.0,24.8,4.0,2.8,40.0,27.6,0.864,0.923,1,1
School,14K071,JUAN MOREL CAMPOS SECONDARY SCHOOL,All Grades,2018,All Students,151,593.0,51.0,33.8,62.0,41.1,29.0,19.2,9.0,6.0,38.0,25.2,0.864,0.923,1,1
School,14K084,P.S. 084 JOSE DE DIEGO,All Grades,2022,All Students,311,599.0,69.0,22.2,119.0,38.3,77.0,24.8,46.0,14.8,123.0,39.5,0.499,0.581,0,0
School,14K084,P.S. 084 JOSE DE DIEGO,All Grades,2019,All Students,438,598.0,123.0,28.1,131.0,29.9,112.0,25.6,72.0,16.4,184.0,42.0,0.499,0.581,0,0
School,14K084,P.S. 084 JOSE DE DIEGO,All Grades,2018,All Students,431,598.0,123.0,28.5,128.0,29.7,125.0,29.0,55.0,12.8,180.0,41.8,0.499,0.581,0,0
School,14K110,P.S. 110 THE MONITOR,All Grades,2022,All Students,174,603.0,23.0,13.2,53.0,30.5,76.0,43.7,22.0,12.6,98.0,56.3,0.253,0.312,0,0
School,14K110,P.S. 110 THE MONITOR,All Grades,2019,All Students,189,608.0,16.0,8.5,50.0,26.5,82.0,43.4,41.0,21.7,123.0,65.1,0.253,0.312,0,0
School,14K110,P.S. 110 THE MONITOR,All Grades,2018,All Students,160,605.0,21.0,13.1,47.0,29.4,64.0,40.0,28.0,17.5,92.0,57.5,0.253,0.312,0,0
School,14K120,P.S. 120 CARLOS TAPIA,All Grades,2022,All Students,124,590.0,45.0,36.3,52.0,41.9,22.0,17.7,5.0,4.0,27.0,21.8,0.879,0.911,1,1
School,14K120,P.S. 120 CARLOS TAPIA,All Grades,2019,All Students,158,593.0,55.0,34.8,47.0,29.7,44.0,27.8,12.0,7.6,56.0,35.4,0.879,0.911,1,1
School,14K120,P.S. 120 CARLOS TAPIA,All Grades,2018,All Students,150,597.0,42.0,28.0,45.0,30.0,50.0,33.3,13.0,8.7,63.0,42.0,0.879,0.911,1,1
School,14K126,JOHN ERICSSON MIDDLE SCHOOL 126,All Grades,2022,All Students,197,594.0,65.0,33.0,69.0,35.0,44.0,22.3,19.0,9.6,63.0,32.0,0.864,0.849,1,1
School,14K126,JOHN ERICSSON MIDDLE SCHOOL 126,All Grades,2019,All Students,314,593.0,122.0,38.9,104.0,33.1,53.0,16.9,35.0,11.1,88.0,28.0,0.864,0.849,1,1
School,14K126,JOHN ERICSSON MIDDLE SCHOOL 126,All Grades,2018,All Students,344,597.0,102.0,29.7,126.0,36.6,69.0,20.1,47.0,13.7,116.0,33.7,0.864,0.849,1,1
School,14K132,P.S. 132 THE CONSELYEA SCHOOL,All Grades,2022,All Students,194,606.0,21.0,10.8,53.0,27.3,73.0,37.6,47.0,24.2,120.0,61.9,0.401,0.516,0,0
School,14K132,P.S. 132 THE CONSELYEA SCHOOL,All Grades,2019,All Students,268,610.0,29.0,10.8,65.0,24.3,103.0,38.4,71.0,26.5,174.0,64.9,0.401,0.516,0,0
School,14K132,P.S. 132 THE CONSELYEA SCHOOL,All Grades,2018,All Students,279,610.0,26.0,9.3,66.0,23.7,106.0,38.0,81.0,29.0,187.0,67.0,0.401,0.516,0,0
School,14K147,P.S. 147 ISAAC REMSEN,All Grades,2022,All Students,71,598.0,21.0,29.6,21.0,29.6,19.0,26.8,10.0,14.1,29.0,40.8,0.711,0.734,0,1
School,14K147,P.S. 147 ISAAC REMSEN,All Grades,2019,All Students,95,600.0,20.0,21.1,29.0,30.5,37.0,38.9,9.0,9.5,46.0,48.4,0.711,0.734,0,1
School,14K147,P.S. 147 ISAAC REMSEN,All Grades,2018,All Students,97,603.0,20.0,20.6,30.0,30.9,34.0,35.1,13.0,13.4,47.0,48.5,0.711,0.734,0,1
School,14K157,P.S./I.S. 157 THE BENJAMIN FRANKLIN HEALTH & SCIEN,All Grades,2022,All Students,157,590.0,58.0,36.9,62.0,39.5,29.0,18.5,8.0,5.1,37.0,23.6,0.832,0.888,1,1
School,14K157,P.S./I.S. 157 THE BENJAMIN FRANKLIN HEALTH & SCIEN,All Grades,2019,All Students,240,591.0,90.0,37.5,83.0,34.6,52.0,21.7,15.0,6.3,67.0,27.9,0.832,0.888,1,1
School,14K157,P.S./I.S. 157 THE BENJAMIN FRANKLIN HEALTH & SCIEN,All Grades,2018,All Students,269,591.0,100.0,37.2,104.0,38.7,48.0,17.8,17.0,6.3,65.0,24.2,0.832,0.888,1,1
School,14K196,P.S. 196 TEN EYCK,All Grades,2022,All Students,92,597.0,18.0,19.6,44.0,47.8,23.0,25.0,7.0,7.6,30.0,32.6,0.869,0.843,1,1
School,14K196,P.S. 196 TEN EYCK,All Grades,2019,All Students,115,598.0,37.0,32.2,27.0,23.5,35.0,30.4,16.0,13.9,51.0,44.3,0.869,0.843,1,1
School,14K196,P.S. 196 TEN EYCK,All Grades,2018,All Students,119,598.0,35.0,29.4,33.0,27.7,45.0,37.8,6.0,5.0,51.0,42.9,0.869,0.843,1,1
School,14K250,P.S. 250 GEORGE H. LINDSAY,All Grades,2022,All Students,112,591.0,45.0,40.2,36.0,32.1,26.0,23.2,5.0,4.5,31.0,27.7,0.81,0.853,1,1
School,14K250,P.S. 250 GEORGE H. LINDSAY,All Grades,2019,All Students,215,592.0,74.0,34.4,88.0,40.9,42.0,19.5,11.0,5.1,53.0,24.7,0.81,0.853,1,1
School,14K250,P.S. 250 GEORGE H. LINDSAY,All Grades,2018,All Students,254,592.0,85.0,33.5,102.0,40.2,60.0,23.6,7.0,2.8,67.0,26.4,0.81,0.853,1,1
School,14K257,P.S. 257 JOHN F. HYLAN,All Grades,2022,All Students,192,594.0,68.0,35.4,57.0,29.7,51.0,26.6,16.0,8.3,67.0,34.9,0.837,0.893,1,1
School,14K257,P.S. 257 JOHN F. HYLAN,All Grades,2019,All Students,247,602.0,52.0,21.1,60.0,24.3,93.0,37.7,42.0,17.0,135.0,54.7,0.837,0.893,1,1
School,14K257,P.S. 257 JOHN F. HYLAN,All Grades,2018,All Students,254,602.0,56.0,22.0,66.0,26.0,88.0,34.6,44.0,17.3,132.0,52.0,0.837,0.893,1,1
School,14K297,P.S. 297 ABRAHAM STOCKTON,All Grades,2022,All Students,84,597.0,14.0,16.7,45.0,53.6,20.0,23.8,5.0,6.0,25.0,29.8,0.868,0.932,1,1
School,14K297,P.S. 297 ABRAHAM STOCKTON,All Grades,2019,All Students,57,589.0,20.0,35.1,24.0,42.1,12.0,21.1,1.0,1.8,13.0,22.8,0.868,0.932,1,1
School,14K297,P.S. 297 ABRAHAM STOCKTON,All Grades,2018,All Students,108,594.0,38.0,35.2,37.0,34.3,29.0,26.9,4.0,3.7,33.0,30.6,0.868,0.932,1,1
School,14K318,I.S. 318 EUGENIO MARIA DE HOSTOS,All Grades,2022,All Students,631,612.0,47.0,7.4,133.0,21.1,187.0,29.6,264.0,41.8,451.0,71.5,0.64,0.71,0,0
School,14K318,I.S. 318 EUGENIO MARIA DE HOSTOS,All Grades,2019,All Students,1054,602.0,256.0,24.3,278.0,26.4,254.0,24.1,266.0,25.2,520.0,49.3,0.64,0.71,0,0
School,14K318,I.S. 318 EUGENIO MARIA DE HOSTOS,All Grades,2018,All Students,1112,600.0,253.0,22.8,383.0,34.4,286.0,25.7,190.0,17.1,476.0,42.8,0.64,0.71,0,0
School,14K380,P.S. 380 JOHN WAYNE ELEMENTARY,All Grades,2022,All Students,165,598.0,42.0,25.5,55.0,33.3,56.0,33.9,12.0,7.3,68.0,41.2,0.796,0.861,1,1
School,14K380,P.S. 380 JOHN WAYNE ELEMENTARY,All Grades,2019,All Students,231,602.0,44.0,19.0,63.0,27.3,93.0,40.3,31.0,13.4,124.0,53.7,0.796,0.861,1,1
School,14K380,P.S. 380 JOHN WAYNE ELEMENTARY,All Grades,2018,All Students,250,602.0,47.0,18.8,84.0,33.6,86.0,34.4,33.0,13.2,119.0,47.6,0.796,0.861,1,1
School,14K414,BROOKLYN ARBOR ELEMENTARY SCHOOL,All Grades,2022,All Students,208,603.0,40.0,19.2,61.0,29.3,68.0,32.7,39.0,18.8,107.0,51.4,0.571,0.609,0,0
School,14K414,BROOKLYN ARBOR ELEMENTARY SCHOOL,All Grades,2019,All Students,278,600.0,57.0,20.5,87.0,31.3,95.0,34.2,39.0,14.0,134.0,48.2,0.571,0.609,0,0
School,14K414,BROOKLYN ARBOR ELEMENTARY SCHOOL,All Grades,2018,All Students,279,605.0,52.0,18.6,69.0,24.7,109.0,39.1,49.0,17.6,158.0,56.6,0.571,0.609,0,0
School,14K577,CONSELYEA PREPARATORY SCHOOL,All Grades,2022,All Students,357,608.0,33.0,9.2,99.0,27.7,117.0,32.8,108.0,30.3,225.0,63.0,0.512,0.578,0,0
School,14K577,CONSELYEA PREPARATORY SCHOOL,All Grades,2019,All Students,431,608.0,42.0,9.7,121.0,28.1,127.0,29.5,141.0,32.7,268.0,62.2,0.512,0.578,0,0
School,14K577,CONSELYEA PREPARATORY SCHOOL,All Grades,2018,All Students,441,607.0,56.0,12.7,138.0,31.3,125.0,28.3,122.0,27.7,247.0,56.0,0.512,0.578,0,0
School,14K582,M.S. 582,All Grades,2022,All Students,276,598.0,71.0,25.7,86.0,31.2,69.0,25.0,50.0,18.1,119.0,43.1,0.84,0.868,1,1
School,14K582,M.S. 582,All Grades,2019,All Students,249,594.0,82.0,32.9,74.0,29.7,61.0,24.5,32.0,12.9,93.0,37.3,0.84,0.868,1,1
School,14K582,M.S. 582,All Grades,2018,All Students,214,600.0,49.0,22.9,73.0,34.1,46.0,21.5,46.0,21.5,92.0,43.0,0.84,0.868,1,1
School,14K586,LYONS COMMUNITY SCHOOL,All Grades,2022,All Students,35,,,,,,,,,,,,0.907,0.906,1,1
School,14K586,LYONS COMMUNITY SCHOOL,All Grades,2019,All Students,134,592.0,47.0,35.1,46.0,34.3,28.0,20.9,13.0,9.7,41.0,30.6,0.907,0.906,1,1
School,14K586,LYONS COMMUNITY SCHOOL,All Grades,2018,All Students,142,588.0,59.0,41.5,61.0,43.0,15.0,10.6,7.0,4.9,22.0,15.5,0.907,0.906,1,1
School,14K614,YOUNG WOMEN'S LEADERSHIP SCHOOL OF BROOKLYN,All Grades,2022,All Students,60,603.0,11.0,18.3,19.0,31.7,20.0,33.3,10.0,16.7,30.0,50.0,0.806,0.812,1,1
School,14K614,YOUNG WOMEN'S LEADERSHIP SCHOOL OF BROOKLYN,All Grades,2019,All Students,122,597.0,34.0,27.9,40.0,32.8,31.0,25.4,17.0,13.9,48.0,39.3,0.806,0.812,1,1
School,14K614,YOUNG WOMEN'S LEADERSHIP SCHOOL OF BROOKLYN,All Grades,2018,All Students,137,601.0,23.0,16.8,49.0,35.8,49.0,35.8,16.0,11.7,65.0,47.4,0.806,0.812,1,1
School,15K001,P.S. 001 THE BERGEN,All Grades,2022,All Students,415,588.0,186.0,44.8,154.0,37.1,62.0,14.9,13.0,3.1,75.0,18.1,0.843,0.884,1,1
School,15K001,P.S. 001 THE BERGEN,All Grades,2019,All Students,513,591.0,172.0,33.5,181.0,35.3,139.0,27.1,21.0,4.1,160.0,31.2,0.843,0.884,1,1
School,15K001,P.S. 001 THE BERGEN,All Grades,2018,All Students,542,594.0,172.0,31.7,202.0,37.3,135.0,24.9,33.0,6.1,168.0,31.0,0.843,0.884,1,1
School,15K010,"MAGNET SCHOOL OF MATH, SCIENCE AND DESIGN TECHNOLO",All Grades,2022,All Students,351,610.0,27.0,7.7,71.0,20.2,145.0,41.3,108.0,30.8,253.0,72.1,0.223,0.306,0,0
School,15K010,"MAGNET SCHOOL OF MATH, SCIENCE AND DESIGN TECHNOLO",All Grades,2019,All Students,389,612.0,23.0,5.9,80.0,20.6,164.0,42.2,122.0,31.4,286.0,73.5,0.223,0.306,0,0
School,15K010,"MAGNET SCHOOL OF MATH, SCIENCE AND DESIGN TECHNOLO",All Grades,2018,All Students,374,613.0,26.0,7.0,72.0,19.3,155.0,41.4,121.0,32.4,276.0,73.8,0.223,0.306,0,0
School,15K015,P.S. 015 PATRICK F. DALY,All Grades,2022,All Students,84,596.0,22.0,26.2,34.0,40.5,25.0,29.8,3.0,3.6,28.0,33.3,0.736,0.794,0,1
School,15K015,P.S. 015 PATRICK F. DALY,All Grades,2019,All Students,149,592.0,52.0,34.9,50.0,33.6,38.0,25.5,9.0,6.0,47.0,31.5,0.736,0.794,0,1
School,15K015,P.S. 015 PATRICK F. DALY,All Grades,2018,All Students,136,596.0,35.0,25.7,50.0,36.8,40.0,29.4,11.0,8.1,51.0,37.5,0.736,0.794,0,1
School,15K024,P.S. 024,All Grades,2022,All Students,203,593.0,63.0,31.0,80.0,39.4,44.0,21.7,16.0,7.9,60.0,29.6,0.938,0.882,1,1
School,15K024,P.S. 024,All Grades,2019,All Students,253,591.0,101.0,39.9,86.0,34.0,52.0,20.6,14.0,5.5,66.0,26.1,0.938,0.882,1,1
School,15K024,P.S. 024,All Grades,2018,All Students,283,589.0,115.0,40.6,111.0,39.2,50.0,17.7,7.0,2.5,57.0,20.1,0.938,0.882,1,1
School,15K029,P.S. 029 JOHN M. HARRIGAN,All Grades,2022,All Students,284,619.0,3.0,1.1,35.0,12.3,121.0,42.6,125.0,44.0,246.0,86.6,0.134,0.12,0,0
School,15K029,P.S. 029 JOHN M. HARRIGAN,All Grades,2019,All Students,389,614.0,12.0,3.1,74.0,19.0,170.0,43.7,133.0,34.2,303.0,77.9,0.134,0.12,0,0
School,15K029,P.S. 029 JOHN M. HARRIGAN,All Grades,2018,All Students,365,615.0,21.0,5.8,73.0,20.0,152.0,41.6,119.0,32.6,271.0,74.2,0.134,0.12,0,0
School,15K032,P.S. 032 SAMUEL MILLS SPROLE,All Grades,2022,All Students,147,612.0,16.0,10.9,35.0,23.8,43.0,29.3,53.0,36.1,96.0,65.3,0.421,0.429,0,0
School,15K032,P.S. 032 SAMUEL MILLS SPROLE,All Grades,2019,All Students,212,609.0,33.0,15.6,43.0,20.3,63.0,29.7,73.0,34.4,136.0,64.2,0.421,0.429,0,0
School,15K032,P.S. 032 SAMUEL MILLS SPROLE,All Grades,2018,All Students,225,613.0,24.0,10.7,52.0,23.1,59.0,26.2,90.0,40.0,149.0,66.2,0.421,0.429,0,0
School,15K038,P.S. 038 THE PACIFIC,All Grades,2022,All Students,187,607.0,31.0,16.6,39.0,20.9,58.0,31.0,59.0,31.6,117.0,62.6,0.486,0.513,0,0
School,15K038,P.S. 038 THE PACIFIC,All Grades,2019,All Students,225,609.0,38.0,16.9,41.0,18.2,75.0,33.3,71.0,31.6,146.0,64.9,0.486,0.513,0,0
School,15K038,P.S. 038 THE PACIFIC,All Grades,2018,All Students,218,609.0,31.0,14.2,49.0,22.5,76.0,34.9,62.0,28.4,138.0,63.3,0.486,0.513,0,0
School,15K039,P.S. 039 HENRY BRISTOW,All Grades,2022,All Students,130,622.0,2.0,1.5,11.0,8.5,50.0,38.5,67.0,51.5,117.0,90.0,0.136,0.15,0,0
School,15K039,P.S. 039 HENRY BRISTOW,All Grades,2019,All Students,190,621.0,5.0,2.6,10.0,5.3,79.0,41.6,96.0,50.5,175.0,92.1,0.136,0.15,0,0
School,15K039,P.S. 039 HENRY BRISTOW,All Grades,2018,All Students,175,622.0,7.0,4.0,16.0,9.1,60.0,34.3,92.0,52.6,152.0,86.9,0.136,0.15,0,0
School,15K051,M.S. 51 WILLIAM ALEXANDER,All Grades,2022,All Students,808,610.0,90.0,11.1,172.0,21.3,230.0,28.5,316.0,39.1,546.0,67.6,0.326,0.35,0,0
School,15K051,M.S. 51 WILLIAM ALEXANDER,All Grades,2019,All Students,932,620.0,76.0,8.2,63.0,6.8,183.0,19.6,610.0,65.5,793.0,85.1,0.326,0.35,0,0
School,15K051,M.S. 51 WILLIAM ALEXANDER,All Grades,2018,All Students,960,619.0,68.0,7.1,86.0,9.0,217.0,22.6,589.0,61.4,806.0,84.0,0.326,0.35,0,0
School,15K058,P.S. 058 THE CARROLL,All Grades,2022,All Students,296,612.0,13.0,4.4,60.0,20.3,140.0,47.3,83.0,28.0,223.0,75.3,0.123,0.121,0,0
School,15K058,P.S. 058 THE CARROLL,All Grades,2019,All Students,408,612.0,16.0,3.9,71.0,17.4,213.0,52.2,108.0,26.5,321.0,78.7,0.123,0.121,0,0
School,15K058,P.S. 058 THE CARROLL,All Grades,2018,All Students,391,615.0,19.0,4.9,62.0,15.9,180.0,46.0,130.0,33.2,310.0,79.3,0.123,0.121,0,0
School,15K088,J.H.S. 088 PETER ROUGET,All Grades,2022,All Students,900,611.0,109.0,12.1,180.0,20.0,247.0,27.4,364.0,40.4,611.0,67.9,0.804,0.781,1,1
School,15K088,J.H.S. 088 PETER ROUGET,All Grades,2019,All Students,1289,601.0,249.0,19.3,418.0,32.4,364.0,28.2,258.0,20.0,622.0,48.3,0.804,0.781,1,1
School,15K088,J.H.S. 088 PETER ROUGET,All Grades,2018,All Students,1220,601.0,237.0,19.4,406.0,33.3,378.0,31.0,199.0,16.3,577.0,47.3,0.804,0.781,1,1
School,15K094,P.S. 094 THE HENRY LONGFELLOW,All Grades,2022,All Students,498,603.0,97.0,19.5,142.0,28.5,156.0,31.3,103.0,20.7,259.0,52.0,0.95,0.95,1,1
School,15K094,P.S. 094 THE HENRY LONGFELLOW,All Grades,2019,All Students,605,597.0,174.0,28.8,162.0,26.8,200.0,33.1,69.0,11.4,269.0,44.5,0.95,0.95,1,1
School,15K094,P.S. 094 THE HENRY LONGFELLOW,All Grades,2018,All Students,661,599.0,184.0,27.8,200.0,30.3,194.0,29.3,83.0,12.6,277.0,41.9,0.95,0.95,1,1
School,15K107,P.S. 107 JOHN W. KIMBALL,All Grades,2022,All Students,176,610.0,9.0,5.1,36.0,20.5,92.0,52.3,39.0,22.2,131.0,74.4,0.094,0.102,0,0
School,15K107,P.S. 107 JOHN W. KIMBALL,All Grades,2019,All Students,238,616.0,11.0,4.6,31.0,13.0,107.0,45.0,89.0,37.4,196.0,82.4,0.094,0.102,0,0
School,15K107,P.S. 107 JOHN W. KIMBALL,All Grades,2018,All Students,262,618.0,6.0,2.3,32.0,12.2,112.0,42.7,112.0,42.7,224.0,85.5,0.094,0.102,0,0
School,15K118,THE MAURICE SENDAK COMMUNITY SCHOOL,All Grades,2022,All Students,95,615.0,0.0,0.0,20.0,21.1,42.0,44.2,33.0,34.7,75.0,78.9,0.177,0.16,0,0
School,15K118,THE MAURICE SENDAK COMMUNITY SCHOOL,All Grades,2019,All Students,110,610.0,3.0,2.7,26.0,23.6,59.0,53.6,22.0,20.0,81.0,73.6,0.177,0.16,0,0
School,15K118,THE MAURICE SENDAK COMMUNITY SCHOOL,All Grades,2018,All Students,75,618.0,0.0,0.0,7.0,9.3,40.0,53.3,28.0,37.3,68.0,90.7,0.177,0.16,0,0
School,15K124,P.S. 124 SILAS B. DUTCHER,All Grades,2022,All Students,87,604.0,13.0,14.9,26.0,29.9,27.0,31.0,21.0,24.1,48.0,55.2,0.643,0.679,0,0
School,15K124,P.S. 124 SILAS B. DUTCHER,All Grades,2019,All Students,94,603.0,17.0,18.1,31.0,33.0,31.0,33.0,15.0,16.0,46.0,48.9,0.643,0.679,0,0
School,15K124,P.S. 124 SILAS B. DUTCHER,All Grades,2018,All Students,102,604.0,18.0,17.6,34.0,33.3,34.0,33.3,16.0,15.7,50.0,49.0,0.643,0.679,0,0
School,15K130,P.S. 130 THE PARKSIDE,All Grades,2022,All Students,301,606.0,33.0,11.0,97.0,32.2,102.0,33.9,69.0,22.9,171.0,56.8,0.369,0.436,0,0
School,15K130,P.S. 130 THE PARKSIDE,All Grades,2019,All Students,299,602.0,46.0,15.4,97.0,32.4,121.0,40.5,35.0,11.7,156.0,52.2,0.369,0.436,0,0
School,15K130,P.S. 130 THE PARKSIDE,All Grades,2018,All Students,288,606.0,34.0,11.8,87.0,30.2,120.0,41.7,47.0,16.3,167.0,58.0,0.369,0.436,0,0
School,15K131,P.S. 131 BROOKLYN,All Grades,2022,All Students,322,605.0,45.0,14.0,98.0,30.4,106.0,32.9,73.0,22.7,179.0,55.6,0.866,0.908,1,1
School,15K131,P.S. 131 BROOKLYN,All Grades,2019,All Students,446,604.0,66.0,14.8,139.0,31.2,177.0,39.7,64.0,14.3,241.0,54.0,0.866,0.908,1,1
School,15K131,P.S. 131 BROOKLYN,All Grades,2018,All Students,469,604.0,74.0,15.8,153.0,32.6,167.0,35.6,75.0,16.0,242.0,51.6,0.866,0.908,1,1
School,15K136,I.S. 136 CHARLES O. DEWEY,All Grades,2022,All Students,134,591.0,48.0,35.8,60.0,44.8,14.0,10.4,12.0,9.0,26.0,19.4,0.933,0.893,1,1
School,15K136,I.S. 136 CHARLES O. DEWEY,All Grades,2019,All Students,466,592.0,184.0,39.5,145.0,31.1,99.0,21.2,38.0,8.2,137.0,29.4,0.933,0.893,1,1
School,15K136,I.S. 136 CHARLES O. DEWEY,All Grades,2018,All Students,442,589.0,188.0,42.5,158.0,35.7,74.0,16.7,22.0,5.0,96.0,21.7,0.933,0.893,1,1
School,15K146,"THE BROOKLYN NEW SCHOOL, P.S. 146",All Grades,2022,All Students,29,,,,,,,,,,,,0.343,0.374,0,0
School,15K146,"THE BROOKLYN NEW SCHOOL, P.S. 146",All Grades,2019,All Students,23,,,,,,,,,,,,0.343,0.374,0,0
School,15K146,"THE BROOKLYN NEW SCHOOL, P.S. 146",All Grades,2018,All Students,9,617.0,0.0,0.0,1.0,11.1,5.0,55.6,3.0,33.3,8.0,88.9,0.343,0.374,0,0
School,15K154,THE WINDSOR TERRACE SCHOOL,All Grades,2022,All Students,170,615.0,6.0,3.5,30.0,17.6,75.0,44.1,59.0,34.7,134.0,78.8,0.165,0.186,0,0
School,15K154,THE WINDSOR TERRACE SCHOOL,All Grades,2019,All Students,233,613.0,12.0,5.2,39.0,16.7,104.0,44.6,78.0,33.5,182.0,78.1,0.165,0.186,0,0
School,15K154,THE WINDSOR TERRACE SCHOOL,All Grades,2018,All Students,233,617.0,8.0,3.4,33.0,14.2,104.0,44.6,88.0,37.8,192.0,82.4,0.165,0.186,0,0
School,15K169,P.S. 169 SUNSET PARK,All Grades,2022,All Students,435,598.0,100.0,23.0,162.0,37.2,128.0,29.4,45.0,10.3,173.0,39.8,0.926,0.933,1,1
School,15K169,P.S. 169 SUNSET PARK,All Grades,2019,All Students,617,594.0,202.0,32.7,201.0,32.6,163.0,26.4,51.0,8.3,214.0,34.7,0.926,0.933,1,1
School,15K169,P.S. 169 SUNSET PARK,All Grades,2018,All Students,707,596.0,199.0,28.1,264.0,37.3,176.0,24.9,68.0,9.6,244.0,34.5,0.926,0.933,1,1
School,15K172,P.S. 172 BEACON SCHOOL OF EXCELLENCE,All Grades,2022,All Students,99,625.0,0.0,0.0,2.0,2.0,39.0,39.4,58.0,58.6,97.0,98.0,0.846,0.714,1,1
School,15K172,P.S. 172 BEACON SCHOOL OF EXCELLENCE,All Grades,2019,All Students,216,617.0,6.0,2.8,20.0,9.3,101.0,46.8,89.0,41.2,190.0,88.0,0.846,0.714,1,1
School,15K172,P.S. 172 BEACON SCHOOL OF EXCELLENCE,All Grades,2018,All Students,234,621.0,0.0,0.0,12.0,5.1,130.0,55.6,92.0,39.3,222.0,94.9,0.846,0.714,1,1
School,15K230,P.S. 230 DORIS L. COHEN,All Grades,2022,All Students,398,607.0,44.0,11.1,134.0,33.7,116.0,29.1,104.0,26.1,220.0,55.3,0.727,0.77,0,1
School,15K230,P.S. 230 DORIS L. COHEN,All Grades,2019,All Students,486,606.0,73.0,15.0,127.0,26.1,185.0,38.1,101.0,20.8,286.0,58.8,0.727,0.77,0,1
School,15K230,P.S. 230 DORIS L. COHEN,All Grades,2018,All Students,530,605.0,92.0,17.4,169.0,31.9,160.0,30.2,109.0,20.6,269.0,50.8,0.727,0.77,0,1
School,15K261,P.S. 261 ZIPPORIAH MILLS,All Grades,2022,All Students,138,602.0,20.0,14.5,52.0,37.7,53.0,38.4,13.0,9.4,66.0,47.8,0.354,0.358,0,0
School,15K261,P.S. 261 ZIPPORIAH MILLS,All Grades,2019,All Students,164,604.0,23.0,14.0,44.0,26.8,70.0,42.7,27.0,16.5,97.0,59.1,0.354,0.358,0,0
School,15K261,P.S. 261 ZIPPORIAH MILLS,All Grades,2018,All Students,149,605.0,22.0,14.8,39.0,26.2,62.0,41.6,26.0,17.4,88.0,59.1,0.354,0.358,0,0
School,15K295,P.S. 295,All Grades,2022,All Students,89,604.0,17.0,19.1,26.0,29.2,31.0,34.8,15.0,16.9,46.0,51.7,0.404,0.514,0,0
School,15K295,P.S. 295,All Grades,2019,All Students,162,606.0,20.0,12.3,39.0,24.1,74.0,45.7,29.0,17.9,103.0,63.6,0.404,0.514,0,0
School,15K295,P.S. 295,All Grades,2018,All Students,184,608.0,19.0,10.3,60.0,32.6,66.0,35.9,39.0,21.2,105.0,57.1,0.404,0.514,0,0
School,15K321,P.S. 321 WILLIAM PENN,All Grades,2022,All Students,470,613.0,9.0,1.9,90.0,19.1,232.0,49.4,139.0,29.6,371.0,78.9,0.088,0.07,0,0
School,15K321,P.S. 321 WILLIAM PENN,All Grades,2019,All Students,448,615.0,13.0,2.9,62.0,13.8,206.0,46.0,167.0,37.3,373.0,83.3,0.088,0.07,0,0
School,15K321,P.S. 321 WILLIAM PENN,All Grades,2018,All Students,425,618.0,5.0,1.2,58.0,13.6,199.0,46.8,163.0,38.4,362.0,85.2,0.088,0.07,0,0
School,15K442,M.S. 442 CARROLL GARDENS SCHOOL FOR INNOVATION,All Grades,2022,All Students,230,614.0,14.0,6.1,43.0,18.7,70.0,30.4,103.0,44.8,173.0,75.2,0.341,0.379,0,0
School,15K442,M.S. 442 CARROLL GARDENS SCHOOL FOR INNOVATION,All Grades,2019,All Students,227,609.0,21.0,9.3,52.0,22.9,73.0,32.2,81.0,35.7,154.0,67.8,0.341,0.379,0,0
School,15K442,M.S. 442 CARROLL GARDENS SCHOOL FOR INNOVATION,All Grades,2018,All Students,182,603.0,32.0,17.6,50.0,27.5,58.0,31.9,42.0,23.1,100.0,54.9,0.341,0.379,0,0
School,15K443,NEW VOICES SCHOOL OF ACADEMIC & CREATIVE ARTS,All Grades,2022,All Students,385,612.0,28.0,7.3,64.0,16.6,139.0,36.1,154.0,40.0,293.0,76.1,0.291,0.322,0,0
School,15K443,NEW VOICES SCHOOL OF ACADEMIC & CREATIVE ARTS,All Grades,2019,All Students,530,618.0,19.0,3.6,62.0,11.7,144.0,27.2,305.0,57.5,449.0,84.7,0.291,0.322,0,0
School,15K443,NEW VOICES SCHOOL OF ACADEMIC & CREATIVE ARTS,All Grades,2018,All Students,513,618.0,13.0,2.5,56.0,10.9,160.0,31.2,284.0,55.4,444.0,86.5,0.291,0.322,0,0
School,15K447,THE MATH & SCIENCE EXPLORATORY SCHOOL,All Grades,2022,All Students,355,614.0,25.0,7.0,62.0,17.5,103.0,29.0,165.0,46.5,268.0,75.5,0.273,0.283,0,0
School,15K447,THE MATH & SCIENCE EXPLORATORY SCHOOL,All Grades,2019,All Students,407,620.0,10.0,2.5,51.0,12.5,98.0,24.1,248.0,60.9,346.0,85.0,0.273,0.283,0,0
School,15K447,THE MATH & SCIENCE EXPLORATORY SCHOOL,All Grades,2018,All Students,393,621.0,8.0,2.0,39.0,9.9,120.0,30.5,226.0,57.5,346.0,88.0,0.273,0.283,0,0
School,15K448,BROOKLYN COLLABORATIVE STUDIES,All Grades,2022,All Students,126,609.0,14.0,11.1,33.0,26.2,30.0,23.8,49.0,38.9,79.0,62.7,0.662,0.679,0,0
School,15K448,BROOKLYN COLLABORATIVE STUDIES,All Grades,2019,All Students,79,590.0,39.0,49.4,20.0,25.3,12.0,15.2,8.0,10.1,20.0,25.3,0.662,0.679,0,0
School,15K448,BROOKLYN COLLABORATIVE STUDIES,All Grades,2018,All Students,60,594.0,21.0,35.0,19.0,31.7,18.0,30.0,2.0,3.3,20.0,33.3,0.662,0.679,0,0
School,15K464,PARK SLOPE COLLEGIATE,All Grades,2022,All Students,157,603.0,29.0,18.5,42.0,26.8,48.0,30.6,38.0,24.2,86.0,54.8,0.665,0.641,0,0
School,15K464,PARK SLOPE COLLEGIATE,All Grades,2019,All Students,180,599.0,47.0,26.1,54.0,30.0,47.0,26.1,32.0,17.8,79.0,43.9,0.665,0.641,0,0
School,15K464,PARK SLOPE COLLEGIATE,All Grades,2018,All Students,150,600.0,37.0,24.7,36.0,24.0,54.0,36.0,23.0,15.3,77.0,51.3,0.665,0.641,0,0
School,15K497,THE BOERUM HILL SCHOOL FOR INTERNATIONAL STUDIES,All Grades,2022,All Students,335,602.0,60.0,17.9,104.0,31.0,107.0,31.9,64.0,19.1,171.0,51.0,0.466,0.493,0,0
School,15K497,THE BOERUM HILL SCHOOL FOR INTERNATIONAL STUDIES,All Grades,2019,All Students,346,609.0,47.0,13.6,63.0,18.2,115.0,33.2,121.0,35.0,236.0,68.2,0.466,0.493,0,0
School,15K497,THE BOERUM HILL SCHOOL FOR INTERNATIONAL STUDIES,All Grades,2018,All Students,309,603.0,54.0,17.5,94.0,30.4,74.0,23.9,87.0,28.2,161.0,52.1,0.466,0.493,0,0
School,15K516,SUNSET PARK AVENUES ELEMENTARY SCHOOL,All Grades,2022,All Students,170,595.0,43.0,25.3,75.0,44.1,37.0,21.8,15.0,8.8,52.0,30.6,0.852,0.823,1,1
School,15K516,SUNSET PARK AVENUES ELEMENTARY SCHOOL,All Grades,2019,All Students,164,592.0,58.0,35.4,55.0,33.5,43.0,26.2,8.0,4.9,51.0,31.1,0.852,0.823,1,1
School,15K516,SUNSET PARK AVENUES ELEMENTARY SCHOOL,All Grades,2018,All Students,97,593.0,25.0,25.8,41.0,42.3,28.0,28.9,3.0,3.1,31.0,32.0,0.852,0.823,1,1
School,15K676,RED HOOK NEIGHBORHOOD SCHOOL,All Grades,2022,All Students,23,,,,,,,,,,,,0.95,0.95,1,1
School,15K676,RED HOOK NEIGHBORHOOD SCHOOL,All Grades,2019,All Students,74,585.0,31.0,41.9,31.0,41.9,10.0,13.5,2.0,2.7,12.0,16.2,0.95,0.95,1,1
School,15K676,RED HOOK NEIGHBORHOOD SCHOOL,All Grades,2018,All Students,91,582.0,48.0,52.7,31.0,34.1,11.0,12.1,1.0,1.1,12.0,13.2,0.95,0.95,1,1
School,15K821,SUNSET PARK PREP,All Grades,2022,All Students,387,594.0,133.0,34.4,131.0,33.9,86.0,22.2,37.0,9.6,123.0,31.8,0.927,0.899,1,1
School,15K821,SUNSET PARK PREP,All Grades,2019,All Students,505,598.0,120.0,23.8,186.0,36.8,140.0,27.7,59.0,11.7,199.0,39.4,0.927,0.899,1,1
School,15K821,SUNSET PARK PREP,All Grades,2018,All Students,485,598.0,111.0,22.9,179.0,36.9,142.0,29.3,53.0,10.9,195.0,40.2,0.927,0.899,1,1
School,15K839,M.S. 839,All Grades,2022,All Students,179,606.0,30.0,16.8,41.0,22.9,58.0,32.4,50.0,27.9,108.0,60.3,0.426,0.457,0,0
School,15K839,M.S. 839,All Grades,2019,All Students,165,604.0,30.0,18.2,43.0,26.1,42.0,25.5,50.0,30.3,92.0,55.8,0.426,0.457,0,0
School,15K839,M.S. 839,All Grades,2018,All Students,157,608.0,14.0,8.9,51.0,32.5,49.0,31.2,43.0,27.4,92.0,58.6,0.426,0.457,0,0
School,15K896,THE SCHOOL OF CREATIVITY AND INNOVATION,All Grades,2022,All Students,9,600.0,2.0,22.2,2.0,22.2,5.0,55.6,0.0,0.0,5.0,55.6,0.947,0.88,1,1
School,16K005,P.S. 005 DR. RONALD MCNAIR,All Grades,2022,All Students,42,598.0,9.0,21.4,17.0,40.5,9.0,21.4,7.0,16.7,16.0,38.1,0.847,0.833,1,1
School,16K005,P.S. 005 DR. RONALD MCNAIR,All Grades,2019,All Students,68,593.0,22.0,32.4,26.0,38.2,17.0,25.0,3.0,4.4,20.0,29.4,0.847,0.833,1,1
School,16K005,P.S. 005 DR. RONALD MCNAIR,All Grades,2018,All Students,67,603.0,15.0,22.4,20.0,29.9,18.0,26.9,14.0,20.9,32.0,47.8,0.847,0.833,1,1
School,16K021,P.S. 021 CRISPUS ATTUCKS,All Grades,2022,All Students,178,605.0,24.0,13.5,56.0,31.5,60.0,33.7,38.0,21.3,98.0,55.1,0.742,0.808,1,1
School,16K021,P.S. 021 CRISPUS ATTUCKS,All Grades,2019,All Students,240,603.0,41.0,17.1,64.0,26.7,95.0,39.6,40.0,16.7,135.0,56.3,0.742,0.808,1,1
School,16K021,P.S. 021 CRISPUS ATTUCKS,All Grades,2018,All Students,258,605.0,39.0,15.1,71.0,27.5,105.0,40.7,43.0,16.7,148.0,57.4,0.742,0.808,1,1
School,16K025,P.S. 025 EUBIE BLAKE SCHOOL,All Grades,2022,All Students,23,,,,,,,,,,,,0.95,0.947,1,1
School,16K025,P.S. 025 EUBIE BLAKE SCHOOL,All Grades,2019,All Students,30,599.0,8.0,26.7,6.0,20.0,13.0,43.3,3.0,10.0,16.0,53.3,0.95,0.947,1,1
School,16K025,P.S. 025 EUBIE BLAKE SCHOOL,All Grades,2018,All Students,42,601.0,11.0,26.2,10.0,23.8,17.0,40.5,4.0,9.5,21.0,50.0,0.95,0.947,1,1
School,16K026,P.S. 026 JESSE OWENS,All Grades,2022,All Students,63,604.0,9.0,14.3,21.0,33.3,23.0,36.5,10.0,15.9,33.0,52.4,0.741,0.798,1,1
School,16K026,P.S. 026 JESSE OWENS,All Grades,2019,All Students,135,606.0,21.0,15.6,30.0,22.2,56.0,41.5,28.0,20.7,84.0,62.2,0.741,0.798,1,1
School,16K026,P.S. 026 JESSE OWENS,All Grades,2018,All Students,109,604.0,23.0,21.1,25.0,22.9,42.0,38.5,19.0,17.4,61.0,56.0,0.741,0.798,1,1
School,16K035,M.S. 035 STEPHEN DECATUR,All Grades,2022,All Students,156,604.0,36.0,23.1,44.0,28.2,35.0,22.4,41.0,26.3,76.0,48.7,0.889,0.881,1,1
School,16K035,M.S. 035 STEPHEN DECATUR,All Grades,2019,All Students,208,597.0,52.0,25.0,78.0,37.5,58.0,27.9,20.0,9.6,78.0,37.5,0.889,0.881,1,1
School,16K035,M.S. 035 STEPHEN DECATUR,All Grades,2018,All Students,225,594.0,76.0,33.8,89.0,39.6,41.0,18.2,19.0,8.4,60.0,26.7,0.889,0.881,1,1
School,16K040,P.S. 040 GEORGE W. CARVER,All Grades,2022,All Students,118,604.0,17.0,14.4,41.0,34.7,37.0,31.4,23.0,19.5,60.0,50.8,0.845,0.912,1,1
School,16K040,P.S. 040 GEORGE W. CARVER,All Grades,2019,All Students,143,604.0,30.0,21.0,34.0,23.8,48.0,33.6,31.0,21.7,79.0,55.2,0.845,0.912,1,1
School,16K040,P.S. 040 GEORGE W. CARVER,All Grades,2018,All Students,127,607.0,19.0,15.0,28.0,22.0,56.0,44.1,24.0,18.9,80.0,63.0,0.845,0.912,1,1
School,16K057,WHITELAW REID ACADEMY OF ARTS AND BUSINESS,All Grades,2022,All Students,79,596.0,25.0,31.6,22.0,27.8,23.0,29.1,9.0,11.4,32.0,40.5,0.95,0.92,1,1
School,16K057,WHITELAW REID ACADEMY OF ARTS AND BUSINESS,All Grades,2019,All Students,132,596.0,42.0,31.8,48.0,36.4,25.0,18.9,17.0,12.9,42.0,31.8,0.95,0.92,1,1
School,16K057,WHITELAW REID ACADEMY OF ARTS AND BUSINESS,All Grades,2018,All Students,155,595.0,46.0,29.7,62.0,40.0,33.0,21.3,14.0,9.0,47.0,30.3,0.95,0.92,1,1
School,16K081,P.S. 081 THADDEUS STEVENS,All Grades,2022,All Students,80,590.0,32.0,40.0,29.0,36.3,17.0,21.3,2.0,2.5,19.0,23.8,0.93,0.91,1,1
School,16K081,P.S. 081 THADDEUS STEVENS,All Grades,2019,All Students,106,589.0,48.0,45.3,24.0,22.6,33.0,31.1,1.0,0.9,34.0,32.1,0.93,0.91,1,1
School,16K081,P.S. 081 THADDEUS STEVENS,All Grades,2018,All Students,114,593.0,40.0,35.1,47.0,41.2,23.0,20.2,4.0,3.5,27.0,23.7,0.93,0.91,1,1
School,16K243,P.S. 243K- THE WEEKSVILLE SCHOOL,All Grades,2022,All Students,76,585.0,43.0,56.6,19.0,25.0,11.0,14.5,3.0,3.9,14.0,18.4,0.934,0.935,1,1
School,16K243,P.S. 243K- THE WEEKSVILLE SCHOOL,All Grades,2019,All Students,91,589.0,37.0,40.7,34.0,37.4,18.0,19.8,2.0,2.2,20.0,22.0,0.934,0.935,1,1
School,16K243,P.S. 243K- THE WEEKSVILLE SCHOOL,All Grades,2018,All Students,97,594.0,32.0,33.0,36.0,37.1,23.0,23.7,6.0,6.2,29.0,29.9,0.934,0.935,1,1
School,16K262,P.S. 262 EL HAJJ MALIK EL SHABAZZ ELEMENTARY SCHOO,All Grades,2022,All Students,47,594.0,12.0,25.5,18.0,38.3,16.0,34.0,1.0,2.1,17.0,36.2,0.898,0.828,1,1
School,16K262,P.S. 262 EL HAJJ MALIK EL SHABAZZ ELEMENTARY SCHOO,All Grades,2019,All Students,83,600.0,18.0,21.7,23.0,27.7,31.0,37.3,11.0,13.3,42.0,50.6,0.898,0.828,1,1
School,16K262,P.S. 262 EL HAJJ MALIK EL SHABAZZ ELEMENTARY SCHOO,All Grades,2018,All Students,91,604.0,16.0,17.6,24.0,26.4,32.0,35.2,19.0,20.9,51.0,56.0,0.898,0.828,1,1
School,16K267,"M.S. 267 MATH, SCIENCE & TECHNOLOGY",All Grades,2022,All Students,140,600.0,31.0,22.1,48.0,34.3,42.0,30.0,19.0,13.6,61.0,43.6,0.873,0.87,1,1
School,16K267,"M.S. 267 MATH, SCIENCE & TECHNOLOGY",All Grades,2019,All Students,172,598.0,46.0,26.7,58.0,33.7,43.0,25.0,25.0,14.5,68.0,39.5,0.873,0.87,1,1
School,16K267,"M.S. 267 MATH, SCIENCE & TECHNOLOGY",All Grades,2018,All Students,205,596.0,67.0,32.7,73.0,35.6,42.0,20.5,23.0,11.2,65.0,31.7,0.873,0.87,1,1
School,16K308,P.S. 308 CLARA CARDWELL,All Grades,2022,All Students,111,594.0,37.0,33.3,38.0,34.2,26.0,23.4,10.0,9.0,36.0,32.4,0.932,0.912,1,1
School,16K308,P.S. 308 CLARA CARDWELL,All Grades,2019,All Students,136,585.0,71.0,52.2,39.0,28.7,18.0,13.2,8.0,5.9,26.0,19.1,0.932,0.912,1,1
School,16K308,P.S. 308 CLARA CARDWELL,All Grades,2018,All Students,167,588.0,83.0,49.7,50.0,29.9,25.0,15.0,9.0,5.4,34.0,20.4,0.932,0.912,1,1
School,16K309,P.S. 309 THE GEORGE E. WIBECAN PREPARATORY ACADEMY,All Grades,2022,All Students,47,591.0,16.0,34.0,21.0,44.7,7.0,14.9,3.0,6.4,10.0,21.3,0.861,0.844,1,1
School,16K309,P.S. 309 THE GEORGE E. WIBECAN PREPARATORY ACADEMY,All Grades,2019,All Students,82,589.0,35.0,42.7,28.0,34.1,13.0,15.9,6.0,7.3,19.0,23.2,0.861,0.844,1,1
School,16K309,P.S. 309 THE GEORGE E. WIBECAN PREPARATORY ACADEMY,All Grades,2018,All Students,84,588.0,38.0,45.2,27.0,32.1,16.0,19.0,3.0,3.6,19.0,22.6,0.861,0.844,1,1
School,16K335,P.S. 335 GRANVILLE T. WOODS,All Grades,2022,All Students,64,596.0,18.0,28.1,22.0,34.4,22.0,34.4,2.0,3.1,24.0,37.5,0.911,0.929,1,1
School,16K335,P.S. 335 GRANVILLE T. WOODS,All Grades,2019,All Students,97,595.0,27.0,27.8,33.0,34.0,32.0,33.0,5.0,5.2,37.0,38.1,0.911,0.929,1,1
School,16K335,P.S. 335 GRANVILLE T. WOODS,All Grades,2018,All Students,106,596.0,23.0,21.7,50.0,47.2,29.0,27.4,4.0,3.8,33.0,31.1,0.911,0.929,1,1
School,16K627,BRIGHTER CHOICE COMMUNITY SCHOOL,All Grades,2022,All Students,65,592.0,20.0,30.8,22.0,33.8,22.0,33.8,1.0,1.5,23.0,35.4,0.803,0.766,1,1
School,16K627,BRIGHTER CHOICE COMMUNITY SCHOOL,All Grades,2019,All Students,103,593.0,31.0,30.1,38.0,36.9,25.0,24.3,9.0,8.7,34.0,33.0,0.803,0.766,1,1
School,16K627,BRIGHTER CHOICE COMMUNITY SCHOOL,All Grades,2018,All Students,109,601.0,23.0,21.1,35.0,32.1,38.0,34.9,13.0,11.9,51.0,46.8,0.803,0.766,1,1
School,16K628,BROOKLYN BROWNSTONE SCHOOL,All Grades,2022,All Students,80,604.0,12.0,15.0,23.0,28.8,29.0,36.3,16.0,20.0,45.0,56.3,0.738,0.63,0,0
School,16K628,BROOKLYN BROWNSTONE SCHOOL,All Grades,2019,All Students,73,606.0,8.0,11.0,21.0,28.8,36.0,49.3,8.0,11.0,44.0,60.3,0.738,0.63,0,0
School,16K628,BROOKLYN BROWNSTONE SCHOOL,All Grades,2018,All Students,64,606.0,7.0,10.9,22.0,34.4,27.0,42.2,8.0,12.5,35.0,54.7,0.738,0.63,0,0
School,16K681,MADIBA PREP MIDDLE SCHOOL,All Grades,2022,All Students,183,595.0,53.0,29.0,74.0,40.4,39.0,21.3,17.0,9.3,56.0,30.6,0.916,0.883,1,1
School,16K681,MADIBA PREP MIDDLE SCHOOL,All Grades,2019,All Students,149,592.0,54.0,36.2,52.0,34.9,35.0,23.5,8.0,5.4,43.0,28.9,0.916,0.883,1,1
School,16K681,MADIBA PREP MIDDLE SCHOOL,All Grades,2018,All Students,141,592.0,44.0,31.2,58.0,41.1,29.0,20.6,10.0,7.1,39.0,27.7,0.916,0.883,1,1
School,16K898,THE BROOKLYN GREEN SCHOOL,All Grades,2022,All Students,130,602.0,24.0,18.5,45.0,34.6,35.0,26.9,26.0,20.0,61.0,46.9,0.902,0.859,1,1
School,16K898,THE BROOKLYN GREEN SCHOOL,All Grades,2019,All Students,37,587.0,14.0,37.8,17.0,45.9,5.0,13.5,1.0,2.7,6.0,16.2,0.902,0.859,1,1
School,17K002,PARKSIDE PREPARATORY ACADEMY,All Grades,2022,All Students,319,598.0,87.0,27.3,97.0,30.4,101.0,31.7,34.0,10.7,135.0,42.3,0.899,0.797,1,1
School,17K002,PARKSIDE PREPARATORY ACADEMY,All Grades,2019,All Students,451,595.0,141.0,31.3,139.0,30.8,107.0,23.7,64.0,14.2,171.0,37.9,0.899,0.797,1,1
School,17K002,PARKSIDE PREPARATORY ACADEMY,All Grades,2018,All Students,463,599.0,125.0,27.0,131.0,28.3,131.0,28.3,76.0,16.4,207.0,44.7,0.899,0.797,1,1
School,17K006,NORMA ADAMS CLEMONS ACADEMY,All Grades,2022,All Students,252,592.0,93.0,36.9,82.0,32.5,63.0,25.0,14.0,5.6,77.0,30.6,0.835,0.859,1,1
School,17K006,NORMA ADAMS CLEMONS ACADEMY,All Grades,2019,All Students,336,592.0,126.0,37.5,98.0,29.2,94.0,28.0,18.0,5.4,112.0,33.3,0.835,0.859,1,1
School,17K006,NORMA ADAMS CLEMONS ACADEMY,All Grades,2018,All Students,335,589.0,133.0,39.7,136.0,40.6,56.0,16.7,10.0,3.0,66.0,19.7,0.835,0.859,1,1
School,17K012,DR. JACQUELINE PEEK-DAVIS SCHOOL,All Grades,2022,All Students,66,,,,,,,,,,,,0.943,0.926,1,1
School,17K012,DR. JACQUELINE PEEK-DAVIS SCHOOL,All Grades,2019,All Students,101,596.0,31.0,30.7,29.0,28.7,29.0,28.7,12.0,11.9,41.0,40.6,0.943,0.926,1,1
School,17K012,DR. JACQUELINE PEEK-DAVIS SCHOOL,All Grades,2018,All Students,94,593.0,29.0,30.9,34.0,36.2,24.0,25.5,7.0,7.4,31.0,33.0,0.943,0.926,1,1
School,17K061,M.S. 061 DR. GLADSTONE H. ATWELL,All Grades,2022,All Students,336,600.0,85.0,25.3,95.0,28.3,91.0,27.1,65.0,19.3,156.0,46.4,0.741,0.776,1,1
School,17K061,M.S. 061 DR. GLADSTONE H. ATWELL,All Grades,2019,All Students,617,596.0,182.0,29.5,230.0,37.3,129.0,20.9,76.0,12.3,205.0,33.2,0.741,0.776,1,1
School,17K061,M.S. 061 DR. GLADSTONE H. ATWELL,All Grades,2018,All Students,670,597.0,179.0,26.7,246.0,36.7,163.0,24.3,82.0,12.2,245.0,36.6,0.741,0.776,1,1
School,17K091,P.S. 091 THE ALBANY AVENUE SCHOOL,All Grades,2022,All Students,87,597.0,24.0,27.6,32.0,36.8,21.0,24.1,10.0,11.5,31.0,35.6,0.89,0.826,1,1
School,17K091,P.S. 091 THE ALBANY AVENUE SCHOOL,All Grades,2019,All Students,105,603.0,23.0,21.9,23.0,21.9,41.0,39.0,18.0,17.1,59.0,56.2,0.89,0.826,1,1
School,17K091,P.S. 091 THE ALBANY AVENUE SCHOOL,All Grades,2018,All Students,119,599.0,31.0,26.1,30.0,25.2,47.0,39.5,11.0,9.2,58.0,48.7,0.89,0.826,1,1
School,17K092,P.S. 092 ADRIAN HEGEMAN,All Grades,2022,All Students,127,595.0,33.0,26.0,58.0,45.7,26.0,20.5,10.0,7.9,36.0,28.3,0.884,0.832,1,1
School,17K092,P.S. 092 ADRIAN HEGEMAN,All Grades,2019,All Students,188,591.0,74.0,39.4,62.0,33.0,45.0,23.9,7.0,3.7,52.0,27.7,0.884,0.832,1,1
School,17K092,P.S. 092 ADRIAN HEGEMAN,All Grades,2018,All Students,191,590.0,77.0,40.3,60.0,31.4,43.0,22.5,11.0,5.8,54.0,28.3,0.884,0.832,1,1
School,17K138,P.S. 138 BROOKLYN,All Grades,2022,All Students,248,601.0,47.0,19.0,81.0,32.7,75.0,30.2,45.0,18.1,120.0,48.4,0.868,0.807,1,1
School,17K138,P.S. 138 BROOKLYN,All Grades,2019,All Students,350,604.0,57.0,16.3,107.0,30.6,113.0,32.3,73.0,20.9,186.0,53.1,0.868,0.807,1,1
School,17K138,P.S. 138 BROOKLYN,All Grades,2018,All Students,382,602.0,79.0,20.7,106.0,27.7,138.0,36.1,59.0,15.4,197.0,51.6,0.868,0.807,1,1
School,17K161,P.S. 161 THE CROWN,All Grades,2022,All Students,115,602.0,21.0,18.3,42.0,36.5,38.0,33.0,14.0,12.2,52.0,45.2,0.919,0.839,1,1
School,17K161,P.S. 161 THE CROWN,All Grades,2019,All Students,153,597.0,44.0,28.8,48.0,31.4,52.0,34.0,9.0,5.9,61.0,39.9,0.919,0.839,1,1
School,17K161,P.S. 161 THE CROWN,All Grades,2018,All Students,168,594.0,53.0,31.5,64.0,38.1,44.0,26.2,7.0,4.2,51.0,30.4,0.919,0.839,1,1
School,17K181,P.S. 181 BROOKLYN,All Grades,2022,All Students,341,592.0,116.0,34.0,125.0,36.7,71.0,20.8,29.0,8.5,100.0,29.3,0.792,0.829,1,1
School,17K181,P.S. 181 BROOKLYN,All Grades,2019,All Students,408,590.0,168.0,41.2,139.0,34.1,73.0,17.9,28.0,6.9,101.0,24.8,0.792,0.829,1,1
School,17K181,P.S. 181 BROOKLYN,All Grades,2018,All Students,428,594.0,129.0,30.1,158.0,36.9,109.0,25.5,32.0,7.5,141.0,32.9,0.792,0.829,1,1
School,17K189,P.S. 189 THE BILINGUAL CENTER,All Grades,2022,All Students,572,605.0,84.0,14.7,165.0,28.8,193.0,33.7,130.0,22.7,323.0,56.5,0.902,0.818,1,1
School,17K189,P.S. 189 THE BILINGUAL CENTER,All Grades,2019,All Students,695,603.0,107.0,15.4,213.0,30.6,224.0,32.2,151.0,21.7,375.0,54.0,0.902,0.818,1,1
School,17K189,P.S. 189 THE BILINGUAL CENTER,All Grades,2018,All Students,660,606.0,92.0,13.9,171.0,25.9,238.0,36.1,159.0,24.1,397.0,60.2,0.902,0.818,1,1
School,17K191,P.S. 191 PAUL ROBESON,All Grades,2022,All Students,42,607.0,6.0,14.3,12.0,28.6,12.0,28.6,12.0,28.6,24.0,57.1,0.95,0.918,1,1
School,17K191,P.S. 191 PAUL ROBESON,All Grades,2019,All Students,44,606.0,7.0,15.9,11.0,25.0,13.0,29.5,13.0,29.5,26.0,59.1,0.95,0.918,1,1
School,17K191,P.S. 191 PAUL ROBESON,All Grades,2018,All Students,48,609.0,8.0,16.7,10.0,20.8,21.0,43.8,9.0,18.8,30.0,62.5,0.95,0.918,1,1
School,17K221,P.S. 221 TOUSSAINT L'OUVERTURE,All Grades,2022,All Students,68,590.0,27.0,39.7,24.0,35.3,9.0,13.2,8.0,11.8,17.0,25.0,0.829,0.844,1,1
School,17K221,P.S. 221 TOUSSAINT L'OUVERTURE,All Grades,2019,All Students,127,596.0,36.0,28.3,46.0,36.2,33.0,26.0,12.0,9.4,45.0,35.4,0.829,0.844,1,1
School,17K221,P.S. 221 TOUSSAINT L'OUVERTURE,All Grades,2018,All Students,122,594.0,42.0,34.4,34.0,27.9,40.0,32.8,6.0,4.9,46.0,37.7,0.829,0.844,1,1
School,17K241,P.S. 241 EMMA L. JOHNSTON,All Grades,2022,All Students,151,604.0,25.0,16.6,52.0,34.4,40.0,26.5,34.0,22.5,74.0,49.0,0.868,0.802,1,1
School,17K241,P.S. 241 EMMA L. JOHNSTON,All Grades,2019,All Students,208,603.0,41.0,19.7,58.0,27.9,78.0,37.5,31.0,14.9,109.0,52.4,0.868,0.802,1,1
School,17K241,P.S. 241 EMMA L. JOHNSTON,All Grades,2018,All Students,236,602.0,48.0,20.3,66.0,28.0,90.0,38.1,32.0,13.6,122.0,51.7,0.868,0.802,1,1
School,17K246,M.S. 246 WALT WHITMAN,All Grades,2022,All Students,240,597.0,63.0,26.3,84.0,35.0,61.0,25.4,32.0,13.3,93.0,38.8,0.861,0.873,1,1
School,17K246,M.S. 246 WALT WHITMAN,All Grades,2019,All Students,361,592.0,121.0,33.5,131.0,36.3,80.0,22.2,29.0,8.0,109.0,30.2,0.861,0.873,1,1
School,17K246,M.S. 246 WALT WHITMAN,All Grades,2018,All Students,357,593.0,115.0,32.2,142.0,39.8,77.0,21.6,23.0,6.4,100.0,28.0,0.861,0.873,1,1
School,17K249,P.S. 249 THE CATON,All Grades,2022,All Students,323,608.0,23.0,7.1,91.0,28.2,148.0,45.8,61.0,18.9,209.0,64.7,0.738,0.786,0,1
School,17K249,P.S. 249 THE CATON,All Grades,2019,All Students,378,608.0,26.0,6.9,102.0,27.0,184.0,48.7,66.0,17.5,250.0,66.1,0.738,0.786,0,1
School,17K249,P.S. 249 THE CATON,All Grades,2018,All Students,363,610.0,35.0,9.6,85.0,23.4,157.0,43.3,86.0,23.7,243.0,66.9,0.738,0.786,0,1
School,17K289,P.S. 289 GEORGE V. BROWER,All Grades,2022,All Students,98,598.0,20.0,20.4,43.0,43.9,24.0,24.5,11.0,11.2,35.0,35.7,0.815,0.86,1,1
School,17K289,P.S. 289 GEORGE V. BROWER,All Grades,2019,All Students,149,601.0,29.0,19.5,51.0,34.2,47.0,31.5,22.0,14.8,69.0,46.3,0.815,0.86,1,1
School,17K289,P.S. 289 GEORGE V. BROWER,All Grades,2018,All Students,167,602.0,26.0,15.6,59.0,35.3,46.0,27.5,36.0,21.6,82.0,49.1,0.815,0.86,1,1
School,17K316,P.S. 316 ELIJAH STROUD,All Grades,2022,All Students,203,610.0,20.0,9.9,45.0,22.2,79.0,38.9,59.0,29.1,138.0,68.0,0.659,0.605,0,0
School,17K316,P.S. 316 ELIJAH STROUD,All Grades,2019,All Students,207,611.0,14.0,6.8,54.0,26.1,80.0,38.6,59.0,28.5,139.0,67.1,0.659,0.605,0,0
School,17K316,P.S. 316 ELIJAH STROUD,All Grades,2018,All Students,183,607.0,24.0,13.1,60.0,32.8,61.0,33.3,38.0,20.8,99.0,54.1,0.659,0.605,0,0
School,17K340,I.S. 340,All Grades,2022,All Students,166,605.0,18.0,10.8,50.0,30.1,59.0,35.5,39.0,23.5,98.0,59.0,0.833,0.762,1,1
School,17K340,I.S. 340,All Grades,2019,All Students,183,600.0,35.0,19.1,63.0,34.4,63.0,34.4,22.0,12.0,85.0,46.4,0.833,0.762,1,1
School,17K340,I.S. 340,All Grades,2018,All Students,198,603.0,34.0,17.2,65.0,32.8,69.0,34.8,30.0,15.2,99.0,50.0,0.833,0.762,1,1
School,17K352,EBBETS FIELD MIDDLE SCHOOL,All Grades,2022,All Students,107,600.0,23.0,21.5,34.0,31.8,33.0,30.8,17.0,15.9,50.0,46.7,0.94,0.87,1,1
School,17K352,EBBETS FIELD MIDDLE SCHOOL,All Grades,2019,All Students,120,593.0,43.0,35.8,41.0,34.2,21.0,17.5,15.0,12.5,36.0,30.0,0.94,0.87,1,1
School,17K352,EBBETS FIELD MIDDLE SCHOOL,All Grades,2018,All Students,140,588.0,71.0,50.7,35.0,25.0,26.0,18.6,8.0,5.7,34.0,24.3,0.94,0.87,1,1
School,17K353,ELIJAH STROUD MIDDLE SCHOOL,All Grades,2022,All Students,121,,,,,,,,,,,,0.884,0.863,1,1
School,17K353,ELIJAH STROUD MIDDLE SCHOOL,All Grades,2019,All Students,151,590.0,55.0,36.4,54.0,35.8,33.0,21.9,9.0,6.0,42.0,27.8,0.884,0.863,1,1
School,17K353,ELIJAH STROUD MIDDLE SCHOOL,All Grades,2018,All Students,127,596.0,38.0,29.9,48.0,37.8,32.0,25.2,9.0,7.1,41.0,32.3,0.884,0.863,1,1
School,17K354,THE SCHOOL OF INTEGRATED LEARNING,All Grades,2022,All Students,231,605.0,24.0,10.4,69.0,29.9,79.0,34.2,59.0,25.5,138.0,59.7,0.845,0.778,1,1
School,17K354,THE SCHOOL OF INTEGRATED LEARNING,All Grades,2019,All Students,280,607.0,45.0,16.1,64.0,22.9,75.0,26.8,96.0,34.3,171.0,61.1,0.845,0.778,1,1
School,17K354,THE SCHOOL OF INTEGRATED LEARNING,All Grades,2018,All Students,219,603.0,37.0,16.9,66.0,30.1,56.0,25.6,60.0,27.4,116.0,53.0,0.845,0.778,1,1
School,17K375,P.S. 375 JACKIE ROBINSON SCHOOL,All Grades,2022,All Students,99,586.0,46.0,46.5,40.0,40.4,9.0,9.1,4.0,4.0,13.0,13.1,0.95,0.845,1,1
School,17K375,P.S. 375 JACKIE ROBINSON SCHOOL,All Grades,2019,All Students,163,590.0,69.0,42.3,55.0,33.7,30.0,18.4,9.0,5.5,39.0,23.9,0.95,0.845,1,1
School,17K375,P.S. 375 JACKIE ROBINSON SCHOOL,All Grades,2018,All Students,192,595.0,52.0,27.1,80.0,41.7,49.0,25.5,11.0,5.7,60.0,31.3,0.95,0.845,1,1
School,17K382,ACADEMY FOR COLLEGE PREPARATION AND CAREER EXPLORA,All Grades,2022,All Students,134,598.0,32.0,23.9,53.0,39.6,31.0,23.1,18.0,13.4,49.0,36.6,0.85,0.811,1,1
School,17K382,ACADEMY FOR COLLEGE PREPARATION AND CAREER EXPLORA,All Grades,2019,All Students,115,593.0,40.0,34.8,47.0,40.9,21.0,18.3,7.0,6.1,28.0,24.3,0.85,0.811,1,1
School,17K382,ACADEMY FOR COLLEGE PREPARATION AND CAREER EXPLORA,All Grades,2018,All Students,119,593.0,39.0,32.8,51.0,42.9,23.0,19.3,6.0,5.0,29.0,24.4,0.85,0.811,1,1
School,17K394,M.S. K394,All Grades,2022,All Students,162,590.0,69.0,42.6,61.0,37.7,25.0,15.4,7.0,4.3,32.0,19.8,0.865,0.866,1,1
School,17K394,M.S. K394,All Grades,2019,All Students,235,593.0,81.0,34.5,84.0,35.7,52.0,22.1,18.0,7.7,70.0,29.8,0.865,0.866,1,1
School,17K394,M.S. K394,All Grades,2018,All Students,268,597.0,76.0,28.4,99.0,36.9,61.0,22.8,32.0,11.9,93.0,34.7,0.865,0.866,1,1
School,17K397,P.S. 397 FOSTER-LAURIE,All Grades,2022,All Students,62,606.0,5.0,8.1,22.0,35.5,23.0,37.1,12.0,19.4,35.0,56.5,0.856,0.801,1,1
School,17K397,P.S. 397 FOSTER-LAURIE,All Grades,2019,All Students,71,604.0,9.0,12.7,27.0,38.0,20.0,28.2,15.0,21.1,35.0,49.3,0.856,0.801,1,1
School,17K397,P.S. 397 FOSTER-LAURIE,All Grades,2018,All Students,92,603.0,17.0,18.5,29.0,31.5,35.0,38.0,11.0,12.0,46.0,50.0,0.856,0.801,1,1
School,17K398,P.S. 398 WALTER WEAVER,All Grades,2022,All Students,100,588.0,40.0,40.0,43.0,43.0,13.0,13.0,4.0,4.0,17.0,17.0,0.95,0.93,1,1
School,17K398,P.S. 398 WALTER WEAVER,All Grades,2019,All Students,120,595.0,33.0,27.5,43.0,35.8,35.0,29.2,9.0,7.5,44.0,36.7,0.95,0.93,1,1
School,17K398,P.S. 398 WALTER WEAVER,All Grades,2018,All Students,117,592.0,31.0,26.5,63.0,53.8,17.0,14.5,6.0,5.1,23.0,19.7,0.95,0.93,1,1
School,17K399,P.S. 399 STANLEY EUGENE CLARK,All Grades,2022,All Students,74,598.0,20.0,27.0,26.0,35.1,22.0,29.7,6.0,8.1,28.0,37.8,0.95,0.853,1,1
School,17K399,P.S. 399 STANLEY EUGENE CLARK,All Grades,2019,All Students,173,592.0,64.0,37.0,53.0,30.6,42.0,24.3,14.0,8.1,56.0,32.4,0.95,0.853,1,1
School,17K399,P.S. 399 STANLEY EUGENE CLARK,All Grades,2018,All Students,204,596.0,55.0,27.0,80.0,39.2,53.0,26.0,16.0,7.8,69.0,33.8,0.95,0.853,1,1
School,17K484,RONALD EDMONDS LEARNING CENTER II,All Grades,2022,All Students,124,597.0,38.0,30.6,40.0,32.3,34.0,27.4,12.0,9.7,46.0,37.1,0.881,0.896,1,1
School,17K484,RONALD EDMONDS LEARNING CENTER II,All Grades,2019,All Students,133,597.0,30.0,22.6,58.0,43.6,27.0,20.3,18.0,13.5,45.0,33.8,0.881,0.896,1,1
School,17K484,RONALD EDMONDS LEARNING CENTER II,All Grades,2018,All Students,124,601.0,22.0,17.7,54.0,43.5,27.0,21.8,21.0,16.9,48.0,38.7,0.881,0.896,1,1
School,18K066,P.S. 66,All Grades,2019,All Students,524,598.0,118.0,22.5,210.0,40.1,136.0,26.0,60.0,11.5,196.0,37.4,0.678,0.602,0,0
School,17K532,NEW BRIDGES ELEMENTARY,All Grades,2022,All Students,155,599.0,27.0,17.4,71.0,45.8,42.0,27.1,15.0,9.7,57.0,36.8,0.871,0.855,1,1
School,17K532,NEW BRIDGES ELEMENTARY,All Grades,2019,All Students,172,595.0,51.0,29.7,53.0,30.8,59.0,34.3,9.0,5.2,68.0,39.5,0.871,0.855,1,1
School,17K532,NEW BRIDGES ELEMENTARY,All Grades,2018,All Students,168,594.0,49.0,29.2,63.0,37.5,45.0,26.8,11.0,6.5,56.0,33.3,0.871,0.855,1,1
School,17K543,"SCIENCE, TECHNOLOGY AND RESEARCH EARLY COLLEGE HIG",All Grades,2022,All Students,152,614.0,4.0,2.6,24.0,15.8,73.0,48.0,51.0,33.6,124.0,81.6,0.78,0.605,1,0
School,17K543,"SCIENCE, TECHNOLOGY AND RESEARCH EARLY COLLEGE HIG",All Grades,2019,All Students,195,614.0,2.0,1.0,32.0,16.4,74.0,37.9,87.0,44.6,161.0,82.6,0.78,0.605,1,0
School,17K543,"SCIENCE, TECHNOLOGY AND RESEARCH EARLY COLLEGE HIG",All Grades,2018,All Students,172,611.0,2.0,1.2,40.0,23.3,77.0,44.8,53.0,30.8,130.0,75.6,0.78,0.605,1,0
School,17K590,MEDGAR EVERS COLLEGE PREPARATORY SCHOOL,All Grades,2022,All Students,341,,,,,,,,,,,,0.676,0.545,0,0
School,17K590,MEDGAR EVERS COLLEGE PREPARATORY SCHOOL,All Grades,2019,All Students,424,614.0,26.0,6.1,58.0,13.7,151.0,35.6,189.0,44.6,340.0,80.2,0.676,0.545,0,0
School,17K590,MEDGAR EVERS COLLEGE PREPARATORY SCHOOL,All Grades,2018,All Students,344,618.0,4.0,1.2,43.0,12.5,113.0,32.8,184.0,53.5,297.0,86.3,0.676,0.545,0,0
School,17K705,BROOKLYN ARTS AND SCIENCE ELEMENTARY SCHOOL,All Grades,2022,All Students,108,597.0,25.0,23.1,50.0,46.3,22.0,20.4,11.0,10.2,33.0,30.6,0.67,0.633,0,0
School,17K705,BROOKLYN ARTS AND SCIENCE ELEMENTARY SCHOOL,All Grades,2019,All Students,135,593.0,46.0,34.1,42.0,31.1,32.0,23.7,15.0,11.1,47.0,34.8,0.67,0.633,0,0
School,17K705,BROOKLYN ARTS AND SCIENCE ELEMENTARY SCHOOL,All Grades,2018,All Students,135,592.0,51.0,37.8,49.0,36.3,28.0,20.7,7.0,5.2,35.0,25.9,0.67,0.633,0,0
School,17K722,NEW HEIGHTS MIDDLE SCHOOL,All Grades,2022,All Students,183,601.0,34.0,18.6,65.0,35.5,60.0,32.8,24.0,13.1,84.0,45.9,0.791,0.79,1,1
School,17K722,NEW HEIGHTS MIDDLE SCHOOL,All Grades,2019,All Students,243,591.0,106.0,43.6,75.0,30.9,40.0,16.5,22.0,9.1,62.0,25.5,0.791,0.79,1,1
School,17K722,NEW HEIGHTS MIDDLE SCHOOL,All Grades,2018,All Students,215,592.0,86.0,40.0,79.0,36.7,31.0,14.4,19.0,8.8,50.0,23.3,0.791,0.79,1,1
School,17K770,P.S. 770 NEW AMERICAN ACADEMY,All Grades,2022,All Students,89,605.0,15.0,16.9,27.0,30.3,32.0,36.0,15.0,16.9,47.0,52.8,0.539,0.548,0,0
School,17K770,P.S. 770 NEW AMERICAN ACADEMY,All Grades,2019,All Students,107,602.0,20.0,18.7,31.0,29.0,41.0,38.3,15.0,14.0,56.0,52.3,0.539,0.548,0,0
School,17K770,P.S. 770 NEW AMERICAN ACADEMY,All Grades,2018,All Students,83,600.0,14.0,16.9,32.0,38.6,30.0,36.1,7.0,8.4,37.0,44.6,0.539,0.548,0,0
School,18K066,P.S. 66,All Grades,2022,All Students,372,597.0,85.0,22.8,157.0,42.2,88.0,23.7,42.0,11.3,130.0,34.9,0.678,0.602,0,0
School,18K066,P.S. 66,All Grades,2018,All Students,560,599.0,124.0,22.1,197.0,35.2,190.0,33.9,49.0,8.8,239.0,42.7,0.678,0.602,0,0
School,18K068,I.S. 068 ISAAC BILDERSEE,All Grades,2022,All Students,206,591.0,78.0,37.9,71.0,34.5,38.0,18.4,19.0,9.2,57.0,27.7,0.817,0.77,1,1
School,18K068,I.S. 068 ISAAC BILDERSEE,All Grades,2019,All Students,249,588.0,100.0,40.2,94.0,37.8,41.0,16.5,14.0,5.6,55.0,22.1,0.817,0.77,1,1
School,18K068,I.S. 068 ISAAC BILDERSEE,All Grades,2018,All Students,297,590.0,112.0,37.7,128.0,43.1,40.0,13.5,17.0,5.7,57.0,19.2,0.817,0.77,1,1
School,18K114,P.S. 114 RYDER ELEMENTARY,All Grades,2022,All Students,143,603.0,16.0,11.2,50.0,35.0,63.0,44.1,14.0,9.8,77.0,53.8,0.788,0.808,1,1
School,18K114,P.S. 114 RYDER ELEMENTARY,All Grades,2019,All Students,206,600.0,45.0,21.8,61.0,29.6,77.0,37.4,23.0,11.2,100.0,48.5,0.788,0.808,1,1
School,18K114,P.S. 114 RYDER ELEMENTARY,All Grades,2018,All Students,195,600.0,39.0,20.0,72.0,36.9,67.0,34.4,17.0,8.7,84.0,43.1,0.788,0.808,1,1
School,18K115,P.S. 115 DANIEL MUCATEL SCHOOL,All Grades,2022,All Students,283,600.0,61.0,21.6,108.0,38.2,66.0,23.3,48.0,17.0,114.0,40.3,0.631,0.653,0,0
School,18K115,P.S. 115 DANIEL MUCATEL SCHOOL,All Grades,2019,All Students,423,598.0,111.0,26.2,126.0,29.8,135.0,31.9,51.0,12.1,186.0,44.0,0.631,0.653,0,0
School,18K115,P.S. 115 DANIEL MUCATEL SCHOOL,All Grades,2018,All Students,411,600.0,101.0,24.6,134.0,32.6,125.0,30.4,51.0,12.4,176.0,42.8,0.631,0.653,0,0
School,18K135,P.S. 135 SHELDON A. BROOKNER,All Grades,2022,All Students,156,599.0,39.0,25.0,51.0,32.7,45.0,28.8,21.0,13.5,66.0,42.3,0.87,0.802,1,1
School,18K135,P.S. 135 SHELDON A. BROOKNER,All Grades,2019,All Students,255,596.0,61.0,23.9,97.0,38.0,77.0,30.2,20.0,7.8,97.0,38.0,0.87,0.802,1,1
School,18K135,P.S. 135 SHELDON A. BROOKNER,All Grades,2018,All Students,300,596.0,85.0,28.3,119.0,39.7,80.0,26.7,16.0,5.3,96.0,32.0,0.87,0.802,1,1
School,18K208,P.S. 208 ELSA EBELING,All Grades,2022,All Students,121,598.0,27.0,22.3,50.0,41.3,29.0,24.0,15.0,12.4,44.0,36.4,0.88,0.754,1,1
School,18K208,P.S. 208 ELSA EBELING,All Grades,2019,All Students,145,595.0,43.0,29.7,49.0,33.8,40.0,27.6,13.0,9.0,53.0,36.6,0.88,0.754,1,1
School,18K208,P.S. 208 ELSA EBELING,All Grades,2018,All Students,167,594.0,52.0,31.1,80.0,47.9,27.0,16.2,8.0,4.8,35.0,21.0,0.88,0.754,1,1
School,18K211,I.S. 211 JOHN WILSON,All Grades,2022,All Students,179,597.0,45.0,25.1,59.0,33.0,62.0,34.6,13.0,7.3,75.0,41.9,0.828,0.721,1,1
School,18K211,I.S. 211 JOHN WILSON,All Grades,2019,All Students,394,595.0,127.0,32.2,126.0,32.0,98.0,24.9,43.0,10.9,141.0,35.8,0.828,0.721,1,1
School,18K211,I.S. 211 JOHN WILSON,All Grades,2018,All Students,466,595.0,144.0,30.9,163.0,35.0,119.0,25.5,40.0,8.6,159.0,34.1,0.828,0.721,1,1
School,18K219,P.S. 219 KENNEDY-KING,All Grades,2022,All Students,127,591.0,48.0,37.8,45.0,35.4,27.0,21.3,7.0,5.5,34.0,26.8,0.806,0.86,1,1
School,18K219,P.S. 219 KENNEDY-KING,All Grades,2019,All Students,180,595.0,59.0,32.8,54.0,30.0,49.0,27.2,18.0,10.0,67.0,37.2,0.806,0.86,1,1
School,18K219,P.S. 219 KENNEDY-KING,All Grades,2018,All Students,215,594.0,69.0,32.1,86.0,40.0,46.0,21.4,14.0,6.5,60.0,27.9,0.806,0.86,1,1
School,18K233,P.S. 233 LANGSTON HUGHES,All Grades,2022,All Students,110,599.0,23.0,20.9,37.0,33.6,43.0,39.1,7.0,6.4,50.0,45.5,0.837,0.719,1,1
School,18K233,P.S. 233 LANGSTON HUGHES,All Grades,2019,All Students,169,598.0,46.0,27.2,48.0,28.4,59.0,34.9,16.0,9.5,75.0,44.4,0.837,0.719,1,1
School,18K233,P.S. 233 LANGSTON HUGHES,All Grades,2018,All Students,184,598.0,43.0,23.4,73.0,39.7,57.0,31.0,11.0,6.0,68.0,37.0,0.837,0.719,1,1
School,18K235,P.S. 235 JANICE MARIE KNIGHT SCHOOL,All Grades,2022,All Students,589,611.0,65.0,11.0,116.0,19.7,175.0,29.7,233.0,39.6,408.0,69.3,0.661,0.525,0,0
School,18K235,P.S. 235 JANICE MARIE KNIGHT SCHOOL,All Grades,2019,All Students,742,610.0,74.0,10.0,147.0,19.8,272.0,36.7,249.0,33.6,521.0,70.2,0.661,0.525,0,0
School,18K235,P.S. 235 JANICE MARIE KNIGHT SCHOOL,All Grades,2018,All Students,751,612.0,86.0,11.5,147.0,19.6,232.0,30.9,286.0,38.1,518.0,69.0,0.661,0.525,0,0
School,18K244,P.S. 244 RICHARD R. GREEN,All Grades,2022,All Students,175,600.0,36.0,20.6,63.0,36.0,61.0,34.9,15.0,8.6,76.0,43.4,0.83,0.715,1,1
School,18K244,P.S. 244 RICHARD R. GREEN,All Grades,2019,All Students,197,601.0,44.0,22.3,52.0,26.4,75.0,38.1,26.0,13.2,101.0,51.3,0.83,0.715,1,1
School,18K244,P.S. 244 RICHARD R. GREEN,All Grades,2018,All Students,251,601.0,53.0,21.1,75.0,29.9,84.0,33.5,39.0,15.5,123.0,49.0,0.83,0.715,1,1
School,18K268,P.S. 268 EMMA LAZARUS,All Grades,2022,All Students,94,598.0,28.0,29.8,28.0,29.8,23.0,24.5,15.0,16.0,38.0,40.4,0.814,0.797,1,1
School,18K268,P.S. 268 EMMA LAZARUS,All Grades,2019,All Students,149,598.0,37.0,24.8,50.0,33.6,44.0,29.5,18.0,12.1,62.0,41.6,0.814,0.797,1,1
School,18K268,P.S. 268 EMMA LAZARUS,All Grades,2018,All Students,158,596.0,44.0,27.8,65.0,41.1,36.0,22.8,13.0,8.2,49.0,31.0,0.814,0.797,1,1
School,18K272,P.S. 272 CURTIS ESTABROOK,All Grades,2022,All Students,121,593.0,35.0,28.9,61.0,50.4,20.0,16.5,5.0,4.1,25.0,20.7,0.895,0.888,1,1
School,18K272,P.S. 272 CURTIS ESTABROOK,All Grades,2019,All Students,196,587.0,83.0,42.3,87.0,44.4,24.0,12.2,2.0,1.0,26.0,13.3,0.895,0.888,1,1
School,18K272,P.S. 272 CURTIS ESTABROOK,All Grades,2018,All Students,197,589.0,71.0,36.0,94.0,47.7,29.0,14.7,3.0,1.5,32.0,16.2,0.895,0.888,1,1
School,18K276,P.S. 276 LOUIS MARSHALL,All Grades,2022,All Students,196,599.0,56.0,28.6,62.0,31.6,52.0,26.5,26.0,13.3,78.0,39.8,0.869,0.707,1,0
School,18K276,P.S. 276 LOUIS MARSHALL,All Grades,2019,All Students,242,592.0,102.0,42.1,66.0,27.3,58.0,24.0,16.0,6.6,74.0,30.6,0.869,0.707,1,0
School,18K276,P.S. 276 LOUIS MARSHALL,All Grades,2018,All Students,248,594.0,88.0,35.5,90.0,36.3,49.0,19.8,21.0,8.5,70.0,28.2,0.869,0.707,1,0
School,18K279,P.S. 279 HERMAN SCHREIBER,All Grades,2022,All Students,104,600.0,22.0,21.2,33.0,31.7,35.0,33.7,14.0,13.5,49.0,47.1,0.813,0.703,1,0
School,18K279,P.S. 279 HERMAN SCHREIBER,All Grades,2019,All Students,180,598.0,42.0,23.3,56.0,31.1,63.0,35.0,19.0,10.6,82.0,45.6,0.813,0.703,1,0
School,18K279,P.S. 279 HERMAN SCHREIBER,All Grades,2018,All Students,173,597.0,46.0,26.6,56.0,32.4,55.0,31.8,16.0,9.2,71.0,41.0,0.813,0.703,1,0
School,18K285,I.S. 285 MEYER LEVIN,All Grades,2022,All Students,503,601.0,82.0,16.3,201.0,40.0,141.0,28.0,79.0,15.7,220.0,43.7,0.775,0.725,1,1
School,18K285,I.S. 285 MEYER LEVIN,All Grades,2019,All Students,642,599.0,144.0,22.4,241.0,37.5,177.0,27.6,80.0,12.5,257.0,40.0,0.775,0.725,1,1
School,18K285,I.S. 285 MEYER LEVIN,All Grades,2018,All Students,592,597.0,156.0,26.4,216.0,36.5,155.0,26.2,65.0,11.0,220.0,37.2,0.775,0.725,1,1
School,18K366,THE SCIENCE AND MEDICINE MIDDLE SCHOOL,All Grades,2022,All Students,305,597.0,76.0,24.9,128.0,42.0,67.0,22.0,34.0,11.1,101.0,33.1,0.82,0.709,1,0
School,18K366,THE SCIENCE AND MEDICINE MIDDLE SCHOOL,All Grades,2019,All Students,374,596.0,113.0,30.2,123.0,32.9,92.0,24.6,46.0,12.3,138.0,36.9,0.82,0.709,1,0
School,18K366,THE SCIENCE AND MEDICINE MIDDLE SCHOOL,All Grades,2018,All Students,377,596.0,103.0,27.3,158.0,41.9,79.0,21.0,37.0,9.8,116.0,30.8,0.82,0.709,1,0
School,18K581,"THE MIDDLE SCHOOL OF MEDIA, LAW AND FINE ARTS",All Grades,2022,All Students,147,592.0,50.0,34.0,63.0,42.9,27.0,18.4,7.0,4.8,34.0,23.1,0.862,0.83,1,1
School,18K581,"THE MIDDLE SCHOOL OF MEDIA, LAW AND FINE ARTS",All Grades,2019,All Students,248,587.0,117.0,47.2,82.0,33.1,32.0,12.9,17.0,6.9,49.0,19.8,0.862,0.83,1,1
School,18K581,"THE MIDDLE SCHOOL OF MEDIA, LAW AND FINE ARTS",All Grades,2018,All Students,116,591.0,43.0,37.1,41.0,35.3,24.0,20.7,8.0,6.9,32.0,27.6,0.862,0.83,1,1
School,18K588,MIDDLE SCHOOL FOR ART AND PHILOSOPHY,All Grades,2022,All Students,143,599.0,29.0,20.3,44.0,30.8,43.0,30.1,27.0,18.9,70.0,49.0,0.901,0.791,1,1
School,18K588,MIDDLE SCHOOL FOR ART AND PHILOSOPHY,All Grades,2019,All Students,154,596.0,41.0,26.6,58.0,37.7,40.0,26.0,15.0,9.7,55.0,35.7,0.901,0.791,1,1
School,18K588,MIDDLE SCHOOL FOR ART AND PHILOSOPHY,All Grades,2018,All Students,176,595.0,55.0,31.3,65.0,36.9,38.0,21.6,18.0,10.2,56.0,31.8,0.901,0.791,1,1
School,18K763,BROOKLYN SCIENCE AND ENGINEERING ACADEMY,All Grades,2022,All Students,316,605.0,46.0,14.6,96.0,30.4,95.0,30.1,79.0,25.0,174.0,55.1,0.782,0.593,1,0
School,18K763,BROOKLYN SCIENCE AND ENGINEERING ACADEMY,All Grades,2019,All Students,303,598.0,67.0,22.1,117.0,38.6,82.0,27.1,37.0,12.2,119.0,39.3,0.782,0.593,1,0
School,18K763,BROOKLYN SCIENCE AND ENGINEERING ACADEMY,All Grades,2018,All Students,249,601.0,49.0,19.7,86.0,34.5,71.0,28.5,43.0,17.3,114.0,45.8,0.782,0.593,1,0
School,19K007,P.S. 007 ABRAHAM LINCOLN,All Grades,2022,All Students,293,593.0,100.0,34.1,103.0,35.2,68.0,23.2,22.0,7.5,90.0,30.7,0.915,0.848,1,1
School,19K007,P.S. 007 ABRAHAM LINCOLN,All Grades,2019,All Students,352,595.0,105.0,29.8,122.0,34.7,96.0,27.3,29.0,8.2,125.0,35.5,0.915,0.848,1,1
School,19K007,P.S. 007 ABRAHAM LINCOLN,All Grades,2018,All Students,369,595.0,108.0,29.3,126.0,34.1,104.0,28.2,31.0,8.4,135.0,36.6,0.915,0.848,1,1
School,19K013,P.S. 013 ROBERTO CLEMENTE,All Grades,2022,All Students,117,593.0,43.0,36.8,34.0,29.1,21.0,17.9,19.0,16.2,40.0,34.2,0.94,0.922,1,1
School,19K013,P.S. 013 ROBERTO CLEMENTE,All Grades,2019,All Students,152,596.0,38.0,25.0,52.0,34.2,45.0,29.6,17.0,11.2,62.0,40.8,0.94,0.922,1,1
School,19K013,P.S. 013 ROBERTO CLEMENTE,All Grades,2018,All Students,189,592.0,76.0,40.2,59.0,31.2,40.0,21.2,14.0,7.4,54.0,28.6,0.94,0.922,1,1
School,19K065,P.S. 065,All Grades,2022,All Students,225,605.0,35.0,15.6,62.0,27.6,80.0,35.6,48.0,21.3,128.0,56.9,0.831,0.866,1,1
School,19K065,P.S. 065,All Grades,2019,All Students,301,606.0,45.0,15.0,77.0,25.6,115.0,38.2,64.0,21.3,179.0,59.5,0.831,0.866,1,1
School,19K065,P.S. 065,All Grades,2018,All Students,303,606.0,36.0,11.9,85.0,28.1,118.0,38.9,64.0,21.1,182.0,60.1,0.831,0.866,1,1
School,19K089,P.S. 089 CYPRESS HILLS,All Grades,2022,All Students,266,588.0,120.0,45.1,101.0,38.0,34.0,12.8,11.0,4.1,45.0,16.9,0.949,0.864,1,1
School,19K089,P.S. 089 CYPRESS HILLS,All Grades,2019,All Students,294,587.0,131.0,44.6,99.0,33.7,50.0,17.0,14.0,4.8,64.0,21.8,0.949,0.864,1,1
School,19K089,P.S. 089 CYPRESS HILLS,All Grades,2018,All Students,276,590.0,105.0,38.0,112.0,40.6,45.0,16.3,14.0,5.1,59.0,21.4,0.949,0.864,1,1
School,19K108,P.S. 108 SAL ABBRACCIAMENTO,All Grades,2022,All Students,320,602.0,52.0,16.3,115.0,35.9,99.0,30.9,54.0,16.9,153.0,47.8,0.81,0.848,1,1
School,19K108,P.S. 108 SAL ABBRACCIAMENTO,All Grades,2019,All Students,387,604.0,57.0,14.7,108.0,27.9,152.0,39.3,70.0,18.1,222.0,57.4,0.81,0.848,1,1
School,19K108,P.S. 108 SAL ABBRACCIAMENTO,All Grades,2018,All Students,380,607.0,52.0,13.7,111.0,29.2,134.0,35.3,83.0,21.8,217.0,57.1,0.81,0.848,1,1
School,19K149,P.S. 149 DANNY KAYE,All Grades,2022,All Students,177,598.0,46.0,26.0,66.0,37.3,44.0,24.9,21.0,11.9,65.0,36.7,0.939,0.906,1,1
School,19K149,P.S. 149 DANNY KAYE,All Grades,2019,All Students,289,598.0,86.0,29.8,77.0,26.6,87.0,30.1,39.0,13.5,126.0,43.6,0.939,0.906,1,1
School,19K149,P.S. 149 DANNY KAYE,All Grades,2018,All Students,309,594.0,103.0,33.3,108.0,35.0,78.0,25.2,20.0,6.5,98.0,31.7,0.939,0.906,1,1
School,19K158,P.S. 158 WARWICK,All Grades,2022,All Students,181,590.0,74.0,40.9,67.0,37.0,35.0,19.3,5.0,2.8,40.0,22.1,0.903,0.882,1,1
School,19K158,P.S. 158 WARWICK,All Grades,2019,All Students,229,589.0,101.0,44.1,71.0,31.0,43.0,18.8,14.0,6.1,57.0,24.9,0.903,0.882,1,1
School,19K158,P.S. 158 WARWICK,All Grades,2018,All Students,248,594.0,83.0,33.5,91.0,36.7,57.0,23.0,17.0,6.9,74.0,29.8,0.903,0.882,1,1
School,19K159,P.S. 159 ISAAC PITKIN,All Grades,2022,All Students,287,599.0,71.0,24.7,94.0,32.8,85.0,29.6,37.0,12.9,122.0,42.5,0.854,0.892,1,1
School,19K159,P.S. 159 ISAAC PITKIN,All Grades,2019,All Students,365,597.0,101.0,27.7,94.0,25.8,125.0,34.2,45.0,12.3,170.0,46.6,0.854,0.892,1,1
School,19K159,P.S. 159 ISAAC PITKIN,All Grades,2018,All Students,382,597.0,128.0,33.5,111.0,29.1,95.0,24.9,48.0,12.6,143.0,37.4,0.854,0.892,1,1
School,19K171,I.S. 171 ABRAHAM LINCOLN,All Grades,2022,All Students,259,592.0,88.0,34.0,90.0,34.7,57.0,22.0,24.0,9.3,81.0,31.3,0.95,0.872,1,1
School,19K171,I.S. 171 ABRAHAM LINCOLN,All Grades,2019,All Students,368,589.0,153.0,41.6,122.0,33.2,66.0,17.9,27.0,7.3,93.0,25.3,0.95,0.872,1,1
School,19K171,I.S. 171 ABRAHAM LINCOLN,All Grades,2018,All Students,410,593.0,146.0,35.6,132.0,32.2,96.0,23.4,36.0,8.8,132.0,32.2,0.95,0.872,1,1
School,19K190,P.S. 190 SHEFFIELD,All Grades,2022,All Students,45,600.0,8.0,17.8,16.0,35.6,19.0,42.2,2.0,4.4,21.0,46.7,0.95,0.935,1,1
School,19K190,P.S. 190 SHEFFIELD,All Grades,2019,All Students,75,596.0,22.0,29.3,25.0,33.3,21.0,28.0,7.0,9.3,28.0,37.3,0.95,0.935,1,1
School,19K190,P.S. 190 SHEFFIELD,All Grades,2018,All Students,75,598.0,19.0,25.3,28.0,37.3,20.0,26.7,8.0,10.7,28.0,37.3,0.95,0.935,1,1
School,19K202,P.S. 202 ERNEST S. JENKYNS,All Grades,2022,All Students,66,596.0,20.0,30.3,28.0,42.4,12.0,18.2,6.0,9.1,18.0,27.3,0.95,0.942,1,1
School,19K202,P.S. 202 ERNEST S. JENKYNS,All Grades,2019,All Students,169,591.0,59.0,34.9,60.0,35.5,43.0,25.4,7.0,4.1,50.0,29.6,0.95,0.942,1,1
School,19K202,P.S. 202 ERNEST S. JENKYNS,All Grades,2018,All Students,209,585.0,101.0,48.3,71.0,34.0,32.0,15.3,5.0,2.4,37.0,17.7,0.95,0.942,1,1
School,19K213,P.S. 213 NEW LOTS,All Grades,2022,All Students,62,579.0,37.0,59.7,22.0,35.5,2.0,3.2,1.0,1.6,3.0,4.8,0.928,0.912,1,1
School,19K213,P.S. 213 NEW LOTS,All Grades,2019,All Students,108,585.0,60.0,55.6,30.0,27.8,13.0,12.0,5.0,4.6,18.0,16.7,0.928,0.912,1,1
School,19K213,P.S. 213 NEW LOTS,All Grades,2018,All Students,128,585.0,60.0,46.9,50.0,39.1,16.0,12.5,2.0,1.6,18.0,14.1,0.928,0.912,1,1
School,19K214,P.S. 214 MICHAEL FRIEDSAM,All Grades,2022,All Students,297,,,,,,,,,,,,0.821,0.879,1,1
School,19K214,P.S. 214 MICHAEL FRIEDSAM,All Grades,2019,All Students,343,596.0,91.0,26.5,113.0,32.9,104.0,30.3,35.0,10.2,139.0,40.5,0.821,0.879,1,1
School,19K214,P.S. 214 MICHAEL FRIEDSAM,All Grades,2018,All Students,367,593.0,125.0,34.1,137.0,37.3,83.0,22.6,22.0,6.0,105.0,28.6,0.821,0.879,1,1
School,19K218,J.H.S. 218 JAMES P. SINNOTT,All Grades,2022,All Students,285,591.0,106.0,37.2,95.0,33.3,64.0,22.5,20.0,7.0,84.0,29.5,0.95,0.936,1,1
School,19K218,J.H.S. 218 JAMES P. SINNOTT,All Grades,2019,All Students,397,583.0,224.0,56.4,105.0,26.4,49.0,12.3,19.0,4.8,68.0,17.1,0.95,0.936,1,1
School,19K218,J.H.S. 218 JAMES P. SINNOTT,All Grades,2018,All Students,386,586.0,209.0,54.1,104.0,26.9,46.0,11.9,27.0,7.0,73.0,18.9,0.95,0.936,1,1
School,19K224,P.S. 224 HALE A. WOODRUFF,All Grades,2022,All Students,99,590.0,35.0,35.4,41.0,41.4,19.0,19.2,4.0,4.0,23.0,23.2,0.95,0.925,1,1
School,19K224,P.S. 224 HALE A. WOODRUFF,All Grades,2019,All Students,184,587.0,80.0,43.5,70.0,38.0,26.0,14.1,8.0,4.3,34.0,18.5,0.95,0.925,1,1
School,19K224,P.S. 224 HALE A. WOODRUFF,All Grades,2018,All Students,202,588.0,101.0,50.0,58.0,28.7,37.0,18.3,6.0,3.0,43.0,21.3,0.95,0.925,1,1
School,19K273,P.S. 273 WORTMAN,All Grades,2022,All Students,131,588.0,52.0,39.7,56.0,42.7,18.0,13.7,5.0,3.8,23.0,17.6,0.856,0.89,1,1
School,19K273,P.S. 273 WORTMAN,All Grades,2019,All Students,145,586.0,69.0,47.6,49.0,33.8,21.0,14.5,6.0,4.1,27.0,18.6,0.856,0.89,1,1
School,19K273,P.S. 273 WORTMAN,All Grades,2018,All Students,168,591.0,65.0,38.7,62.0,36.9,34.0,20.2,7.0,4.2,41.0,24.4,0.856,0.89,1,1
School,19K290,P.S. 290 JUAN MOREL CAMPOS,All Grades,2022,All Students,154,593.0,46.0,29.9,58.0,37.7,40.0,26.0,10.0,6.5,50.0,32.5,0.95,0.873,1,1
School,19K290,P.S. 290 JUAN MOREL CAMPOS,All Grades,2019,All Students,215,597.0,52.0,24.2,78.0,36.3,66.0,30.7,19.0,8.8,85.0,39.5,0.95,0.873,1,1
School,19K290,P.S. 290 JUAN MOREL CAMPOS,All Grades,2018,All Students,236,595.0,60.0,25.4,98.0,41.5,59.0,25.0,19.0,8.1,78.0,33.1,0.95,0.873,1,1
School,19K292,J.H.S. 292 MARGARET S. DOUGLAS,All Grades,2022,All Students,347,595.0,117.0,33.7,102.0,29.4,65.0,18.7,63.0,18.2,128.0,36.9,0.95,0.927,1,1
School,19K292,J.H.S. 292 MARGARET S. DOUGLAS,All Grades,2019,All Students,498,596.0,166.0,33.3,156.0,31.3,95.0,19.1,81.0,16.3,176.0,35.3,0.95,0.927,1,1
School,19K292,J.H.S. 292 MARGARET S. DOUGLAS,All Grades,2018,All Students,520,597.0,190.0,36.5,151.0,29.0,84.0,16.2,95.0,18.3,179.0,34.4,0.95,0.927,1,1
School,19K306,P.S. 306 ETHAN ALLEN,All Grades,2022,All Students,45,588.0,21.0,46.7,18.0,40.0,6.0,13.3,0.0,0.0,6.0,13.3,0.934,0.95,1,1
School,19K306,P.S. 306 ETHAN ALLEN,All Grades,2019,All Students,128,590.0,57.0,44.5,40.0,31.3,25.0,19.5,6.0,4.7,31.0,24.2,0.934,0.95,1,1
School,19K306,P.S. 306 ETHAN ALLEN,All Grades,2018,All Students,155,591.0,64.0,41.3,48.0,31.0,31.0,20.0,12.0,7.7,43.0,27.7,0.934,0.95,1,1
School,19K325,THE FRESH CREEK SCHOOL,All Grades,2022,All Students,44,604.0,6.0,13.6,17.0,38.6,14.0,31.8,7.0,15.9,21.0,47.7,0.945,0.918,1,1
School,19K325,THE FRESH CREEK SCHOOL,All Grades,2019,All Students,84,594.0,22.0,26.2,37.0,44.0,20.0,23.8,5.0,6.0,25.0,29.8,0.945,0.918,1,1
School,19K325,THE FRESH CREEK SCHOOL,All Grades,2018,All Students,93,601.0,20.0,21.5,31.0,33.3,37.0,39.8,5.0,5.4,42.0,45.2,0.945,0.918,1,1
School,19K328,P.S. 328 PHYLLIS WHEATLEY,All Grades,2022,All Students,92,592.0,40.0,43.5,26.0,28.3,16.0,17.4,10.0,10.9,26.0,28.3,0.95,0.95,1,1
School,19K328,P.S. 328 PHYLLIS WHEATLEY,All Grades,2019,All Students,104,590.0,44.0,42.3,42.0,40.4,13.0,12.5,5.0,4.8,18.0,17.3,0.95,0.95,1,1
School,19K328,P.S. 328 PHYLLIS WHEATLEY,All Grades,2018,All Students,106,591.0,37.0,34.9,44.0,41.5,19.0,17.9,6.0,5.7,25.0,23.6,0.95,0.95,1,1
School,19K345,P.S. 345 PATROLMAN ROBERT BOLDEN,All Grades,2022,All Students,213,590.0,76.0,35.7,87.0,40.8,43.0,20.2,7.0,3.3,50.0,23.5,0.85,0.898,1,1
School,19K345,P.S. 345 PATROLMAN ROBERT BOLDEN,All Grades,2019,All Students,257,588.0,107.0,41.6,102.0,39.7,42.0,16.3,6.0,2.3,48.0,18.7,0.85,0.898,1,1
School,19K345,P.S. 345 PATROLMAN ROBERT BOLDEN,All Grades,2018,All Students,256,590.0,100.0,39.1,93.0,36.3,47.0,18.4,16.0,6.3,63.0,24.6,0.85,0.898,1,1
School,19K346,P.S. 346 ABE STARK,All Grades,2022,All Students,156,596.0,41.0,26.3,63.0,40.4,45.0,28.8,7.0,4.5,52.0,33.3,0.89,0.738,1,1
School,19K346,P.S. 346 ABE STARK,All Grades,2019,All Students,218,596.0,70.0,32.1,63.0,28.9,65.0,29.8,20.0,9.2,85.0,39.0,0.89,0.738,1,1
School,19K346,P.S. 346 ABE STARK,All Grades,2018,All Students,242,594.0,80.0,33.1,87.0,36.0,58.0,24.0,17.0,7.0,75.0,31.0,0.89,0.738,1,1
School,19K364,I.S. 364 GATEWAY,All Grades,2022,All Students,157,590.0,66.0,42.0,48.0,30.6,30.0,19.1,13.0,8.3,43.0,27.4,0.833,0.796,1,1
School,19K364,I.S. 364 GATEWAY,All Grades,2019,All Students,316,591.0,121.0,38.3,112.0,35.4,61.0,19.3,22.0,7.0,83.0,26.3,0.833,0.796,1,1
School,19K364,I.S. 364 GATEWAY,All Grades,2018,All Students,340,594.0,107.0,31.5,135.0,39.7,72.0,21.2,26.0,7.6,98.0,28.8,0.833,0.796,1,1
School,19K404,ACADEMY FOR YOUNG WRITERS,All Grades,2022,All Students,136,598.0,26.0,19.1,57.0,41.9,38.0,27.9,15.0,11.0,53.0,39.0,0.858,0.82,1,1
School,19K404,ACADEMY FOR YOUNG WRITERS,All Grades,2019,All Students,203,594.0,55.0,27.1,82.0,40.4,50.0,24.6,16.0,7.9,66.0,32.5,0.858,0.82,1,1
School,19K404,ACADEMY FOR YOUNG WRITERS,All Grades,2018,All Students,203,597.0,49.0,24.1,83.0,40.9,45.0,22.2,26.0,12.8,71.0,35.0,0.858,0.82,1,1
School,19K409,EAST NEW YORK FAMILY ACADEMY,All Grades,2022,All Students,223,602.0,48.0,21.5,71.0,31.8,53.0,23.8,51.0,22.9,104.0,46.6,0.829,0.802,1,1
School,19K409,EAST NEW YORK FAMILY ACADEMY,All Grades,2019,All Students,203,601.0,34.0,16.7,72.0,35.5,64.0,31.5,33.0,16.3,97.0,47.8,0.829,0.802,1,1
School,19K409,EAST NEW YORK FAMILY ACADEMY,All Grades,2018,All Students,205,599.0,47.0,22.9,78.0,38.0,53.0,25.9,27.0,13.2,80.0,39.0,0.829,0.802,1,1
School,19K422,SPRING CREEK COMMUNITY SCHOOL,All Grades,2022,All Students,172,594.0,58.0,33.7,72.0,41.9,30.0,17.4,12.0,7.0,42.0,24.4,0.828,0.806,1,1
School,19K422,SPRING CREEK COMMUNITY SCHOOL,All Grades,2019,All Students,220,593.0,78.0,35.5,74.0,33.6,52.0,23.6,16.0,7.3,68.0,30.9,0.828,0.806,1,1
School,19K422,SPRING CREEK COMMUNITY SCHOOL,All Grades,2018,All Students,212,594.0,73.0,34.4,73.0,34.4,50.0,23.6,16.0,7.5,66.0,31.1,0.828,0.806,1,1
School,19K452,FREDERICK DOUGLASS ACADEMY VIII MIDDLE SCHOOL,All Grades,2022,All Students,176,600.0,42.0,23.9,53.0,30.1,46.0,26.1,35.0,19.9,81.0,46.0,0.899,0.703,1,0
School,19K452,FREDERICK DOUGLASS ACADEMY VIII MIDDLE SCHOOL,All Grades,2019,All Students,315,599.0,74.0,23.5,98.0,31.1,89.0,28.3,54.0,17.1,143.0,45.4,0.899,0.703,1,0
School,19K452,FREDERICK DOUGLASS ACADEMY VIII MIDDLE SCHOOL,All Grades,2018,All Students,319,601.0,56.0,17.6,101.0,31.7,111.0,34.8,51.0,16.0,162.0,50.8,0.899,0.703,1,0
School,19K557,BROOKLYN GARDENS ELEMENTARY SCHOOL,All Grades,2022,All Students,102,586.0,50.0,49.0,40.0,39.2,11.0,10.8,1.0,1.0,12.0,11.8,0.95,0.95,1,1
School,19K557,BROOKLYN GARDENS ELEMENTARY SCHOOL,All Grades,2019,All Students,133,586.0,58.0,43.6,48.0,36.1,22.0,16.5,5.0,3.8,27.0,20.3,0.95,0.95,1,1
School,19K557,BROOKLYN GARDENS ELEMENTARY SCHOOL,All Grades,2018,All Students,112,590.0,44.0,39.3,45.0,40.2,20.0,17.9,3.0,2.7,23.0,20.5,0.95,0.95,1,1
School,19K654,VAN SICLEN COMMUNITY MIDDLE SCHOOL,All Grades,2022,All Students,229,589.0,107.0,46.7,63.0,27.5,37.0,16.2,22.0,9.6,59.0,25.8,0.939,0.918,1,1
School,19K654,VAN SICLEN COMMUNITY MIDDLE SCHOOL,All Grades,2019,All Students,295,585.0,155.0,52.5,88.0,29.8,32.0,10.8,20.0,6.8,52.0,17.6,0.939,0.918,1,1
School,19K654,VAN SICLEN COMMUNITY MIDDLE SCHOOL,All Grades,2018,All Students,275,587.0,137.0,49.8,88.0,32.0,39.0,14.2,11.0,4.0,50.0,18.2,0.939,0.918,1,1
School,19K661,VISTA ACADEMY,All Grades,2022,All Students,418,602.0,77.0,18.4,137.0,32.8,122.0,29.2,82.0,19.6,204.0,48.8,0.95,0.84,1,1
School,19K661,VISTA ACADEMY,All Grades,2019,All Students,448,598.0,127.0,28.3,127.0,28.3,134.0,29.9,60.0,13.4,194.0,43.3,0.95,0.84,1,1
School,19K661,VISTA ACADEMY,All Grades,2018,All Students,417,598.0,111.0,26.6,132.0,31.7,115.0,27.6,59.0,14.1,174.0,41.7,0.95,0.84,1,1
School,19K662,LIBERTY AVENUE MIDDLE SCHOOL,All Grades,2022,All Students,432,597.0,134.0,31.0,132.0,30.6,90.0,20.8,76.0,17.6,166.0,38.4,0.95,0.884,1,1
School,19K662,LIBERTY AVENUE MIDDLE SCHOOL,All Grades,2019,All Students,448,593.0,157.0,35.0,153.0,34.2,100.0,22.3,38.0,8.5,138.0,30.8,0.95,0.884,1,1
School,19K662,LIBERTY AVENUE MIDDLE SCHOOL,All Grades,2018,All Students,429,592.0,162.0,37.8,151.0,35.2,84.0,19.6,32.0,7.5,116.0,27.0,0.95,0.884,1,1
School,19K663,SCHOOL OF THE FUTURE BROOKLYN,All Grades,2022,All Students,83,591.0,38.0,45.8,20.0,24.1,16.0,19.3,9.0,10.8,25.0,30.1,0.95,0.942,1,1
School,19K663,SCHOOL OF THE FUTURE BROOKLYN,All Grades,2019,All Students,176,587.0,81.0,46.0,75.0,42.6,17.0,9.7,3.0,1.7,20.0,11.4,0.95,0.942,1,1
School,19K663,SCHOOL OF THE FUTURE BROOKLYN,All Grades,2018,All Students,182,585.0,92.0,50.5,70.0,38.5,16.0,8.8,4.0,2.2,20.0,11.0,0.95,0.942,1,1
School,19K677,EAST NEW YORK ELEMENTARY SCHOOL OF EXCELLENCE,All Grades,2022,All Students,183,586.0,77.0,42.1,78.0,42.6,26.0,14.2,2.0,1.1,28.0,15.3,0.938,0.938,1,1
School,19K677,EAST NEW YORK ELEMENTARY SCHOOL OF EXCELLENCE,All Grades,2019,All Students,237,587.0,115.0,48.5,65.0,27.4,48.0,20.3,9.0,3.8,57.0,24.1,0.938,0.938,1,1
School,19K677,EAST NEW YORK ELEMENTARY SCHOOL OF EXCELLENCE,All Grades,2018,All Students,231,588.0,97.0,42.0,87.0,37.7,40.0,17.3,7.0,3.0,47.0,20.3,0.938,0.938,1,1
School,19K678,EAST NEW YORK MIDDLE SCHOOL OF EXCELLENCE,All Grades,2022,All Students,226,593.0,85.0,37.6,70.0,31.0,50.0,22.1,21.0,9.3,71.0,31.4,0.928,0.913,1,1
School,19K678,EAST NEW YORK MIDDLE SCHOOL OF EXCELLENCE,All Grades,2019,All Students,244,588.0,106.0,43.4,91.0,37.3,28.0,11.5,19.0,7.8,47.0,19.3,0.928,0.913,1,1
School,19K678,EAST NEW YORK MIDDLE SCHOOL OF EXCELLENCE,All Grades,2018,All Students,244,590.0,100.0,41.0,93.0,38.1,38.0,15.6,13.0,5.3,51.0,20.9,0.928,0.913,1,1
School,19K760,HIGHLAND PARK COMMUNITY SCHOOL,All Grades,2022,All Students,267,597.0,74.0,27.7,77.0,28.8,83.0,31.1,33.0,12.4,116.0,43.4,0.91,0.82,1,1
School,19K760,HIGHLAND PARK COMMUNITY SCHOOL,All Grades,2019,All Students,323,594.0,107.0,33.1,115.0,35.6,70.0,21.7,31.0,9.6,101.0,31.3,0.91,0.82,1,1
School,19K760,HIGHLAND PARK COMMUNITY SCHOOL,All Grades,2018,All Students,295,594.0,97.0,32.9,110.0,37.3,67.0,22.7,21.0,7.1,88.0,29.8,0.91,0.82,1,1
School,19K907,LEGACY SCHOOL OF THE ARTS,All Grades,2022,All Students,134,598.0,34.0,25.4,41.0,30.6,37.0,27.6,22.0,16.4,59.0,44.0,0.878,0.813,1,1
School,19K907,LEGACY SCHOOL OF THE ARTS,All Grades,2019,All Students,38,593.0,13.0,34.2,11.0,28.9,5.0,13.2,9.0,23.7,14.0,36.8,0.878,0.813,1,1
School,19K935,M.S. 935,All Grades,2022,All Students,90,601.0,23.0,25.6,15.0,16.7,27.0,30.0,25.0,27.8,52.0,57.8,,,0,0
School,20K030,P.S./I.S. 30 MARY WHITE OVINGTON,All Grades,2022,All Students,610,602.0,110.0,18.0,195.0,32.0,184.0,30.2,121.0,19.8,305.0,50.0,0.804,0.775,1,1
School,20K030,P.S./I.S. 30 MARY WHITE OVINGTON,All Grades,2019,All Students,664,601.0,154.0,23.2,182.0,27.4,212.0,31.9,116.0,17.5,328.0,49.4,0.804,0.775,1,1
School,20K030,P.S./I.S. 30 MARY WHITE OVINGTON,All Grades,2018,All Students,560,605.0,95.0,17.0,148.0,26.4,181.0,32.3,136.0,24.3,317.0,56.6,0.804,0.775,1,1
School,20K048,P.S. 048 MAPLETON,All Grades,2022,All Students,242,603.0,44.0,18.2,68.0,28.1,87.0,36.0,43.0,17.8,130.0,53.7,0.735,0.783,0,1
School,20K048,P.S. 048 MAPLETON,All Grades,2019,All Students,243,602.0,42.0,17.3,72.0,29.6,97.0,39.9,32.0,13.2,129.0,53.1,0.735,0.783,0,1
School,20K048,P.S. 048 MAPLETON,All Grades,2018,All Students,273,604.0,43.0,15.8,95.0,34.8,92.0,33.7,43.0,15.8,135.0,49.5,0.735,0.783,0,1
School,20K062,J.H.S. 062 DITMAS,All Grades,2022,All Students,780,604.0,136.0,17.4,187.0,24.0,265.0,34.0,192.0,24.6,457.0,58.6,0.863,0.835,1,1
School,20K062,J.H.S. 062 DITMAS,All Grades,2019,All Students,980,600.0,202.0,20.6,317.0,32.3,280.0,28.6,181.0,18.5,461.0,47.0,0.863,0.835,1,1
School,20K062,J.H.S. 062 DITMAS,All Grades,2018,All Students,991,602.0,174.0,17.6,319.0,32.2,307.0,31.0,191.0,19.3,498.0,50.3,0.863,0.835,1,1
School,20K069,P.S. 69 VINCENT D. GRIPPO SCHOOL,All Grades,2022,All Students,338,611.0,32.0,9.5,65.0,19.2,130.0,38.5,111.0,32.8,241.0,71.3,0.95,0.921,1,1
School,20K069,P.S. 69 VINCENT D. GRIPPO SCHOOL,All Grades,2019,All Students,368,606.0,60.0,16.3,76.0,20.7,152.0,41.3,80.0,21.7,232.0,63.0,0.95,0.921,1,1
School,20K069,P.S. 69 VINCENT D. GRIPPO SCHOOL,All Grades,2018,All Students,397,608.0,56.0,14.1,93.0,23.4,147.0,37.0,101.0,25.4,248.0,62.5,0.95,0.921,1,1
School,20K102,P.S. 102 THE BAYVIEW,All Grades,2022,All Students,530,610.0,65.0,12.3,107.0,20.2,189.0,35.7,169.0,31.9,358.0,67.5,0.626,0.593,0,0
School,20K102,P.S. 102 THE BAYVIEW,All Grades,2019,All Students,644,610.0,89.0,13.8,117.0,18.2,250.0,38.8,188.0,29.2,438.0,68.0,0.626,0.593,0,0
School,20K102,P.S. 102 THE BAYVIEW,All Grades,2018,All Students,675,610.0,91.0,13.5,145.0,21.5,240.0,35.6,199.0,29.5,439.0,65.0,0.626,0.593,0,0
School,20K104,P.S./I.S. 104 THE FORT HAMILTON SCHOOL,All Grades,2022,All Students,732,611.0,81.0,11.1,145.0,19.8,233.0,31.8,273.0,37.3,506.0,69.1,0.625,0.568,0,0
School,20K104,P.S./I.S. 104 THE FORT HAMILTON SCHOOL,All Grades,2019,All Students,822,609.0,94.0,11.4,202.0,24.6,273.0,33.2,253.0,30.8,526.0,64.0,0.625,0.568,0,0
School,20K104,P.S./I.S. 104 THE FORT HAMILTON SCHOOL,All Grades,2018,All Students,834,610.0,90.0,10.8,192.0,23.0,282.0,33.8,270.0,32.4,552.0,66.2,0.625,0.568,0,0
School,20K105,P.S. 105 THE BLYTHEBOURNE,All Grades,2022,All Students,610,608.0,62.0,10.2,163.0,26.7,223.0,36.6,162.0,26.6,385.0,63.1,0.896,0.928,1,1
School,20K105,P.S. 105 THE BLYTHEBOURNE,All Grades,2019,All Students,664,605.0,105.0,15.8,166.0,25.0,265.0,39.9,128.0,19.3,393.0,59.2,0.896,0.928,1,1
School,20K105,P.S. 105 THE BLYTHEBOURNE,All Grades,2018,All Students,703,604.0,117.0,16.6,214.0,30.4,234.0,33.3,138.0,19.6,372.0,52.9,0.896,0.928,1,1
School,20K112,P.S. 112 LEFFERTS PARK,All Grades,2022,All Students,312,607.0,41.0,13.1,72.0,23.1,127.0,40.7,72.0,23.1,199.0,63.8,0.708,0.748,0,1
School,20K112,P.S. 112 LEFFERTS PARK,All Grades,2019,All Students,273,606.0,32.0,11.7,72.0,26.4,116.0,42.5,53.0,19.4,169.0,61.9,0.708,0.748,0,1
School,20K112,P.S. 112 LEFFERTS PARK,All Grades,2018,All Students,260,609.0,26.0,10.0,70.0,26.9,108.0,41.5,56.0,21.5,164.0,63.1,0.708,0.748,0,1
School,20K127,P.S. 127 MCKINLEY PARK,All Grades,2022,All Students,237,607.0,33.0,13.9,57.0,24.1,81.0,34.2,66.0,27.8,147.0,62.0,0.817,0.672,1,0
School,20K127,P.S. 127 MCKINLEY PARK,All Grades,2019,All Students,220,603.0,38.0,17.3,57.0,25.9,82.0,37.3,43.0,19.5,125.0,56.8,0.817,0.672,1,0
School,20K127,P.S. 127 MCKINLEY PARK,All Grades,2018,All Students,243,604.0,47.0,19.3,62.0,25.5,95.0,39.1,39.0,16.0,134.0,55.1,0.817,0.672,1,0
School,20K160,P.S. 160 WILLIAM T. SAMPSON,All Grades,2022,All Students,468,605.0,62.0,13.2,122.0,26.1,196.0,41.9,88.0,18.8,284.0,60.7,0.872,0.924,1,1
School,20K160,P.S. 160 WILLIAM T. SAMPSON,All Grades,2019,All Students,617,605.0,85.0,13.8,152.0,24.6,264.0,42.8,116.0,18.8,380.0,61.6,0.872,0.924,1,1
School,20K160,P.S. 160 WILLIAM T. SAMPSON,All Grades,2018,All Students,634,604.0,113.0,17.8,169.0,26.7,240.0,37.9,112.0,17.7,352.0,55.5,0.872,0.924,1,1
School,20K163,P.S. 163 BATH BEACH,All Grades,2022,All Students,353,609.0,24.0,6.8,92.0,26.1,130.0,36.8,107.0,30.3,237.0,67.1,0.83,0.739,1,1
School,20K163,P.S. 163 BATH BEACH,All Grades,2019,All Students,396,602.0,80.0,20.2,96.0,24.2,137.0,34.6,83.0,21.0,220.0,55.6,0.83,0.739,1,1
School,20K163,P.S. 163 BATH BEACH,All Grades,2018,All Students,425,604.0,79.0,18.6,110.0,25.9,145.0,34.1,91.0,21.4,236.0,55.5,0.83,0.739,1,1
School,20K164,P.S. 164 CAESAR RODNEY,All Grades,2022,All Students,243,610.0,31.0,12.8,55.0,22.6,80.0,32.9,77.0,31.7,157.0,64.6,0.827,0.881,1,1
School,20K164,P.S. 164 CAESAR RODNEY,All Grades,2019,All Students,273,606.0,38.0,13.9,75.0,27.5,99.0,36.3,61.0,22.3,160.0,58.6,0.827,0.881,1,1
School,20K164,P.S. 164 CAESAR RODNEY,All Grades,2018,All Students,267,606.0,41.0,15.4,80.0,30.0,72.0,27.0,74.0,27.7,146.0,54.7,0.827,0.881,1,1
School,20K170,RALPH A. FABRIZIO SCHOOL,All Grades,2022,All Students,432,607.0,52.0,12.0,120.0,27.8,150.0,34.7,110.0,25.5,260.0,60.2,0.908,0.808,1,1
School,20K170,RALPH A. FABRIZIO SCHOOL,All Grades,2019,All Students,440,606.0,67.0,15.2,103.0,23.4,174.0,39.5,96.0,21.8,270.0,61.4,0.908,0.808,1,1
School,20K170,RALPH A. FABRIZIO SCHOOL,All Grades,2018,All Students,486,604.0,121.0,24.9,106.0,21.8,146.0,30.0,113.0,23.3,259.0,53.3,0.908,0.808,1,1
School,20K176,P.S. 176 OVINGTON,All Grades,2022,All Students,566,610.0,65.0,11.5,137.0,24.2,201.0,35.5,163.0,28.8,364.0,64.3,0.859,0.792,1,1
School,20K176,P.S. 176 OVINGTON,All Grades,2019,All Students,696,607.0,99.0,14.2,157.0,22.6,268.0,38.5,172.0,24.7,440.0,63.2,0.859,0.792,1,1
School,20K176,P.S. 176 OVINGTON,All Grades,2018,All Students,742,610.0,94.0,12.7,170.0,22.9,283.0,38.1,195.0,26.3,478.0,64.4,0.859,0.792,1,1
School,20K179,P.S. 179 KENSINGTON,All Grades,2022,All Students,295,598.0,65.0,22.0,117.0,39.7,85.0,28.8,28.0,9.5,113.0,38.3,0.841,0.884,1,1
School,20K179,P.S. 179 KENSINGTON,All Grades,2019,All Students,359,595.0,106.0,29.5,128.0,35.7,88.0,24.5,37.0,10.3,125.0,34.8,0.841,0.884,1,1
School,20K179,P.S. 179 KENSINGTON,All Grades,2018,All Students,395,596.0,103.0,26.1,161.0,40.8,102.0,25.8,29.0,7.3,131.0,33.2,0.841,0.884,1,1
School,20K180,THE SEEALL ACADEMY,All Grades,2022,All Students,681,608.0,93.0,13.7,167.0,24.5,207.0,30.4,214.0,31.4,421.0,61.8,0.864,0.831,1,1
School,20K180,THE SEEALL ACADEMY,All Grades,2019,All Students,743,605.0,121.0,16.3,169.0,22.7,233.0,31.4,220.0,29.6,453.0,61.0,0.864,0.831,1,1
School,20K180,THE SEEALL ACADEMY,All Grades,2018,All Students,743,606.0,113.0,15.2,168.0,22.6,255.0,34.3,207.0,27.9,462.0,62.2,0.864,0.831,1,1
School,20K185,P.S. 185 WALTER KASSENBROCK,All Grades,2022,All Students,254,611.0,24.0,9.4,50.0,19.7,101.0,39.8,79.0,31.1,180.0,70.9,0.438,0.423,0,0
School,20K185,P.S. 185 WALTER KASSENBROCK,All Grades,2019,All Students,288,607.0,35.0,12.2,56.0,19.4,133.0,46.2,64.0,22.2,197.0,68.4,0.438,0.423,0,0
School,20K185,P.S. 185 WALTER KASSENBROCK,All Grades,2018,All Students,312,610.0,33.0,10.6,63.0,20.2,132.0,42.3,84.0,26.9,216.0,69.2,0.438,0.423,0,0
School,20K186,P.S. 186 DR. IRVING A GLADSTONE,All Grades,2022,All Students,493,602.0,85.0,17.2,169.0,34.3,152.0,30.8,87.0,17.6,239.0,48.5,0.766,0.769,1,1
School,20K186,P.S. 186 DR. IRVING A GLADSTONE,All Grades,2019,All Students,480,601.0,95.0,19.8,150.0,31.3,156.0,32.5,79.0,16.5,235.0,49.0,0.766,0.769,1,1
School,20K186,P.S. 186 DR. IRVING A GLADSTONE,All Grades,2018,All Students,467,604.0,82.0,17.6,135.0,28.9,147.0,31.5,103.0,22.1,250.0,53.5,0.766,0.769,1,1
School,20K187,THE CHRISTA MCAULIFFE SCHOOL\I.S. 187,All Grades,2022,All Students,865,625.0,39.0,4.5,37.0,4.3,110.0,12.7,679.0,78.5,789.0,91.2,0.613,0.568,0,0
School,20K187,THE CHRISTA MCAULIFFE SCHOOL\I.S. 187,All Grades,2019,All Students,895,631.0,18.0,2.0,19.0,2.1,80.0,8.9,778.0,86.9,858.0,95.9,0.613,0.568,0,0
School,20K187,THE CHRISTA MCAULIFFE SCHOOL\I.S. 187,All Grades,2018,All Students,818,629.0,16.0,2.0,22.0,2.7,77.0,9.4,703.0,85.9,780.0,95.4,0.613,0.568,0,0
School,20K192,P.S. 192 - THE MAGNET SCHOOL FOR MATH AND SCIENCE,All Grades,2022,All Students,347,606.0,34.0,9.8,108.0,31.1,120.0,34.6,85.0,24.5,205.0,59.1,0.824,0.888,1,1
School,20K192,P.S. 192 - THE MAGNET SCHOOL FOR MATH AND SCIENCE,All Grades,2019,All Students,370,603.0,67.0,18.1,106.0,28.6,125.0,33.8,72.0,19.5,197.0,53.2,0.824,0.888,1,1
School,20K192,P.S. 192 - THE MAGNET SCHOOL FOR MATH AND SCIENCE,All Grades,2018,All Students,371,603.0,61.0,16.4,116.0,31.3,119.0,32.1,75.0,20.2,194.0,52.3,0.824,0.888,1,1
School,20K200,P.S. 200 BENSON SCHOOL,All Grades,2022,All Students,578,602.0,117.0,20.2,189.0,32.7,163.0,28.2,109.0,18.9,272.0,47.1,0.82,0.773,1,1
School,20K200,P.S. 200 BENSON SCHOOL,All Grades,2019,All Students,572,600.0,125.0,21.9,182.0,31.8,178.0,31.1,87.0,15.2,265.0,46.3,0.82,0.773,1,1
School,20K200,P.S. 200 BENSON SCHOOL,All Grades,2018,All Students,570,601.0,137.0,24.0,189.0,33.2,149.0,26.1,95.0,16.7,244.0,42.8,0.82,0.773,1,1
School,20K201,THE MADELEINE BRENNAN SCHOOL,All Grades,2022,All Students,1478,614.0,90.0,6.1,244.0,16.5,430.0,29.1,714.0,48.3,1144.0,77.4,0.733,0.653,0,0
School,20K201,THE MADELEINE BRENNAN SCHOOL,All Grades,2019,All Students,1572,614.0,168.0,10.7,226.0,14.4,387.0,24.6,791.0,50.3,1178.0,74.9,0.733,0.653,0,0
School,20K201,THE MADELEINE BRENNAN SCHOOL,All Grades,2018,All Students,1532,612.0,148.0,9.7,265.0,17.3,462.0,30.2,657.0,42.9,1119.0,73.0,0.733,0.653,0,0
School,20K204,P.S. 204 VINCE LOMBARDI,All Grades,2022,All Students,542,609.0,69.0,12.7,119.0,22.0,183.0,33.8,171.0,31.5,354.0,65.3,0.728,0.647,0,0
School,20K204,P.S. 204 VINCE LOMBARDI,All Grades,2019,All Students,541,609.0,59.0,10.9,111.0,20.5,223.0,41.2,148.0,27.4,371.0,68.6,0.728,0.647,0,0
School,20K204,P.S. 204 VINCE LOMBARDI,All Grades,2018,All Students,547,613.0,50.0,9.1,104.0,19.0,216.0,39.5,177.0,32.4,393.0,71.8,0.728,0.647,0,0
School,20K205,P.S. 205 CLARION,All Grades,2022,All Students,509,604.0,86.0,16.9,139.0,27.3,167.0,32.8,117.0,23.0,284.0,55.8,0.669,0.726,0,1
School,20K205,P.S. 205 CLARION,All Grades,2019,All Students,567,607.0,78.0,13.8,134.0,23.6,211.0,37.2,144.0,25.4,355.0,62.6,0.669,0.726,0,1
School,20K205,P.S. 205 CLARION,All Grades,2018,All Students,572,608.0,84.0,14.7,131.0,22.9,228.0,39.9,129.0,22.6,357.0,62.4,0.669,0.726,0,1
School,20K220,J.H.S. 220 JOHN J. PERSHING,All Grades,2022,All Students,1087,607.0,160.0,14.7,241.0,22.2,318.0,29.3,368.0,33.9,686.0,63.1,0.864,0.907,1,1
School,20K220,J.H.S. 220 JOHN J. PERSHING,All Grades,2019,All Students,1361,599.0,343.0,25.2,406.0,29.8,360.0,26.5,252.0,18.5,612.0,45.0,0.864,0.907,1,1
School,20K220,J.H.S. 220 JOHN J. PERSHING,All Grades,2018,All Students,1355,597.0,381.0,28.1,401.0,29.6,364.0,26.9,209.0,15.4,573.0,42.3,0.864,0.907,1,1
School,20K223,J.H.S. 223 THE MONTAUK,All Grades,2022,All Students,680,609.0,83.0,12.2,143.0,21.0,206.0,30.3,248.0,36.5,454.0,66.8,0.95,0.909,1,1
School,20K223,J.H.S. 223 THE MONTAUK,All Grades,2019,All Students,823,602.0,174.0,21.1,204.0,24.8,246.0,29.9,199.0,24.2,445.0,54.1,0.95,0.909,1,1
School,20K223,J.H.S. 223 THE MONTAUK,All Grades,2018,All Students,843,601.0,191.0,22.7,229.0,27.2,257.0,30.5,166.0,19.7,423.0,50.2,0.95,0.909,1,1
School,20K227,J.H.S. 227 EDWARD B. SHALLOW,All Grades,2022,All Students,1257,607.0,186.0,14.8,283.0,22.5,393.0,31.3,395.0,31.4,788.0,62.7,0.908,0.833,1,1
School,20K227,J.H.S. 227 EDWARD B. SHALLOW,All Grades,2019,All Students,1532,598.0,421.0,27.5,424.0,27.7,384.0,25.1,303.0,19.8,687.0,44.8,0.908,0.833,1,1
School,20K227,J.H.S. 227 EDWARD B. SHALLOW,All Grades,2018,All Students,1443,598.0,409.0,28.3,401.0,27.8,380.0,26.3,253.0,17.5,633.0,43.9,0.908,0.833,1,1
School,20K229,P.S. 229 DYKER,All Grades,2022,All Students,723,613.0,49.0,6.8,153.0,21.2,243.0,33.6,278.0,38.5,521.0,72.1,0.583,0.5,0,0
School,20K229,P.S. 229 DYKER,All Grades,2019,All Students,763,611.0,88.0,11.5,157.0,20.6,240.0,31.5,278.0,36.4,518.0,67.9,0.583,0.5,0,0
School,20K229,P.S. 229 DYKER,All Grades,2018,All Students,771,611.0,77.0,10.0,177.0,23.0,273.0,35.4,244.0,31.6,517.0,67.1,0.583,0.5,0,0
School,20K247,P.S. 247 BROOKLYN,All Grades,2022,All Students,362,612.0,20.0,5.5,89.0,24.6,140.0,38.7,113.0,31.2,253.0,69.9,0.659,0.709,0,0
School,20K247,P.S. 247 BROOKLYN,All Grades,2019,All Students,417,607.0,41.0,9.8,88.0,21.1,202.0,48.4,86.0,20.6,288.0,69.1,0.659,0.709,0,0
School,20K247,P.S. 247 BROOKLYN,All Grades,2018,All Students,403,612.0,32.0,7.9,93.0,23.1,162.0,40.2,116.0,28.8,278.0,69.0,0.659,0.709,0,0
School,20K259,J.H.S. 259 WILLIAM MCKINLEY,All Grades,2022,All Students,1456,615.0,116.0,8.0,228.0,15.7,375.0,25.8,737.0,50.6,1112.0,76.4,0.793,0.734,1,1
School,20K259,J.H.S. 259 WILLIAM MCKINLEY,All Grades,2019,All Students,1832,611.0,205.0,11.2,368.0,20.1,487.0,26.6,772.0,42.1,1259.0,68.7,0.793,0.734,1,1
School,20K259,J.H.S. 259 WILLIAM MCKINLEY,All Grades,2018,All Students,1781,610.0,233.0,13.1,381.0,21.4,491.0,27.6,676.0,38.0,1167.0,65.5,0.793,0.734,1,1
School,20K264,P.S. 264 BAY RIDGE ELEMENTARY SCHOOL FOR THE ARTS,All Grades,2022,All Students,165,606.0,17.0,10.3,53.0,32.1,60.0,36.4,35.0,21.2,95.0,57.6,0.67,0.602,0,0
School,20K264,P.S. 264 BAY RIDGE ELEMENTARY SCHOOL FOR THE ARTS,All Grades,2019,All Students,202,607.0,19.0,9.4,57.0,28.2,84.0,41.6,42.0,20.8,126.0,62.4,0.67,0.602,0,0
School,20K264,P.S. 264 BAY RIDGE ELEMENTARY SCHOOL FOR THE ARTS,All Grades,2018,All Students,216,609.0,19.0,8.8,61.0,28.2,83.0,38.4,53.0,24.5,136.0,63.0,0.67,0.602,0,0
School,20K310,THE SCHOOL FOR FUTURE LEADERS,All Grades,2022,All Students,197,614.0,19.0,9.6,36.0,18.3,57.0,28.9,85.0,43.1,142.0,72.1,0.95,0.901,1,1
School,20K310,THE SCHOOL FOR FUTURE LEADERS,All Grades,2019,All Students,195,610.0,18.0,9.2,42.0,21.5,82.0,42.1,53.0,27.2,135.0,69.2,0.95,0.901,1,1
School,20K310,THE SCHOOL FOR FUTURE LEADERS,All Grades,2018,All Students,212,611.0,25.0,11.8,57.0,26.9,67.0,31.6,63.0,29.7,130.0,61.3,0.95,0.901,1,1
School,20K503,P.S. 503: THE SCHOOL OF DISCOVERY,All Grades,2022,All Students,342,597.0,83.0,24.3,125.0,36.5,100.0,29.2,34.0,9.9,134.0,39.2,0.95,0.933,1,1
School,20K503,P.S. 503: THE SCHOOL OF DISCOVERY,All Grades,2019,All Students,451,596.0,122.0,27.1,165.0,36.6,125.0,27.7,39.0,8.6,164.0,36.4,0.95,0.933,1,1
School,20K503,P.S. 503: THE SCHOOL OF DISCOVERY,All Grades,2018,All Students,504,594.0,181.0,35.9,171.0,33.9,121.0,24.0,31.0,6.2,152.0,30.2,0.95,0.933,1,1
School,20K506,P.S. 506: THE SCHOOL OF JOURNALISM & TECHNOLOGY,All Grades,2022,All Students,297,598.0,70.0,23.6,112.0,37.7,78.0,26.3,37.0,12.5,115.0,38.7,0.943,0.914,1,1
School,20K506,P.S. 506: THE SCHOOL OF JOURNALISM & TECHNOLOGY,All Grades,2019,All Students,350,594.0,107.0,30.6,110.0,31.4,113.0,32.3,20.0,5.7,133.0,38.0,0.943,0.914,1,1
School,20K506,P.S. 506: THE SCHOOL OF JOURNALISM & TECHNOLOGY,All Grades,2018,All Students,334,595.0,106.0,31.7,115.0,34.4,94.0,28.1,19.0,5.7,113.0,33.8,0.943,0.914,1,1
School,20K609,URBAN ASSEMBLY SCHOOL FOR LEADERSHIP AND EMPOWERME,All Grades,2022,All Students,148,607.0,18.0,12.2,37.0,25.0,43.0,29.1,50.0,33.8,93.0,62.8,0.918,0.866,1,1
School,20K609,URBAN ASSEMBLY SCHOOL FOR LEADERSHIP AND EMPOWERME,All Grades,2019,All Students,192,608.0,13.0,6.8,51.0,26.6,73.0,38.0,55.0,28.6,128.0,66.7,0.918,0.866,1,1
School,20K609,URBAN ASSEMBLY SCHOOL FOR LEADERSHIP AND EMPOWERME,All Grades,2018,All Students,202,606.0,17.0,8.4,71.0,35.1,67.0,33.2,47.0,23.3,114.0,56.4,0.918,0.866,1,1
School,20K682,THE ACADEMY OF TALENTED SCHOLARS,All Grades,2022,All Students,130,610.0,8.0,6.2,32.0,24.6,59.0,45.4,31.0,23.8,90.0,69.2,0.429,0.416,0,0
School,20K682,THE ACADEMY OF TALENTED SCHOLARS,All Grades,2019,All Students,156,617.0,7.0,4.5,17.0,10.9,77.0,49.4,55.0,35.3,132.0,84.6,0.429,0.416,0,0
School,20K682,THE ACADEMY OF TALENTED SCHOLARS,All Grades,2018,All Students,154,617.0,6.0,3.9,20.0,13.0,73.0,47.4,55.0,35.7,128.0,83.1,0.429,0.416,0,0
School,20K686,BROOKLYN SCHOOL OF INQUIRY,All Grades,2022,All Students,295,621.0,3.0,1.0,31.0,10.5,92.0,31.2,169.0,57.3,261.0,88.5,0.277,0.28,0,0
School,20K686,BROOKLYN SCHOOL OF INQUIRY,All Grades,2019,All Students,317,621.0,2.0,0.6,27.0,8.5,108.0,34.1,180.0,56.8,288.0,90.9,0.277,0.28,0,0
School,20K686,BROOKLYN SCHOOL OF INQUIRY,All Grades,2018,All Students,360,622.0,3.0,0.8,25.0,6.9,122.0,33.9,210.0,58.3,332.0,92.2,0.277,0.28,0,0
School,20K748,P.S. 748 BROOKLYN SCHOOL FOR GLOBAL SCHOLARS,All Grades,2022,All Students,222,607.0,23.0,10.4,60.0,27.0,83.0,37.4,56.0,25.2,139.0,62.6,0.744,0.677,1,0
School,20K748,P.S. 748 BROOKLYN SCHOOL FOR GLOBAL SCHOLARS,All Grades,2019,All Students,236,609.0,27.0,11.4,55.0,23.3,93.0,39.4,61.0,25.8,154.0,65.3,0.744,0.677,1,0
School,20K748,P.S. 748 BROOKLYN SCHOOL FOR GLOBAL SCHOLARS,All Grades,2018,All Students,274,611.0,21.0,7.7,77.0,28.1,95.0,34.7,81.0,29.6,176.0,64.2,0.744,0.677,1,0
School,20K936,MS 936 ARTS OFF 3RD,All Grades,2022,All Students,286,609.0,39.0,13.6,63.0,22.0,70.0,24.5,114.0,39.9,184.0,64.3,,,0,0
School,20K971,"SCHOOL OF MATH, SCIENCE, AND HEALTHY LIVING",All Grades,2022,All Students,127,592.0,40.0,31.5,58.0,45.7,22.0,17.3,7.0,5.5,29.0,22.8,0.918,0.862,1,1
School,20K971,"SCHOOL OF MATH, SCIENCE, AND HEALTHY LIVING",All Grades,2019,All Students,163,600.0,32.0,19.6,57.0,35.0,53.0,32.5,21.0,12.9,74.0,45.4,0.918,0.862,1,1
School,20K971,"SCHOOL OF MATH, SCIENCE, AND HEALTHY LIVING",All Grades,2018,All Students,184,601.0,40.0,21.7,54.0,29.3,71.0,38.6,19.0,10.3,90.0,48.9,0.918,0.862,1,1
School,21K090,P.S. 90 EDNA COHEN SCHOOL,All Grades,2022,All Students,184,602.0,27.0,14.7,73.0,39.7,59.0,32.1,25.0,13.6,84.0,45.7,0.831,0.881,1,1
School,21K090,P.S. 90 EDNA COHEN SCHOOL,All Grades,2019,All Students,235,594.0,74.0,31.5,84.0,35.7,63.0,26.8,14.0,6.0,77.0,32.8,0.831,0.881,1,1
School,21K090,P.S. 90 EDNA COHEN SCHOOL,All Grades,2018,All Students,247,597.0,51.0,20.6,118.0,47.8,60.0,24.3,18.0,7.3,78.0,31.6,0.831,0.881,1,1
School,21K095,P.S. 095 THE GRAVESEND,All Grades,2022,All Students,561,606.0,89.0,15.9,147.0,26.2,180.0,32.1,145.0,25.8,325.0,57.9,0.727,0.784,0,1
School,21K095,P.S. 095 THE GRAVESEND,All Grades,2019,All Students,542,606.0,85.0,15.7,150.0,27.7,171.0,31.5,136.0,25.1,307.0,56.6,0.727,0.784,0,1
School,21K095,P.S. 095 THE GRAVESEND,All Grades,2018,All Students,519,607.0,81.0,15.6,141.0,27.2,167.0,32.2,130.0,25.0,297.0,57.2,0.727,0.784,0,1
School,21K096,I.S. 096 SETH LOW,All Grades,2022,All Students,673,600.0,156.0,23.2,199.0,29.6,201.0,29.9,117.0,17.4,318.0,47.3,0.763,0.802,1,1
School,21K096,I.S. 096 SETH LOW,All Grades,2019,All Students,672,596.0,206.0,30.7,210.0,31.3,145.0,21.6,111.0,16.5,256.0,38.1,0.763,0.802,1,1
School,21K096,I.S. 096 SETH LOW,All Grades,2018,All Students,652,598.0,183.0,28.1,216.0,33.1,148.0,22.7,105.0,16.1,253.0,38.8,0.763,0.802,1,1
School,21K097,P.S. 97 THE HIGHLAWN,All Grades,2022,All Students,329,604.0,47.0,14.3,101.0,30.7,127.0,38.6,54.0,16.4,181.0,55.0,0.666,0.701,0,0
School,21K097,P.S. 97 THE HIGHLAWN,All Grades,2019,All Students,380,601.0,83.0,21.8,102.0,26.8,143.0,37.6,52.0,13.7,195.0,51.3,0.666,0.701,0,0
School,21K097,P.S. 97 THE HIGHLAWN,All Grades,2018,All Students,377,602.0,83.0,22.0,115.0,30.5,102.0,27.1,77.0,20.4,179.0,47.5,0.666,0.701,0,0
School,21K098,I.S. 98 BAY ACADEMY,All Grades,2022,All Students,1269,625.0,21.0,1.7,63.0,5.0,210.0,16.5,975.0,76.8,1185.0,93.4,0.521,0.496,0,0
School,21K098,I.S. 98 BAY ACADEMY,All Grades,2019,All Students,1492,624.0,15.0,1.0,87.0,5.8,330.0,22.1,1060.0,71.0,1390.0,93.2,0.521,0.496,0,0
School,21K098,I.S. 98 BAY ACADEMY,All Grades,2018,All Students,1289,624.0,10.0,0.8,72.0,5.6,300.0,23.3,907.0,70.4,1207.0,93.6,0.521,0.496,0,0
School,21K099,P.S. 099 ISAAC ASIMOV,All Grades,2022,All Students,487,600.0,105.0,21.6,171.0,35.1,109.0,22.4,102.0,20.9,211.0,43.3,0.733,0.796,0,1
School,21K099,P.S. 099 ISAAC ASIMOV,All Grades,2019,All Students,517,600.0,119.0,23.0,140.0,27.1,170.0,32.9,88.0,17.0,258.0,49.9,0.733,0.796,0,1
School,21K099,P.S. 099 ISAAC ASIMOV,All Grades,2018,All Students,538,599.0,140.0,26.0,154.0,28.6,160.0,29.7,84.0,15.6,244.0,45.4,0.733,0.796,0,1
School,21K100,P.S. 100 THE CONEY ISLAND SCHOOL,All Grades,2022,All Students,253,610.0,24.0,9.5,59.0,23.3,92.0,36.4,78.0,30.8,170.0,67.2,0.5,0.472,0,0
School,21K100,P.S. 100 THE CONEY ISLAND SCHOOL,All Grades,2019,All Students,341,608.0,34.0,10.0,88.0,25.8,150.0,44.0,69.0,20.2,219.0,64.2,0.5,0.472,0,0
School,21K100,P.S. 100 THE CONEY ISLAND SCHOOL,All Grades,2018,All Students,338,611.0,29.0,8.6,67.0,19.8,143.0,42.3,99.0,29.3,242.0,71.6,0.5,0.472,0,0
School,21K101,P.S. 101 THE VERRAZANO,All Grades,2022,All Students,391,611.0,27.0,6.9,86.0,22.0,155.0,39.6,123.0,31.5,278.0,71.1,0.629,0.671,0,0
School,21K101,P.S. 101 THE VERRAZANO,All Grades,2019,All Students,429,613.0,49.0,11.4,68.0,15.9,168.0,39.2,144.0,33.6,312.0,72.7,0.629,0.671,0,0
School,21K101,P.S. 101 THE VERRAZANO,All Grades,2018,All Students,435,614.0,45.0,10.3,73.0,16.8,154.0,35.4,163.0,37.5,317.0,72.9,0.629,0.671,0,0
School,21K121,P.S. 121 NELSON A. ROCKEFELLER,All Grades,2022,All Students,174,606.0,17.0,9.8,53.0,30.5,70.0,40.2,34.0,19.5,104.0,59.8,0.668,0.74,0,1
School,21K121,P.S. 121 NELSON A. ROCKEFELLER,All Grades,2019,All Students,187,607.0,23.0,12.3,60.0,32.1,56.0,29.9,48.0,25.7,104.0,55.6,0.668,0.74,0,1
School,21K121,P.S. 121 NELSON A. ROCKEFELLER,All Grades,2018,All Students,185,605.0,27.0,14.6,49.0,26.5,76.0,41.1,33.0,17.8,109.0,58.9,0.668,0.74,0,1
School,21K128,P.S. 128 BENSONHURST,All Grades,2022,All Students,176,594.0,59.0,33.5,67.0,38.1,36.0,20.5,14.0,8.0,50.0,28.4,0.849,0.766,1,1
School,21K128,P.S. 128 BENSONHURST,All Grades,2019,All Students,207,597.0,61.0,29.5,66.0,31.9,63.0,30.4,17.0,8.2,80.0,38.6,0.849,0.766,1,1
School,21K128,P.S. 128 BENSONHURST,All Grades,2018,All Students,202,594.0,65.0,32.2,79.0,39.1,46.0,22.8,12.0,5.9,58.0,28.7,0.849,0.766,1,1
School,21K153,P.S. 153 HOMECREST,All Grades,2022,All Students,221,598.0,53.0,24.0,81.0,36.7,61.0,27.6,26.0,11.8,87.0,39.4,0.792,0.822,1,1
School,21K153,P.S. 153 HOMECREST,All Grades,2019,All Students,210,599.0,47.0,22.4,72.0,34.3,66.0,31.4,25.0,11.9,91.0,43.3,0.792,0.822,1,1
School,21K153,P.S. 153 HOMECREST,All Grades,2018,All Students,215,603.0,37.0,17.2,67.0,31.2,83.0,38.6,28.0,13.0,111.0,51.6,0.792,0.822,1,1
School,21K177,P.S. 177 THE MARLBORO,All Grades,2022,All Students,365,596.0,101.0,27.7,131.0,35.9,97.0,26.6,36.0,9.9,133.0,36.4,0.755,0.791,1,1
School,21K177,P.S. 177 THE MARLBORO,All Grades,2019,All Students,449,598.0,105.0,23.4,146.0,32.5,150.0,33.4,48.0,10.7,198.0,44.1,0.755,0.791,1,1
School,21K177,P.S. 177 THE MARLBORO,All Grades,2018,All Students,445,600.0,107.0,24.0,128.0,28.8,140.0,31.5,70.0,15.7,210.0,47.2,0.755,0.791,1,1
School,21K188,P.S. 188 MICHAEL E. BERDY,All Grades,2022,All Students,133,582.0,71.0,53.4,45.0,33.8,15.0,11.3,2.0,1.5,17.0,12.8,0.882,0.909,1,1
School,21K188,P.S. 188 MICHAEL E. BERDY,All Grades,2019,All Students,176,589.0,66.0,37.5,71.0,40.3,33.0,18.8,6.0,3.4,39.0,22.2,0.882,0.909,1,1
School,21K188,P.S. 188 MICHAEL E. BERDY,All Grades,2018,All Students,173,591.0,65.0,37.6,70.0,40.5,30.0,17.3,8.0,4.6,38.0,22.0,0.882,0.909,1,1
School,21K199,P.S. 199 FREDERICK WACHTEL,All Grades,2022,All Students,210,599.0,51.0,24.3,68.0,32.4,68.0,32.4,23.0,11.0,91.0,43.3,0.845,0.815,1,1
School,21K199,P.S. 199 FREDERICK WACHTEL,All Grades,2019,All Students,218,601.0,45.0,20.6,61.0,28.0,81.0,37.2,31.0,14.2,112.0,51.4,0.845,0.815,1,1
School,21K199,P.S. 199 FREDERICK WACHTEL,All Grades,2018,All Students,201,602.0,41.0,20.4,60.0,29.9,68.0,33.8,32.0,15.9,100.0,49.8,0.845,0.815,1,1
School,21K209,P.S. 209 MARGARET MEAD,All Grades,2022,All Students,378,603.0,57.0,15.1,114.0,30.2,131.0,34.7,76.0,20.1,207.0,54.8,0.745,0.702,1,0
School,21K209,P.S. 209 MARGARET MEAD,All Grades,2019,All Students,408,602.0,79.0,19.4,104.0,25.5,143.0,35.0,82.0,20.1,225.0,55.1,0.745,0.702,1,0
School,21K209,P.S. 209 MARGARET MEAD,All Grades,2018,All Students,415,602.0,81.0,19.5,121.0,29.2,133.0,32.0,80.0,19.3,213.0,51.3,0.745,0.702,1,0
School,21K212,P.S. 212 LADY DEBORAH MOODY,All Grades,2022,All Students,244,602.0,47.0,19.3,82.0,33.6,79.0,32.4,36.0,14.8,115.0,47.1,0.857,0.837,1,1
School,21K212,P.S. 212 LADY DEBORAH MOODY,All Grades,2019,All Students,313,601.0,63.0,20.1,93.0,29.7,113.0,36.1,44.0,14.1,157.0,50.2,0.857,0.837,1,1
School,21K212,P.S. 212 LADY DEBORAH MOODY,All Grades,2018,All Students,324,599.0,79.0,24.4,106.0,32.7,103.0,31.8,36.0,11.1,139.0,42.9,0.857,0.837,1,1
School,21K215,P.S. 215 MORRIS H. WEISS,All Grades,2022,All Students,311,611.0,47.0,15.1,71.0,22.8,80.0,25.7,113.0,36.3,193.0,62.1,0.706,0.675,0,0
School,21K215,P.S. 215 MORRIS H. WEISS,All Grades,2019,All Students,382,609.0,50.0,13.1,86.0,22.5,130.0,34.0,116.0,30.4,246.0,64.4,0.706,0.675,0,0
School,21K215,P.S. 215 MORRIS H. WEISS,All Grades,2018,All Students,415,610.0,50.0,12.0,96.0,23.1,151.0,36.4,118.0,28.4,269.0,64.8,0.706,0.675,0,0
School,21K216,P.S. 216 ARTURO TOSCANINI,All Grades,2022,All Students,249,600.0,55.0,22.1,83.0,33.3,76.0,30.5,35.0,14.1,111.0,44.6,0.746,0.706,1,0
School,21K216,P.S. 216 ARTURO TOSCANINI,All Grades,2019,All Students,309,604.0,50.0,16.2,95.0,30.7,98.0,31.7,66.0,21.4,164.0,53.1,0.746,0.706,1,0
School,21K216,P.S. 216 ARTURO TOSCANINI,All Grades,2018,All Students,308,605.0,46.0,14.9,89.0,28.9,111.0,36.0,62.0,20.1,173.0,56.2,0.746,0.706,1,0
School,21K225,P.S. K225 - THE EILEEN E. ZAGLIN,All Grades,2022,All Students,505,597.0,135.0,26.7,162.0,32.1,134.0,26.5,74.0,14.7,208.0,41.2,0.824,0.836,1,1
School,21K225,P.S. K225 - THE EILEEN E. ZAGLIN,All Grades,2019,All Students,616,596.0,197.0,32.0,175.0,28.4,156.0,25.3,88.0,14.3,244.0,39.6,0.824,0.836,1,1
School,21K225,P.S. K225 - THE EILEEN E. ZAGLIN,All Grades,2018,All Students,617,596.0,196.0,31.8,200.0,32.4,149.0,24.1,72.0,11.7,221.0,35.8,0.824,0.836,1,1
School,21K226,P.S. 226 ALFRED DE B. MASON,All Grades,2022,All Students,516,603.0,93.0,18.0,152.0,29.5,147.0,28.5,124.0,24.0,271.0,52.5,0.817,0.774,1,1
School,21K226,P.S. 226 ALFRED DE B. MASON,All Grades,2019,All Students,621,603.0,127.0,20.5,163.0,26.2,194.0,31.2,137.0,22.1,331.0,53.3,0.817,0.774,1,1
School,21K226,P.S. 226 ALFRED DE B. MASON,All Grades,2018,All Students,598,606.0,84.0,14.0,170.0,28.4,178.0,29.8,166.0,27.8,344.0,57.5,0.817,0.774,1,1
School,21K228,I.S. 228 DAVID A. BOODY,All Grades,2022,All Students,1395,608.0,175.0,12.5,317.0,22.7,450.0,32.3,453.0,32.5,903.0,64.7,0.783,0.698,1,0
School,21K228,I.S. 228 DAVID A. BOODY,All Grades,2019,All Students,1321,605.0,216.0,16.4,340.0,25.7,386.0,29.2,379.0,28.7,765.0,57.9,0.783,0.698,1,0
School,21K228,I.S. 228 DAVID A. BOODY,All Grades,2018,All Students,1167,606.0,175.0,15.0,311.0,26.6,362.0,31.0,319.0,27.3,681.0,58.4,0.783,0.698,1,0
School,21K238,P.S. 238 ANNE SULLIVAN,All Grades,2022,All Students,300,595.0,79.0,26.3,122.0,40.7,74.0,24.7,25.0,8.3,99.0,33.0,0.86,0.891,1,1
School,21K238,P.S. 238 ANNE SULLIVAN,All Grades,2019,All Students,334,594.0,110.0,32.9,115.0,34.4,77.0,23.1,32.0,9.6,109.0,32.6,0.86,0.891,1,1
School,21K238,P.S. 238 ANNE SULLIVAN,All Grades,2018,All Students,317,594.0,109.0,34.4,99.0,31.2,74.0,23.3,35.0,11.0,109.0,34.4,0.86,0.891,1,1
School,21K239,MARK TWAIN I.S. 239 FOR THE GIFTED & TALENTED,All Grades,2022,All Students,1042,623.0,19.0,1.8,70.0,6.7,224.0,21.5,729.0,70.0,953.0,91.5,0.367,0.362,0,0
School,21K239,MARK TWAIN I.S. 239 FOR THE GIFTED & TALENTED,All Grades,2019,All Students,1176,624.0,31.0,2.6,69.0,5.9,241.0,20.5,835.0,71.0,1076.0,91.5,0.367,0.362,0,0
School,21K239,MARK TWAIN I.S. 239 FOR THE GIFTED & TALENTED,All Grades,2018,All Students,1157,624.0,14.0,1.2,61.0,5.3,273.0,23.6,809.0,69.9,1082.0,93.5,0.367,0.362,0,0
School,21K253,P.S. 253,All Grades,2022,All Students,381,608.0,33.0,8.7,104.0,27.3,176.0,46.2,68.0,17.8,244.0,64.0,0.819,0.884,1,1
School,21K253,P.S. 253,All Grades,2019,All Students,420,615.0,22.0,5.2,80.0,19.0,178.0,42.4,140.0,33.3,318.0,75.7,0.819,0.884,1,1
School,21K253,P.S. 253,All Grades,2018,All Students,415,614.0,22.0,5.3,97.0,23.4,169.0,40.7,127.0,30.6,296.0,71.3,0.819,0.884,1,1
School,21K281,I.S. 281 JOSEPH B CAVALLARO,All Grades,2022,All Students,1029,607.0,161.0,15.6,241.0,23.4,297.0,28.9,330.0,32.1,627.0,60.9,0.835,0.764,1,1
School,21K281,I.S. 281 JOSEPH B CAVALLARO,All Grades,2019,All Students,1231,603.0,264.0,21.4,311.0,25.3,339.0,27.5,317.0,25.8,656.0,53.3,0.835,0.764,1,1
School,21K281,I.S. 281 JOSEPH B CAVALLARO,All Grades,2018,All Students,1218,604.0,221.0,18.1,330.0,27.1,367.0,30.1,300.0,24.6,667.0,54.8,0.835,0.764,1,1
School,21K288,P.S. 288 THE SHIRLEY TANYHILL,All Grades,2022,All Students,315,591.0,119.0,37.8,127.0,40.3,48.0,15.2,21.0,6.7,69.0,21.9,0.946,0.95,1,1
School,21K288,P.S. 288 THE SHIRLEY TANYHILL,All Grades,2019,All Students,362,592.0,130.0,35.9,141.0,39.0,62.0,17.1,29.0,8.0,91.0,25.1,0.946,0.95,1,1
School,21K288,P.S. 288 THE SHIRLEY TANYHILL,All Grades,2018,All Students,385,591.0,163.0,42.3,136.0,35.3,58.0,15.1,28.0,7.3,86.0,22.3,0.946,0.95,1,1
School,21K303,I.S. 303 HERBERT S. EISENBERG,All Grades,2022,All Students,401,603.0,65.0,16.2,126.0,31.4,126.0,31.4,84.0,20.9,210.0,52.4,0.758,0.805,1,1
School,21K303,I.S. 303 HERBERT S. EISENBERG,All Grades,2019,All Students,536,600.0,119.0,22.2,173.0,32.3,146.0,27.2,98.0,18.3,244.0,45.5,0.758,0.805,1,1
School,21K303,I.S. 303 HERBERT S. EISENBERG,All Grades,2018,All Students,504,601.0,94.0,18.7,187.0,37.1,142.0,28.2,81.0,16.1,223.0,44.2,0.758,0.805,1,1
School,21K329,P.S. 329 SURFSIDE,All Grades,2022,All Students,136,587.0,51.0,37.5,61.0,44.9,23.0,16.9,1.0,0.7,24.0,17.6,0.95,0.93,1,1
School,21K329,P.S. 329 SURFSIDE,All Grades,2019,All Students,177,586.0,88.0,49.7,47.0,26.6,36.0,20.3,6.0,3.4,42.0,23.7,0.95,0.93,1,1
School,21K329,P.S. 329 SURFSIDE,All Grades,2018,All Students,194,589.0,82.0,42.3,66.0,34.0,39.0,20.1,7.0,3.6,46.0,23.7,0.95,0.93,1,1
School,21K468,KINGSBOROUGH EARLY COLLEGE SCHOOL,All Grades,2022,All Students,238,605.0,40.0,16.8,72.0,30.3,57.0,23.9,69.0,29.0,126.0,52.9,0.701,0.659,0,0
School,21K468,KINGSBOROUGH EARLY COLLEGE SCHOOL,All Grades,2019,All Students,260,599.0,69.0,26.5,78.0,30.0,62.0,23.8,51.0,19.6,113.0,43.5,0.701,0.659,0,0
School,21K468,KINGSBOROUGH EARLY COLLEGE SCHOOL,All Grades,2018,All Students,262,605.0,29.0,11.1,91.0,34.7,88.0,33.6,54.0,20.6,142.0,54.2,0.701,0.659,0,0
School,21K690,BROOKLYN STUDIO SECONDARY SCHOOL,All Grades,2022,All Students,254,602.0,49.0,19.3,75.0,29.5,81.0,31.9,49.0,19.3,130.0,51.2,0.788,0.742,1,1
School,21K690,BROOKLYN STUDIO SECONDARY SCHOOL,All Grades,2019,All Students,275,602.0,50.0,18.2,78.0,28.4,93.0,33.8,54.0,19.6,147.0,53.5,0.788,0.742,1,1
School,21K690,BROOKLYN STUDIO SECONDARY SCHOOL,All Grades,2018,All Students,258,604.0,38.0,14.7,82.0,31.8,90.0,34.9,48.0,18.6,138.0,53.5,0.788,0.742,1,1
School,22K014,J.H.S. 014 SHELL BANK,All Grades,2022,All Students,384,597.0,112.0,29.2,127.0,33.1,86.0,22.4,59.0,15.4,145.0,37.8,0.884,0.819,1,1
School,22K014,J.H.S. 014 SHELL BANK,All Grades,2019,All Students,466,594.0,154.0,33.0,150.0,32.2,102.0,21.9,60.0,12.9,162.0,34.8,0.884,0.819,1,1
School,22K014,J.H.S. 014 SHELL BANK,All Grades,2018,All Students,464,593.0,155.0,33.4,170.0,36.6,95.0,20.5,44.0,9.5,139.0,30.0,0.884,0.819,1,1
School,22K052,P.S. 052 SHEEPSHEAD BAY,All Grades,2022,All Students,271,597.0,82.0,30.3,79.0,29.2,73.0,26.9,37.0,13.7,110.0,40.6,0.764,0.718,1,1
School,22K052,P.S. 052 SHEEPSHEAD BAY,All Grades,2019,All Students,366,600.0,94.0,25.7,110.0,30.1,85.0,23.2,77.0,21.0,162.0,44.3,0.764,0.718,1,1
School,22K052,P.S. 052 SHEEPSHEAD BAY,All Grades,2018,All Students,360,601.0,84.0,23.3,104.0,28.9,109.0,30.3,63.0,17.5,172.0,47.8,0.764,0.718,1,1
School,22K078,J.H.S. 078 ROY H. MANN,All Grades,2022,All Students,489,603.0,85.0,17.4,158.0,32.3,148.0,30.3,98.0,20.0,246.0,50.3,0.75,0.646,1,0
School,22K078,J.H.S. 078 ROY H. MANN,All Grades,2019,All Students,545,598.0,142.0,26.1,194.0,35.6,120.0,22.0,89.0,16.3,209.0,38.3,0.75,0.646,1,0
School,22K078,J.H.S. 078 ROY H. MANN,All Grades,2018,All Students,473,595.0,153.0,32.3,169.0,35.7,112.0,23.7,39.0,8.2,151.0,31.9,0.75,0.646,1,0
School,22K109,P.S. 109,All Grades,2022,All Students,287,599.0,57.0,19.9,104.0,36.2,93.0,32.4,33.0,11.5,126.0,43.9,0.847,0.729,1,1
School,22K109,P.S. 109,All Grades,2019,All Students,375,596.0,108.0,28.8,131.0,34.9,95.0,25.3,41.0,10.9,136.0,36.3,0.847,0.729,1,1
School,22K109,P.S. 109,All Grades,2018,All Students,437,598.0,112.0,25.6,162.0,37.1,112.0,25.6,51.0,11.7,163.0,37.3,0.847,0.729,1,1
School,22K119,P.S. 119 AMERSFORT,All Grades,2022,All Students,192,596.0,46.0,24.0,83.0,43.2,43.0,22.4,20.0,10.4,63.0,32.8,0.727,0.729,0,1
School,22K119,P.S. 119 AMERSFORT,All Grades,2019,All Students,247,595.0,66.0,26.7,87.0,35.2,74.0,30.0,20.0,8.1,94.0,38.1,0.727,0.729,0,1
School,22K119,P.S. 119 AMERSFORT,All Grades,2018,All Students,248,597.0,67.0,27.0,89.0,35.9,73.0,29.4,19.0,7.7,92.0,37.1,0.727,0.729,0,1
School,22K134,P.S. K134,All Grades,2022,All Students,247,612.0,9.0,3.6,60.0,24.3,110.0,44.5,68.0,27.5,178.0,72.1,0.886,0.849,1,1
School,22K134,P.S. K134,All Grades,2019,All Students,281,614.0,10.0,3.6,46.0,16.4,144.0,51.2,81.0,28.8,225.0,80.1,0.886,0.849,1,1
School,22K134,P.S. K134,All Grades,2018,All Students,277,613.0,13.0,4.7,60.0,21.7,116.0,41.9,88.0,31.8,204.0,73.6,0.886,0.849,1,1
School,22K139,P.S. 139 ALEXINE A. FENTY,All Grades,2022,All Students,336,600.0,73.0,21.7,106.0,31.5,107.0,31.8,50.0,14.9,157.0,46.7,0.8,0.741,1,1
School,22K139,P.S. 139 ALEXINE A. FENTY,All Grades,2019,All Students,412,595.0,129.0,31.3,128.0,31.1,119.0,28.9,36.0,8.7,155.0,37.6,0.8,0.741,1,1
School,22K139,P.S. 139 ALEXINE A. FENTY,All Grades,2018,All Students,427,596.0,123.0,28.8,161.0,37.7,95.0,22.2,48.0,11.2,143.0,33.5,0.8,0.741,1,1
School,22K152,SCHOOL OF SCIENCE & TECHNOLOGY,All Grades,2022,All Students,228,596.0,71.0,31.1,68.0,29.8,70.0,30.7,19.0,8.3,89.0,39.0,0.777,0.805,1,1
School,22K152,SCHOOL OF SCIENCE & TECHNOLOGY,All Grades,2019,All Students,313,597.0,83.0,26.5,100.0,31.9,109.0,34.8,21.0,6.7,130.0,41.5,0.777,0.805,1,1
School,22K152,SCHOOL OF SCIENCE & TECHNOLOGY,All Grades,2018,All Students,366,594.0,117.0,32.0,142.0,38.8,92.0,25.1,15.0,4.1,107.0,29.2,0.777,0.805,1,1
School,22K193,P.S. 193 GIL HODGES,All Grades,2022,All Students,215,602.0,31.0,14.4,89.0,41.4,59.0,27.4,36.0,16.7,95.0,44.2,0.723,0.651,0,0
School,22K193,P.S. 193 GIL HODGES,All Grades,2019,All Students,355,600.0,79.0,22.3,97.0,27.3,134.0,37.7,45.0,12.7,179.0,50.4,0.723,0.651,0,0
School,22K193,P.S. 193 GIL HODGES,All Grades,2018,All Students,372,601.0,78.0,21.0,114.0,30.6,127.0,34.1,53.0,14.2,180.0,48.4,0.723,0.651,0,0
School,22K194,P.S. 194 RAOUL WALLENBERG,All Grades,2022,All Students,190,595.0,61.0,32.1,68.0,35.8,46.0,24.2,15.0,7.9,61.0,32.1,0.896,0.918,1,1
School,22K194,P.S. 194 RAOUL WALLENBERG,All Grades,2019,All Students,243,591.0,91.0,37.4,77.0,31.7,62.0,25.5,13.0,5.3,75.0,30.9,0.896,0.918,1,1
School,22K194,P.S. 194 RAOUL WALLENBERG,All Grades,2018,All Students,253,596.0,82.0,32.4,83.0,32.8,63.0,24.9,25.0,9.9,88.0,34.8,0.896,0.918,1,1
School,22K195,P.S. 195 MANHATTAN BEACH,All Grades,2022,All Students,146,612.0,3.0,2.1,44.0,30.1,55.0,37.7,44.0,30.1,99.0,67.8,0.306,0.293,0,0
School,22K195,P.S. 195 MANHATTAN BEACH,All Grades,2019,All Students,228,611.0,17.0,7.5,45.0,19.7,106.0,46.5,60.0,26.3,166.0,72.8,0.306,0.293,0,0
School,22K195,P.S. 195 MANHATTAN BEACH,All Grades,2018,All Students,223,612.0,10.0,4.5,51.0,22.9,106.0,47.5,56.0,25.1,162.0,72.6,0.306,0.293,0,0
School,22K197,P.S. 197 - THE KINGS HIGHWAY ACADEMY,All Grades,2022,All Students,340,602.0,70.0,20.6,103.0,30.3,108.0,31.8,59.0,17.4,167.0,49.1,0.638,0.688,0,0
School,22K197,P.S. 197 - THE KINGS HIGHWAY ACADEMY,All Grades,2019,All Students,317,603.0,72.0,22.7,70.0,22.1,110.0,34.7,65.0,20.5,175.0,55.2,0.638,0.688,0,0
School,22K197,P.S. 197 - THE KINGS HIGHWAY ACADEMY,All Grades,2018,All Students,271,603.0,54.0,19.9,84.0,31.0,84.0,31.0,49.0,18.1,133.0,49.1,0.638,0.688,0,0
School,22K198,P.S. 198 BROOKLYN,All Grades,2022,All Students,117,603.0,23.0,19.7,32.0,27.4,44.0,37.6,18.0,15.4,62.0,53.0,0.816,0.755,1,1
School,22K198,P.S. 198 BROOKLYN,All Grades,2019,All Students,164,595.0,38.0,23.2,75.0,45.7,43.0,26.2,8.0,4.9,51.0,31.1,0.816,0.755,1,1
School,22K198,P.S. 198 BROOKLYN,All Grades,2018,All Students,184,597.0,50.0,27.2,75.0,40.8,44.0,23.9,15.0,8.2,59.0,32.1,0.816,0.755,1,1
School,22K203,P.S. 203 FLOYD BENNETT SCHOOL,All Grades,2022,All Students,234,596.0,66.0,28.2,85.0,36.3,59.0,25.2,24.0,10.3,83.0,35.5,0.695,0.681,0,0
School,22K203,P.S. 203 FLOYD BENNETT SCHOOL,All Grades,2019,All Students,283,594.0,86.0,30.4,98.0,34.6,79.0,27.9,20.0,7.1,99.0,35.0,0.695,0.681,0,0
School,22K203,P.S. 203 FLOYD BENNETT SCHOOL,All Grades,2018,All Students,312,597.0,86.0,27.6,107.0,34.3,93.0,29.8,26.0,8.3,119.0,38.1,0.695,0.681,0,0
School,22K206,P.S. 206 JOSEPH F LAMB,All Grades,2022,All Students,923,603.0,185.0,20.0,249.0,27.0,271.0,29.4,218.0,23.6,489.0,53.0,0.706,0.624,0,0
School,22K206,P.S. 206 JOSEPH F LAMB,All Grades,2019,All Students,941,605.0,164.0,17.4,224.0,23.8,309.0,32.8,244.0,25.9,553.0,58.8,0.706,0.624,0,0
School,22K206,P.S. 206 JOSEPH F LAMB,All Grades,2018,All Students,948,608.0,136.0,14.3,224.0,23.6,315.0,33.2,273.0,28.8,588.0,62.0,0.706,0.624,0,0
School,22K207,P.S. 207 ELIZABETH G. LEARY,All Grades,2022,All Students,573,606.0,75.0,13.1,171.0,29.8,174.0,30.4,153.0,26.7,327.0,57.1,0.482,0.397,0,0
School,22K207,P.S. 207 ELIZABETH G. LEARY,All Grades,2019,All Students,728,605.0,87.0,12.0,213.0,29.3,262.0,36.0,166.0,22.8,428.0,58.8,0.482,0.397,0,0
School,22K207,P.S. 207 ELIZABETH G. LEARY,All Grades,2018,All Students,691,607.0,72.0,10.4,213.0,30.8,239.0,34.6,167.0,24.2,406.0,58.8,0.482,0.397,0,0
School,22K217,P.S. 217 COLONEL DAVID MARCUS SCHOOL,All Grades,2022,All Students,401,,,,,,,,,,,,0.781,0.805,1,1
School,22K217,P.S. 217 COLONEL DAVID MARCUS SCHOOL,All Grades,2019,All Students,547,599.0,115.0,21.0,169.0,30.9,198.0,36.2,65.0,11.9,263.0,48.1,0.781,0.805,1,1
School,22K217,P.S. 217 COLONEL DAVID MARCUS SCHOOL,All Grades,2018,All Students,538,601.0,112.0,20.8,181.0,33.6,164.0,30.5,81.0,15.1,245.0,45.5,0.781,0.805,1,1
School,22K222,P.S. 222 KATHERINE R. SNYDER,All Grades,2022,All Students,321,609.0,28.0,8.7,81.0,25.2,117.0,36.4,95.0,29.6,212.0,66.0,0.532,0.419,0,0
School,22K222,P.S. 222 KATHERINE R. SNYDER,All Grades,2019,All Students,447,610.0,35.0,7.8,106.0,23.7,187.0,41.8,119.0,26.6,306.0,68.5,0.532,0.419,0,0
School,22K222,P.S. 222 KATHERINE R. SNYDER,All Grades,2018,All Students,438,612.0,28.0,6.4,99.0,22.6,187.0,42.7,124.0,28.3,311.0,71.0,0.532,0.419,0,0
School,22K234,J.H.S. 234 ARTHUR W. CUNNINGHAM,All Grades,2022,All Students,1160,609.0,137.0,11.8,256.0,22.1,333.0,28.7,434.0,37.4,767.0,66.1,0.718,0.646,0,0
School,22K234,J.H.S. 234 ARTHUR W. CUNNINGHAM,All Grades,2019,All Students,1639,608.0,205.0,12.5,415.0,25.3,448.0,27.3,571.0,34.8,1019.0,62.2,0.718,0.646,0,0
School,22K234,J.H.S. 234 ARTHUR W. CUNNINGHAM,All Grades,2018,All Students,1777,610.0,208.0,11.7,400.0,22.5,517.0,29.1,652.0,36.7,1169.0,65.8,0.718,0.646,0,0
School,22K236,P.S. 236 MILL BASIN,All Grades,2022,All Students,236,612.0,15.0,6.4,58.0,24.6,91.0,38.6,72.0,30.5,163.0,69.1,0.454,0.35,0,0
School,22K236,P.S. 236 MILL BASIN,All Grades,2019,All Students,240,614.0,11.0,4.6,51.0,21.3,105.0,43.8,73.0,30.4,178.0,74.2,0.454,0.35,0,0
School,22K236,P.S. 236 MILL BASIN,All Grades,2018,All Students,228,613.0,11.0,4.8,53.0,23.2,91.0,39.9,73.0,32.0,164.0,71.9,0.454,0.35,0,0
School,22K240,ANDRIES HUDDE,All Grades,2022,All Students,465,596.0,139.0,29.9,162.0,34.8,95.0,20.4,69.0,14.8,164.0,35.3,0.837,0.772,1,1
School,22K240,ANDRIES HUDDE,All Grades,2019,All Students,641,595.0,196.0,30.6,224.0,34.9,129.0,20.1,92.0,14.4,221.0,34.5,0.837,0.772,1,1
School,22K240,ANDRIES HUDDE,All Grades,2018,All Students,684,598.0,151.0,22.1,274.0,40.1,167.0,24.4,92.0,13.5,259.0,37.9,0.837,0.772,1,1
School,22K245,P.S. 245,All Grades,2022,All Students,117,603.0,15.0,12.8,44.0,37.6,38.0,32.5,20.0,17.1,58.0,49.6,0.95,0.813,1,1
School,22K245,P.S. 245,All Grades,2019,All Students,128,600.0,23.0,18.0,48.0,37.5,44.0,34.4,13.0,10.2,57.0,44.5,0.95,0.813,1,1
School,22K245,P.S. 245,All Grades,2018,All Students,128,601.0,22.0,17.2,49.0,38.3,42.0,32.8,15.0,11.7,57.0,44.5,0.95,0.813,1,1
School,22K251,P.S. 251 PAERDEGAT,All Grades,2022,All Students,145,591.0,53.0,36.6,56.0,38.6,29.0,20.0,7.0,4.8,36.0,24.8,0.776,0.783,1,1
School,22K251,P.S. 251 PAERDEGAT,All Grades,2019,All Students,229,589.0,99.0,43.2,75.0,32.8,49.0,21.4,6.0,2.6,55.0,24.0,0.776,0.783,1,1
School,22K251,P.S. 251 PAERDEGAT,All Grades,2018,All Students,230,593.0,67.0,29.1,96.0,41.7,55.0,23.9,12.0,5.2,67.0,29.1,0.776,0.783,1,1
School,22K254,P.S. 254 DAG HAMMARSKJOLD,All Grades,2022,All Students,265,608.0,27.0,10.2,76.0,28.7,79.0,29.8,83.0,31.3,162.0,61.1,0.574,0.551,0,0
School,22K254,P.S. 254 DAG HAMMARSKJOLD,All Grades,2019,All Students,347,611.0,32.0,9.2,76.0,21.9,133.0,38.3,106.0,30.5,239.0,68.9,0.574,0.551,0,0
School,22K254,P.S. 254 DAG HAMMARSKJOLD,All Grades,2018,All Students,358,609.0,40.0,11.2,97.0,27.1,134.0,37.4,87.0,24.3,221.0,61.7,0.574,0.551,0,0
School,22K255,P.S. 255 BARBARA REING SCHOOL,All Grades,2022,All Students,362,600.0,75.0,20.7,108.0,29.8,126.0,34.8,53.0,14.6,179.0,49.4,0.773,0.709,1,0
School,22K255,P.S. 255 BARBARA REING SCHOOL,All Grades,2019,All Students,420,604.0,71.0,16.9,124.0,29.5,136.0,32.4,89.0,21.2,225.0,53.6,0.773,0.709,1,0
School,22K255,P.S. 255 BARBARA REING SCHOOL,All Grades,2018,All Students,434,604.0,85.0,19.6,124.0,28.6,139.0,32.0,86.0,19.8,225.0,51.8,0.773,0.709,1,0
School,22K277,P.S. 277 GERRITSEN BEACH,All Grades,2022,All Students,149,605.0,19.0,12.8,50.0,33.6,57.0,38.3,23.0,15.4,80.0,53.7,0.494,0.376,0,0
School,22K277,P.S. 277 GERRITSEN BEACH,All Grades,2019,All Students,200,608.0,11.0,5.5,60.0,30.0,92.0,46.0,37.0,18.5,129.0,64.5,0.494,0.376,0,0
School,22K277,P.S. 277 GERRITSEN BEACH,All Grades,2018,All Students,199,610.0,18.0,9.0,44.0,22.1,94.0,47.2,43.0,21.6,137.0,68.8,0.494,0.376,0,0
School,22K278,J.H.S. 278 MARINE PARK,All Grades,2022,All Students,1007,607.0,151.0,15.0,232.0,23.0,305.0,30.3,319.0,31.7,624.0,62.0,0.697,0.523,0,0
School,22K278,J.H.S. 278 MARINE PARK,All Grades,2019,All Students,1130,606.0,165.0,14.6,309.0,27.3,326.0,28.8,330.0,29.2,656.0,58.1,0.697,0.523,0,0
School,22K278,J.H.S. 278 MARINE PARK,All Grades,2018,All Students,1036,605.0,147.0,14.2,311.0,30.0,333.0,32.1,245.0,23.6,578.0,55.8,0.697,0.523,0,0
School,22K312,P.S. 312 BERGEN BEACH,All Grades,2022,All Students,289,605.0,40.0,13.8,85.0,29.4,108.0,37.4,56.0,19.4,164.0,56.7,0.557,0.477,0,0
School,22K312,P.S. 312 BERGEN BEACH,All Grades,2019,All Students,373,607.0,40.0,10.7,99.0,26.5,162.0,43.4,72.0,19.3,234.0,62.7,0.557,0.477,0,0
School,22K312,P.S. 312 BERGEN BEACH,All Grades,2018,All Students,372,611.0,31.0,8.3,95.0,25.5,146.0,39.2,100.0,26.9,246.0,66.1,0.557,0.477,0,0
School,22K315,P.S. K315,All Grades,2022,All Students,218,596.0,66.0,30.3,81.0,37.2,46.0,21.1,25.0,11.5,71.0,32.6,0.885,0.827,1,1
School,22K315,P.S. K315,All Grades,2019,All Students,291,599.0,73.0,25.1,85.0,29.2,90.0,30.9,43.0,14.8,133.0,45.7,0.885,0.827,1,1
School,22K315,P.S. K315,All Grades,2018,All Students,292,599.0,62.0,21.2,117.0,40.1,84.0,28.8,29.0,9.9,113.0,38.7,0.885,0.827,1,1
School,22K361,P.S. 361 EAST FLATBUSH EARLY CHILDHOOD SCHOOL,All Grades,2022,All Students,149,593.0,50.0,33.6,58.0,38.9,38.0,25.5,3.0,2.0,41.0,27.5,0.825,0.831,1,1
School,22K361,P.S. 361 EAST FLATBUSH EARLY CHILDHOOD SCHOOL,All Grades,2019,All Students,272,592.0,96.0,35.3,96.0,35.3,60.0,22.1,20.0,7.4,80.0,29.4,0.825,0.831,1,1
School,22K381,I. S. 381,All Grades,2022,All Students,306,603.0,56.0,18.3,87.0,28.4,93.0,30.4,70.0,22.9,163.0,53.3,0.78,0.748,1,1
School,22K381,I. S. 381,All Grades,2019,All Students,248,602.0,54.0,21.8,59.0,23.8,69.0,27.8,66.0,26.6,135.0,54.4,0.78,0.748,1,1
School,22K381,I. S. 381,All Grades,2018,All Students,235,604.0,33.0,14.0,73.0,31.1,84.0,35.7,45.0,19.1,129.0,54.9,0.78,0.748,1,1
School,22K889,P.S. 889,All Grades,2022,All Students,78,599.0,13.0,16.7,32.0,41.0,18.0,23.1,15.0,19.2,33.0,42.3,0.625,0.619,0,0
School,22K890,M.S. 890,All Grades,2022,All Students,264,603.0,48.0,18.2,74.0,28.0,81.0,30.7,61.0,23.1,142.0,53.8,0.784,0.7,1,0
School,22K890,M.S. 890,All Grades,2019,All Students,202,603.0,38.0,18.8,67.0,33.2,60.0,29.7,37.0,18.3,97.0,48.0,0.784,0.7,1,0
School,22K890,M.S. 890,All Grades,2018,All Students,17,591.0,6.0,35.3,7.0,41.2,3.0,17.6,1.0,5.9,4.0,23.5,0.784,0.7,1,0
School,23K041,P.S. 041 FRANCIS WHITE,All Grades,2022,All Students,163,589.0,73.0,44.8,51.0,31.3,29.0,17.8,10.0,6.1,39.0,23.9,0.95,0.95,1,1
School,23K041,P.S. 041 FRANCIS WHITE,All Grades,2019,All Students,262,587.0,118.0,45.0,87.0,33.2,42.0,16.0,15.0,5.7,57.0,21.8,0.95,0.95,1,1
School,23K041,P.S. 041 FRANCIS WHITE,All Grades,2018,All Students,300,590.0,118.0,39.3,125.0,41.7,46.0,15.3,11.0,3.7,57.0,19.0,0.95,0.95,1,1
School,23K137,P.S./I.S. 137 RACHEL JEAN MITCHELL,All Grades,2022,All Students,55,594.0,14.0,25.5,25.0,45.5,12.0,21.8,4.0,7.3,16.0,29.1,0.903,0.882,1,1
School,23K137,P.S./I.S. 137 RACHEL JEAN MITCHELL,All Grades,2019,All Students,144,595.0,49.0,34.0,40.0,27.8,40.0,27.8,15.0,10.4,55.0,38.2,0.903,0.882,1,1
School,23K137,P.S./I.S. 137 RACHEL JEAN MITCHELL,All Grades,2018,All Students,153,595.0,53.0,34.6,46.0,30.1,39.0,25.5,15.0,9.8,54.0,35.3,0.903,0.882,1,1
School,23K150,P.S. 150 CHRISTOPHER,All Grades,2022,All Students,61,586.0,29.0,47.5,20.0,32.8,9.0,14.8,3.0,4.9,12.0,19.7,0.95,0.95,1,1
School,23K150,P.S. 150 CHRISTOPHER,All Grades,2019,All Students,72,584.0,37.0,51.4,23.0,31.9,11.0,15.3,1.0,1.4,12.0,16.7,0.95,0.95,1,1
School,23K150,P.S. 150 CHRISTOPHER,All Grades,2018,All Students,75,583.0,41.0,54.7,27.0,36.0,6.0,8.0,1.0,1.3,7.0,9.3,0.95,0.95,1,1
School,23K155,P.S./ I.S. 155 NICHOLAS HERKIMER,All Grades,2022,All Students,160,596.0,42.0,26.3,62.0,38.8,43.0,26.9,13.0,8.1,56.0,35.0,0.95,0.931,1,1
School,23K155,P.S./ I.S. 155 NICHOLAS HERKIMER,All Grades,2019,All Students,216,590.0,80.0,37.0,91.0,42.1,33.0,15.3,12.0,5.6,45.0,20.8,0.95,0.931,1,1
School,23K155,P.S./ I.S. 155 NICHOLAS HERKIMER,All Grades,2018,All Students,210,594.0,64.0,30.5,91.0,43.3,38.0,18.1,17.0,8.1,55.0,26.2,0.95,0.931,1,1
School,23K156,P.S. 156 WAVERLY,All Grades,2022,All Students,226,589.0,90.0,39.8,80.0,35.4,49.0,21.7,7.0,3.1,56.0,24.8,0.908,0.896,1,1
School,23K156,P.S. 156 WAVERLY,All Grades,2019,All Students,278,592.0,100.0,36.0,97.0,34.9,63.0,22.7,18.0,6.5,81.0,29.1,0.908,0.896,1,1
School,23K156,P.S. 156 WAVERLY,All Grades,2018,All Students,326,590.0,144.0,44.2,107.0,32.8,57.0,17.5,18.0,5.5,75.0,23.0,0.908,0.896,1,1
School,23K165,P.S. 165 IDA POSNER,All Grades,2022,All Students,54,588.0,25.0,46.3,16.0,29.6,10.0,18.5,3.0,5.6,13.0,24.1,0.859,0.875,1,1
School,23K165,P.S. 165 IDA POSNER,All Grades,2019,All Students,73,587.0,37.0,50.7,20.0,27.4,12.0,16.4,4.0,5.5,16.0,21.9,0.859,0.875,1,1
School,23K165,P.S. 165 IDA POSNER,All Grades,2018,All Students,79,593.0,26.0,32.9,24.0,30.4,19.0,24.1,10.0,12.7,29.0,36.7,0.859,0.875,1,1
School,23K178,P.S. 178 SAINT CLAIR MCKELWAY,All Grades,2022,All Students,135,590.0,59.0,43.7,51.0,37.8,17.0,12.6,8.0,5.9,25.0,18.5,0.849,0.894,1,1
School,23K178,P.S. 178 SAINT CLAIR MCKELWAY,All Grades,2019,All Students,166,595.0,54.0,32.5,53.0,31.9,43.0,25.9,16.0,9.6,59.0,35.5,0.849,0.894,1,1
School,23K178,P.S. 178 SAINT CLAIR MCKELWAY,All Grades,2018,All Students,180,595.0,53.0,29.4,69.0,38.3,44.0,24.4,14.0,7.8,58.0,32.2,0.849,0.894,1,1
School,23K184,P.S. 184 NEWPORT,All Grades,2022,All Students,182,593.0,63.0,34.6,69.0,37.9,38.0,20.9,12.0,6.6,50.0,27.5,0.95,0.942,1,1
School,23K184,P.S. 184 NEWPORT,All Grades,2019,All Students,298,585.0,146.0,49.0,100.0,33.6,47.0,15.8,5.0,1.7,52.0,17.4,0.95,0.942,1,1
School,23K184,P.S. 184 NEWPORT,All Grades,2018,All Students,284,590.0,104.0,36.6,131.0,46.1,41.0,14.4,8.0,2.8,49.0,17.3,0.95,0.942,1,1
School,23K284,"THE GREGORY JOCKO JACKSON SCHOOL OF SPORTS, ART, A",All Grades,2022,All Students,65,593.0,22.0,33.8,30.0,46.2,12.0,18.5,1.0,1.5,13.0,20.0,0.95,0.95,1,1
School,23K284,"THE GREGORY JOCKO JACKSON SCHOOL OF SPORTS, ART, A",All Grades,2019,All Students,122,590.0,48.0,39.3,44.0,36.1,25.0,20.5,5.0,4.1,30.0,24.6,0.95,0.95,1,1
School,23K284,"THE GREGORY JOCKO JACKSON SCHOOL OF SPORTS, ART, A",All Grades,2018,All Students,299,591.0,117.0,39.1,105.0,35.1,65.0,21.7,12.0,4.0,77.0,25.8,0.95,0.95,1,1
School,23K298,P.S. 298 DR. BETTY SHABAZZ,All Grades,2022,All Students,100,583.0,59.0,59.0,31.0,31.0,10.0,10.0,0.0,0.0,10.0,10.0,0.95,0.95,1,1
School,23K298,P.S. 298 DR. BETTY SHABAZZ,All Grades,2019,All Students,75,588.0,32.0,42.7,25.0,33.3,18.0,24.0,0.0,0.0,18.0,24.0,0.95,0.95,1,1
School,23K298,P.S. 298 DR. BETTY SHABAZZ,All Grades,2018,All Students,76,591.0,28.0,36.8,29.0,38.2,17.0,22.4,2.0,2.6,19.0,25.0,0.95,0.95,1,1
School,23K323,P.S./I.S. 323,All Grades,2022,All Students,293,588.0,133.0,45.4,101.0,34.5,44.0,15.0,15.0,5.1,59.0,20.1,0.941,0.936,1,1
School,23K323,P.S./I.S. 323,All Grades,2019,All Students,368,586.0,186.0,50.5,121.0,32.9,47.0,12.8,14.0,3.8,61.0,16.6,0.941,0.936,1,1
School,23K323,P.S./I.S. 323,All Grades,2018,All Students,338,589.0,152.0,45.0,114.0,33.7,59.0,17.5,13.0,3.8,72.0,21.3,0.941,0.936,1,1
School,23K327,P.S. 327 DR. ROSE B. ENGLISH,All Grades,2022,All Students,64,594.0,21.0,32.8,21.0,32.8,18.0,28.1,4.0,6.3,22.0,34.4,0.95,0.929,1,1
School,23K327,P.S. 327 DR. ROSE B. ENGLISH,All Grades,2019,All Students,106,587.0,46.0,43.4,36.0,34.0,19.0,17.9,5.0,4.7,24.0,22.6,0.95,0.929,1,1
School,23K327,P.S. 327 DR. ROSE B. ENGLISH,All Grades,2018,All Students,176,585.0,89.0,50.6,60.0,34.1,19.0,10.8,8.0,4.5,27.0,15.3,0.95,0.929,1,1
School,23K363,BROWNSVILLE COLLABORATIVE MIDDLE SCHOOL,All Grades,2022,All Students,121,601.0,23.0,19.0,35.0,28.9,45.0,37.2,18.0,14.9,63.0,52.1,0.95,0.95,1,1
School,23K363,BROWNSVILLE COLLABORATIVE MIDDLE SCHOOL,All Grades,2019,All Students,193,587.0,104.0,53.9,58.0,30.1,22.0,11.4,9.0,4.7,31.0,16.1,0.95,0.95,1,1
School,23K363,BROWNSVILLE COLLABORATIVE MIDDLE SCHOOL,All Grades,2018,All Students,63,591.0,29.0,46.0,22.0,34.9,5.0,7.9,7.0,11.1,12.0,19.0,0.95,0.95,1,1
School,23K392,I.S. 392,All Grades,2022,All Students,298,608.0,38.0,12.8,74.0,24.8,91.0,30.5,95.0,31.9,186.0,62.4,0.775,0.657,1,0
School,23K392,I.S. 392,All Grades,2019,All Students,280,606.0,36.0,12.9,58.0,20.7,112.0,40.0,74.0,26.4,186.0,66.4,0.775,0.657,1,0
School,23K392,I.S. 392,All Grades,2018,All Students,264,609.0,19.0,7.2,67.0,25.4,98.0,37.1,80.0,30.3,178.0,67.4,0.775,0.657,1,0
School,23K401,CHRISTOPHER AVENUE COMMUNITY SCHOOL,All Grades,2022,All Students,74,591.0,27.0,36.5,31.0,41.9,15.0,20.3,1.0,1.4,16.0,21.6,0.95,0.95,1,1
School,23K401,CHRISTOPHER AVENUE COMMUNITY SCHOOL,All Grades,2019,All Students,84,591.0,29.0,34.5,30.0,35.7,21.0,25.0,4.0,4.8,25.0,29.8,0.95,0.95,1,1
School,23K401,CHRISTOPHER AVENUE COMMUNITY SCHOOL,All Grades,2018,All Students,89,594.0,25.0,28.1,34.0,38.2,26.0,29.2,4.0,4.5,30.0,33.7,0.95,0.95,1,1
School,23K446,RIVERDALE AVENUE COMMUNITY SCHOOL,All Grades,2022,All Students,104,591.0,40.0,38.5,35.0,33.7,19.0,18.3,10.0,9.6,29.0,27.9,0.936,0.896,1,1
School,23K446,RIVERDALE AVENUE COMMUNITY SCHOOL,All Grades,2019,All Students,138,591.0,54.0,39.1,44.0,31.9,35.0,25.4,5.0,3.6,40.0,29.0,0.936,0.896,1,1
School,23K446,RIVERDALE AVENUE COMMUNITY SCHOOL,All Grades,2018,All Students,103,590.0,42.0,40.8,32.0,31.1,24.0,23.3,5.0,4.9,29.0,28.2,0.936,0.896,1,1
School,23K518,KAPPA V (KNOWLEDGE AND POWER PREPARATORY ACADEMY),All Grades,2022,All Students,77,600.0,12.0,15.6,29.0,37.7,26.0,33.8,10.0,13.0,36.0,46.8,0.903,0.861,1,1
School,23K518,KAPPA V (KNOWLEDGE AND POWER PREPARATORY ACADEMY),All Grades,2019,All Students,158,594.0,50.0,31.6,68.0,43.0,26.0,16.5,14.0,8.9,40.0,25.3,0.903,0.861,1,1
School,23K518,KAPPA V (KNOWLEDGE AND POWER PREPARATORY ACADEMY),All Grades,2018,All Students,187,595.0,48.0,25.7,89.0,47.6,34.0,18.2,16.0,8.6,50.0,26.7,0.903,0.861,1,1
School,23K522,MOTT HALL IV,All Grades,2022,All Students,72,602.0,16.0,22.2,19.0,26.4,24.0,33.3,13.0,18.1,37.0,51.4,0.832,0.876,1,1
School,23K522,MOTT HALL IV,All Grades,2019,All Students,125,590.0,47.0,37.6,58.0,46.4,14.0,11.2,6.0,4.8,20.0,16.0,0.832,0.876,1,1
School,23K522,MOTT HALL IV,All Grades,2018,All Students,118,596.0,30.0,25.4,57.0,48.3,21.0,17.8,10.0,8.5,31.0,26.3,0.832,0.876,1,1
School,23K599,BROOKLYN LANDMARK ELEMENTARY SCHOOL,All Grades,2022,All Students,91,606.0,9.0,9.9,31.0,34.1,33.0,36.3,18.0,19.8,51.0,56.0,0.769,0.809,1,1
School,23K599,BROOKLYN LANDMARK ELEMENTARY SCHOOL,All Grades,2019,All Students,146,614.0,3.0,2.1,31.0,21.2,64.0,43.8,48.0,32.9,112.0,76.7,0.769,0.809,1,1
School,23K599,BROOKLYN LANDMARK ELEMENTARY SCHOOL,All Grades,2018,All Students,137,611.0,7.0,5.1,38.0,27.7,55.0,40.1,37.0,27.0,92.0,67.2,0.769,0.809,1,1
School,23K644,EAGLE ACADEMY FOR YOUNG MEN II,All Grades,2022,All Students,110,601.0,20.0,18.2,44.0,40.0,27.0,24.5,19.0,17.3,46.0,41.8,0.803,0.738,1,1
School,23K644,EAGLE ACADEMY FOR YOUNG MEN II,All Grades,2019,All Students,200,593.0,65.0,32.5,80.0,40.0,35.0,17.5,20.0,10.0,55.0,27.5,0.803,0.738,1,1
School,23K644,EAGLE ACADEMY FOR YOUNG MEN II,All Grades,2018,All Students,211,593.0,74.0,35.1,90.0,42.7,40.0,19.0,7.0,3.3,47.0,22.3,0.803,0.738,1,1
School,23K664,BROOKLYN ENVIRONMENTAL EXPLORATION SCHOOL (BEES),All Grades,2022,All Students,104,596.0,29.0,27.9,36.0,34.6,25.0,24.0,14.0,13.5,39.0,37.5,0.922,0.922,1,1
School,23K664,BROOKLYN ENVIRONMENTAL EXPLORATION SCHOOL (BEES),All Grades,2019,All Students,86,590.0,34.0,39.5,26.0,30.2,24.0,27.9,2.0,2.3,26.0,30.2,0.922,0.922,1,1
School,23K664,BROOKLYN ENVIRONMENTAL EXPLORATION SCHOOL (BEES),All Grades,2018,All Students,72,594.0,28.0,38.9,23.0,31.9,15.0,20.8,6.0,8.3,21.0,29.2,0.922,0.922,1,1
School,23K668,RIVERDALE AVENUE MIDDLE SCHOOL,All Grades,2022,All Students,112,593.0,36.0,32.1,45.0,40.2,20.0,17.9,11.0,9.8,31.0,27.7,0.95,0.927,1,1
School,23K668,RIVERDALE AVENUE MIDDLE SCHOOL,All Grades,2019,All Students,113,593.0,46.0,40.7,36.0,31.9,18.0,15.9,13.0,11.5,31.0,27.4,0.95,0.927,1,1
School,23K668,RIVERDALE AVENUE MIDDLE SCHOOL,All Grades,2018,All Students,112,590.0,43.0,38.4,45.0,40.2,16.0,14.3,8.0,7.1,24.0,21.4,0.95,0.927,1,1
School,23K671,MOTT HALL BRIDGES ACADEMY,All Grades,2022,All Students,164,594.0,56.0,34.1,55.0,33.5,34.0,20.7,19.0,11.6,53.0,32.3,0.925,0.922,1,1
School,23K671,MOTT HALL BRIDGES ACADEMY,All Grades,2019,All Students,182,593.0,63.0,34.6,65.0,35.7,35.0,19.2,19.0,10.4,54.0,29.7,0.925,0.922,1,1
School,23K671,MOTT HALL BRIDGES ACADEMY,All Grades,2018,All Students,186,595.0,57.0,30.6,69.0,37.1,46.0,24.7,14.0,7.5,60.0,32.3,0.925,0.922,1,1
School,24Q005,I.S. 5 - THE WALTER CROWLEY INTERMEDIATE SCHOOL,All Grades,2022,All Students,1438,607.0,217.0,15.1,338.0,23.5,417.0,29.0,466.0,32.4,883.0,61.4,0.773,0.781,1,1
School,24Q005,I.S. 5 - THE WALTER CROWLEY INTERMEDIATE SCHOOL,All Grades,2019,All Students,1695,605.0,279.0,16.5,455.0,26.8,459.0,27.1,502.0,29.6,961.0,56.7,0.773,0.781,1,1
School,24Q005,I.S. 5 - THE WALTER CROWLEY INTERMEDIATE SCHOOL,All Grades,2018,All Students,1718,608.0,224.0,13.0,400.0,23.3,528.0,30.7,566.0,32.9,1094.0,63.7,0.773,0.781,1,1
School,24Q007,P.S. 007 LOUIS F. SIMEONE,All Grades,2022,All Students,513,603.0,89.0,17.3,146.0,28.5,177.0,34.5,101.0,19.7,278.0,54.2,0.837,0.783,1,1
School,24Q007,P.S. 007 LOUIS F. SIMEONE,All Grades,2019,All Students,632,603.0,100.0,15.8,181.0,28.6,244.0,38.6,107.0,16.9,351.0,55.5,0.837,0.783,1,1
School,24Q007,P.S. 007 LOUIS F. SIMEONE,All Grades,2018,All Students,218,603.0,23.0,10.6,71.0,32.6,110.0,50.5,14.0,6.4,124.0,56.9,0.837,0.783,1,1
School,24Q012,P.S. 012 JAMES B. COLGATE,All Grades,2022,All Students,463,606.0,59.0,12.7,138.0,29.8,158.0,34.1,108.0,23.3,266.0,57.5,0.87,0.758,1,1
School,24Q012,P.S. 012 JAMES B. COLGATE,All Grades,2019,All Students,560,606.0,81.0,14.5,148.0,26.4,212.0,37.9,119.0,21.3,331.0,59.1,0.87,0.758,1,1
School,24Q012,P.S. 012 JAMES B. COLGATE,All Grades,2018,All Students,584,606.0,90.0,15.4,153.0,26.2,230.0,39.4,111.0,19.0,341.0,58.4,0.87,0.758,1,1
School,24Q013,P.S. 013 CLEMENT C. MOORE,All Grades,2022,All Students,499,598.0,118.0,23.6,175.0,35.1,142.0,28.5,64.0,12.8,206.0,41.3,0.749,0.784,1,1
School,24Q013,P.S. 013 CLEMENT C. MOORE,All Grades,2019,All Students,742,597.0,189.0,25.5,245.0,33.0,227.0,30.6,81.0,10.9,308.0,41.5,0.749,0.784,1,1
School,24Q013,P.S. 013 CLEMENT C. MOORE,All Grades,2018,All Students,789,600.0,180.0,22.8,287.0,36.4,226.0,28.6,96.0,12.2,322.0,40.8,0.749,0.784,1,1
School,24Q014,P.S. 014 FAIRVIEW,All Grades,2022,All Students,594,588.0,260.0,43.8,227.0,38.2,85.0,14.3,22.0,3.7,107.0,18.0,0.841,0.875,1,1
School,24Q014,P.S. 014 FAIRVIEW,All Grades,2019,All Students,878,589.0,367.0,41.8,280.0,31.9,175.0,19.9,56.0,6.4,231.0,26.3,0.841,0.875,1,1
School,24Q014,P.S. 014 FAIRVIEW,All Grades,2018,All Students,883,593.0,298.0,33.7,332.0,37.6,194.0,22.0,59.0,6.7,253.0,28.7,0.841,0.875,1,1
School,24Q016,P.S. Q016 THE NANCY DEBENEDITTIS SCHOOL,All Grades,2022,All Students,641,592.0,219.0,34.2,244.0,38.1,125.0,19.5,53.0,8.3,178.0,27.8,0.871,0.899,1,1
School,24Q016,P.S. Q016 THE NANCY DEBENEDITTIS SCHOOL,All Grades,2019,All Students,917,593.0,295.0,32.2,314.0,34.2,245.0,26.7,63.0,6.9,308.0,33.6,0.871,0.899,1,1
School,24Q016,P.S. Q016 THE NANCY DEBENEDITTIS SCHOOL,All Grades,2018,All Students,919,593.0,305.0,33.2,328.0,35.7,238.0,25.9,48.0,5.2,286.0,31.1,0.871,0.899,1,1
School,24Q019,P.S. 019 MARINO JEANTET,All Grades,2022,All Students,761,594.0,228.0,30.0,307.0,40.3,180.0,23.7,46.0,6.0,226.0,29.7,0.895,0.872,1,1
School,24Q019,P.S. 019 MARINO JEANTET,All Grades,2019,All Students,922,595.0,247.0,26.8,347.0,37.6,272.0,29.5,56.0,6.1,328.0,35.6,0.895,0.872,1,1
School,24Q019,P.S. 019 MARINO JEANTET,All Grades,2018,All Students,933,595.0,259.0,27.8,351.0,37.6,258.0,27.7,65.0,7.0,323.0,34.6,0.895,0.872,1,1
School,24Q049,P.S. 049 DOROTHY BONAWIT KOLE,All Grades,2022,All Students,682,609.0,76.0,11.1,157.0,23.0,218.0,32.0,231.0,33.9,449.0,65.8,0.516,0.363,0,0
School,24Q049,P.S. 049 DOROTHY BONAWIT KOLE,All Grades,2019,All Students,729,607.0,95.0,13.0,175.0,24.0,257.0,35.3,202.0,27.7,459.0,63.0,0.516,0.363,0,0
School,24Q049,P.S. 049 DOROTHY BONAWIT KOLE,All Grades,2018,All Students,717,609.0,77.0,10.7,182.0,25.4,243.0,33.9,215.0,30.0,458.0,63.9,0.516,0.363,0,0
School,24Q058,P.S. 58 - THE SCHOOL OF HEROES,All Grades,2022,All Students,409,605.0,60.0,14.7,115.0,28.1,128.0,31.3,106.0,25.9,234.0,57.2,0.738,0.592,0,0
School,24Q058,P.S. 58 - THE SCHOOL OF HEROES,All Grades,2019,All Students,518,604.0,94.0,18.1,137.0,26.4,175.0,33.8,112.0,21.6,287.0,55.4,0.738,0.592,0,0
School,24Q058,P.S. 58 - THE SCHOOL OF HEROES,All Grades,2018,All Students,527,607.0,78.0,14.8,140.0,26.6,171.0,32.4,138.0,26.2,309.0,58.6,0.738,0.592,0,0
School,24Q061,I.S. 061 LEONARDO DA VINCI,All Grades,2022,All Students,1882,595.0,614.0,32.6,568.0,30.2,424.0,22.5,276.0,14.7,700.0,37.2,0.935,0.863,1,1
School,24Q061,I.S. 061 LEONARDO DA VINCI,All Grades,2019,All Students,2128,593.0,814.0,38.3,669.0,31.4,432.0,20.3,213.0,10.0,645.0,30.3,0.935,0.863,1,1
School,24Q061,I.S. 061 LEONARDO DA VINCI,All Grades,2018,All Students,2124,596.0,644.0,30.3,746.0,35.1,513.0,24.2,221.0,10.4,734.0,34.6,0.935,0.863,1,1
School,24Q068,P.S. 068 CAMBRIDGE,All Grades,2022,All Students,188,597.0,49.0,26.1,69.0,36.7,48.0,25.5,22.0,11.7,70.0,37.2,0.693,0.736,0,1
School,24Q068,P.S. 068 CAMBRIDGE,All Grades,2019,All Students,280,597.0,84.0,30.0,89.0,31.8,77.0,27.5,30.0,10.7,107.0,38.2,0.693,0.736,0,1
School,24Q068,P.S. 068 CAMBRIDGE,All Grades,2018,All Students,299,601.0,70.0,23.4,95.0,31.8,90.0,30.1,44.0,14.7,134.0,44.8,0.693,0.736,0,1
School,24Q071,P.S. 071 FOREST,All Grades,2022,All Students,236,595.0,69.0,29.2,84.0,35.6,58.0,24.6,25.0,10.6,83.0,35.2,0.853,0.704,1,0
School,24Q071,P.S. 071 FOREST,All Grades,2019,All Students,289,598.0,66.0,22.8,104.0,36.0,97.0,33.6,22.0,7.6,119.0,41.2,0.853,0.704,1,0
School,24Q071,P.S. 071 FOREST,All Grades,2018,All Students,339,598.0,84.0,24.8,117.0,34.5,103.0,30.4,35.0,10.3,138.0,40.7,0.853,0.704,1,0
School,24Q073,I.S. 73 - THE FRANK SANSIVIERI INTERMEDIATE SCHOOL,All Grades,2022,All Students,1810,606.0,289.0,16.0,476.0,26.3,495.0,27.3,550.0,30.4,1045.0,57.7,0.676,0.69,0,0
School,24Q073,I.S. 73 - THE FRANK SANSIVIERI INTERMEDIATE SCHOOL,All Grades,2019,All Students,1911,605.0,350.0,18.3,504.0,26.4,499.0,26.1,558.0,29.2,1057.0,55.3,0.676,0.69,0,0
School,24Q073,I.S. 73 - THE FRANK SANSIVIERI INTERMEDIATE SCHOOL,All Grades,2018,All Students,1911,606.0,337.0,17.6,513.0,26.8,508.0,26.6,553.0,28.9,1061.0,55.5,0.676,0.69,0,0
School,24Q077,JOSEPH F. QUINN INTERMEDIATE SCHOOL 77,All Grades,2022,All Students,583,593.0,195.0,33.4,200.0,34.3,131.0,22.5,57.0,9.8,188.0,32.2,0.908,0.817,1,1
School,24Q077,JOSEPH F. QUINN INTERMEDIATE SCHOOL 77,All Grades,2019,All Students,828,595.0,265.0,32.0,286.0,34.5,170.0,20.5,107.0,12.9,277.0,33.5,0.908,0.817,1,1
School,24Q077,JOSEPH F. QUINN INTERMEDIATE SCHOOL 77,All Grades,2018,All Students,924,596.0,264.0,28.6,345.0,37.3,204.0,22.1,111.0,12.0,315.0,34.1,0.908,0.817,1,1
School,24Q081,P.S. 81Q JEAN PAUL RICHTER,All Grades,2022,All Students,232,593.0,71.0,30.6,95.0,40.9,54.0,23.3,12.0,5.2,66.0,28.4,0.818,0.859,1,1
School,24Q081,P.S. 81Q JEAN PAUL RICHTER,All Grades,2019,All Students,267,600.0,49.0,18.4,106.0,39.7,87.0,32.6,25.0,9.4,112.0,41.9,0.818,0.859,1,1
School,24Q081,P.S. 81Q JEAN PAUL RICHTER,All Grades,2018,All Students,312,599.0,66.0,21.2,127.0,40.7,99.0,31.7,20.0,6.4,119.0,38.1,0.818,0.859,1,1
School,24Q087,P.S./I.S. 087 MIDDLE VILLAGE,All Grades,2022,All Students,233,607.0,23.0,9.9,72.0,30.9,83.0,35.6,55.0,23.6,138.0,59.2,0.567,0.518,0,0
School,24Q087,P.S./I.S. 087 MIDDLE VILLAGE,All Grades,2019,All Students,309,604.0,51.0,16.5,82.0,26.5,117.0,37.9,59.0,19.1,176.0,57.0,0.567,0.518,0,0
School,24Q087,P.S./I.S. 087 MIDDLE VILLAGE,All Grades,2018,All Students,313,603.0,48.0,15.3,104.0,33.2,112.0,35.8,49.0,15.7,161.0,51.4,0.567,0.518,0,0
School,24Q088,P.S. 088 SENECA,All Grades,2022,All Students,271,595.0,73.0,26.9,102.0,37.6,75.0,27.7,21.0,7.7,96.0,35.4,0.752,0.657,1,0
School,24Q088,P.S. 088 SENECA,All Grades,2019,All Students,419,594.0,123.0,29.4,148.0,35.3,122.0,29.1,26.0,6.2,148.0,35.3,0.752,0.657,1,0
School,24Q088,P.S. 088 SENECA,All Grades,2018,All Students,450,596.0,122.0,27.1,172.0,38.2,120.0,26.7,36.0,8.0,156.0,34.7,0.752,0.657,1,0
School,24Q089,P.S. 89Q: THE JOSE PERALTA SCHOOL OF DREAMERS,All Grades,2022,All Students,613,599.0,142.0,23.2,210.0,34.3,188.0,30.7,73.0,11.9,261.0,42.6,0.786,0.814,1,1
School,24Q089,P.S. 89Q: THE JOSE PERALTA SCHOOL OF DREAMERS,All Grades,2019,All Students,916,601.0,168.0,18.3,289.0,31.6,354.0,38.6,105.0,11.5,459.0,50.1,0.786,0.814,1,1
School,24Q089,P.S. 89Q: THE JOSE PERALTA SCHOOL OF DREAMERS,All Grades,2018,All Students,989,601.0,209.0,21.1,342.0,34.6,306.0,30.9,132.0,13.3,438.0,44.3,0.786,0.814,1,1
School,24Q091,P.S. 091 RICHARD ARKWRIGHT,All Grades,2022,All Students,321,599.0,75.0,23.4,107.0,33.3,92.0,28.7,47.0,14.6,139.0,43.3,0.658,0.547,0,0
School,24Q091,P.S. 091 RICHARD ARKWRIGHT,All Grades,2019,All Students,303,600.0,65.0,21.5,88.0,29.0,110.0,36.3,40.0,13.2,150.0,49.5,0.658,0.547,0,0
School,24Q091,P.S. 091 RICHARD ARKWRIGHT,All Grades,2018,All Students,308,599.0,75.0,24.4,102.0,33.1,102.0,33.1,29.0,9.4,131.0,42.5,0.658,0.547,0,0
School,24Q093,I.S. 093 RIDGEWOOD,All Grades,2022,All Students,885,602.0,177.0,20.0,250.0,28.2,253.0,28.6,205.0,23.2,458.0,51.8,0.902,0.753,1,1
School,24Q093,I.S. 093 RIDGEWOOD,All Grades,2019,All Students,1042,599.0,246.0,23.6,319.0,30.6,290.0,27.8,187.0,17.9,477.0,45.8,0.902,0.753,1,1
School,24Q093,I.S. 093 RIDGEWOOD,All Grades,2018,All Students,1005,599.0,233.0,23.2,326.0,32.4,290.0,28.9,156.0,15.5,446.0,44.4,0.902,0.753,1,1
School,24Q102,P.S. 102 BAYVIEW,All Grades,2022,All Students,742,607.0,100.0,13.5,201.0,27.1,227.0,30.6,214.0,28.8,441.0,59.4,0.843,0.693,1,0
School,24Q102,P.S. 102 BAYVIEW,All Grades,2019,All Students,858,607.0,122.0,14.2,223.0,26.0,271.0,31.6,242.0,28.2,513.0,59.8,0.843,0.693,1,0
School,24Q102,P.S. 102 BAYVIEW,All Grades,2018,All Students,869,608.0,98.0,11.3,255.0,29.3,265.0,30.5,251.0,28.9,516.0,59.4,0.843,0.693,1,0
School,24Q110,P.S. 110,All Grades,2022,All Students,379,594.0,112.0,29.6,147.0,38.8,107.0,28.2,13.0,3.4,120.0,31.7,0.927,0.893,1,1
School,24Q110,P.S. 110,All Grades,2019,All Students,352,595.0,81.0,23.0,136.0,38.6,118.0,33.5,17.0,4.8,135.0,38.4,0.927,0.893,1,1
School,24Q110,P.S. 110,All Grades,2018,All Students,225,596.0,60.0,26.7,85.0,37.8,74.0,32.9,6.0,2.7,80.0,35.6,0.927,0.893,1,1
School,24Q113,P.S./I.S. 113 ANTHONY J. PRANZO,All Grades,2022,All Students,501,608.0,59.0,11.8,127.0,25.3,167.0,33.3,148.0,29.5,315.0,62.9,0.469,0.338,0,0
School,24Q113,P.S./I.S. 113 ANTHONY J. PRANZO,All Grades,2019,All Students,560,607.0,66.0,11.8,137.0,24.5,223.0,39.8,134.0,23.9,357.0,63.8,0.469,0.338,0,0
School,24Q113,P.S./I.S. 113 ANTHONY J. PRANZO,All Grades,2018,All Students,606,608.0,48.0,7.9,167.0,27.6,245.0,40.4,146.0,24.1,391.0,64.5,0.469,0.338,0,0
School,24Q119,P.S./I.S. 119 THE GLENDALE,All Grades,2022,All Students,859,614.0,78.0,9.1,168.0,19.6,244.0,28.4,369.0,43.0,613.0,71.4,0.738,0.48,0,0
School,24Q119,P.S./I.S. 119 THE GLENDALE,All Grades,2019,All Students,927,612.0,115.0,12.4,179.0,19.3,262.0,28.3,371.0,40.0,633.0,68.3,0.738,0.48,0,0
School,24Q119,P.S./I.S. 119 THE GLENDALE,All Grades,2018,All Students,909,615.0,69.0,7.6,201.0,22.1,243.0,26.7,396.0,43.6,639.0,70.3,0.738,0.48,0,0
School,24Q125,I.S. 125 THOM J. MCCANN WOODSIDE,All Grades,2022,All Students,1282,606.0,197.0,15.4,332.0,25.9,364.0,28.4,389.0,30.3,753.0,58.7,0.757,0.788,1,1
School,24Q125,I.S. 125 THOM J. MCCANN WOODSIDE,All Grades,2019,All Students,1359,604.0,225.0,16.6,389.0,28.6,418.0,30.8,327.0,24.1,745.0,54.8,0.757,0.788,1,1
School,24Q125,I.S. 125 THOM J. MCCANN WOODSIDE,All Grades,2018,All Students,1346,604.0,219.0,16.3,411.0,30.5,416.0,30.9,300.0,22.3,716.0,53.2,0.757,0.788,1,1
School,24Q128,"P.S. 128 THE LORRAINE TUZZO, JUNIPER VALLEY ELEMEN",All Grades,2022,All Students,418,615.0,29.0,6.9,66.0,15.8,135.0,32.3,188.0,45.0,323.0,77.3,0.277,0.243,0,0
School,24Q128,"P.S. 128 THE LORRAINE TUZZO, JUNIPER VALLEY ELEMEN",All Grades,2019,All Students,638,614.0,45.0,7.1,115.0,18.0,192.0,30.1,286.0,44.8,478.0,74.9,0.277,0.243,0,0
School,24Q128,"P.S. 128 THE LORRAINE TUZZO, JUNIPER VALLEY ELEMEN",All Grades,2018,All Students,642,615.0,45.0,7.0,103.0,16.0,228.0,35.5,266.0,41.4,494.0,76.9,0.277,0.243,0,0
School,24Q143,P.S. 143 LOUIS ARMSTRONG,All Grades,2022,All Students,598,585.0,283.0,47.3,229.0,38.3,69.0,11.5,17.0,2.8,86.0,14.4,0.949,0.898,1,1
School,24Q143,P.S. 143 LOUIS ARMSTRONG,All Grades,2019,All Students,709,588.0,286.0,40.3,240.0,33.9,154.0,21.7,29.0,4.1,183.0,25.8,0.949,0.898,1,1
School,24Q143,P.S. 143 LOUIS ARMSTRONG,All Grades,2018,All Students,787,589.0,340.0,43.2,273.0,34.7,134.0,17.0,40.0,5.1,174.0,22.1,0.949,0.898,1,1
School,24Q153,P.S. 153 MASPETH ELEM,All Grades,2022,All Students,397,605.0,68.0,17.1,122.0,30.7,103.0,25.9,104.0,26.2,207.0,52.1,0.651,0.554,0,0
School,24Q153,P.S. 153 MASPETH ELEM,All Grades,2019,All Students,591,604.0,109.0,18.4,160.0,27.1,196.0,33.2,126.0,21.3,322.0,54.5,0.651,0.554,0,0
School,24Q153,P.S. 153 MASPETH ELEM,All Grades,2018,All Students,626,607.0,89.0,14.2,170.0,27.2,220.0,35.1,147.0,23.5,367.0,58.6,0.651,0.554,0,0
School,24Q199,P.S. 199 MAURICE A. FITZGERALD,All Grades,2022,All Students,239,598.0,57.0,23.8,86.0,36.0,70.0,29.3,26.0,10.9,96.0,40.2,0.693,0.744,0,1
School,24Q199,P.S. 199 MAURICE A. FITZGERALD,All Grades,2019,All Students,396,601.0,100.0,25.3,94.0,23.7,138.0,34.8,64.0,16.2,202.0,51.0,0.693,0.744,0,1
School,24Q199,P.S. 199 MAURICE A. FITZGERALD,All Grades,2018,All Students,461,602.0,100.0,21.7,145.0,31.5,140.0,30.4,76.0,16.5,216.0,46.9,0.693,0.744,0,1
School,24Q211,ELM TREE ELEMENTARY SCHOOL,All Grades,2022,All Students,257,593.0,75.0,29.2,106.0,41.2,60.0,23.3,16.0,6.2,76.0,29.6,0.934,0.855,1,1
School,24Q211,ELM TREE ELEMENTARY SCHOOL,All Grades,2019,All Students,149,598.0,33.0,22.1,52.0,34.9,55.0,36.9,9.0,6.0,64.0,43.0,0.934,0.855,1,1
School,24Q211,ELM TREE ELEMENTARY SCHOOL,All Grades,2018,All Students,91,594.0,19.0,20.9,43.0,47.3,24.0,26.4,5.0,5.5,29.0,31.9,0.934,0.855,1,1
School,24Q229,P.S. 229 EMANUEL KAPLAN,All Grades,2022,All Students,548,604.0,95.0,17.3,154.0,28.1,168.0,30.7,131.0,23.9,299.0,54.6,0.708,0.566,0,0
School,24Q229,P.S. 229 EMANUEL KAPLAN,All Grades,2019,All Students,675,606.0,101.0,15.0,178.0,26.4,235.0,34.8,161.0,23.9,396.0,58.7,0.708,0.566,0,0
School,24Q229,P.S. 229 EMANUEL KAPLAN,All Grades,2018,All Students,642,606.0,94.0,14.6,181.0,28.2,216.0,33.6,151.0,23.5,367.0,57.2,0.708,0.566,0,0
School,24Q239,P.S. 239,All Grades,2022,All Students,157,594.0,50.0,31.8,58.0,36.9,35.0,22.3,14.0,8.9,49.0,31.2,0.878,0.851,1,1
School,24Q239,P.S. 239,All Grades,2019,All Students,233,596.0,61.0,26.2,69.0,29.6,75.0,32.2,28.0,12.0,103.0,44.2,0.878,0.851,1,1
School,24Q239,P.S. 239,All Grades,2018,All Students,250,598.0,59.0,23.6,97.0,38.8,69.0,27.6,25.0,10.0,94.0,37.6,0.878,0.851,1,1
School,24Q290,A.C.E. ACADEMY FOR SCHOLARS AT THE GERALDINE FERRA,All Grades,2022,All Students,232,608.0,34.0,14.7,64.0,27.6,70.0,30.2,64.0,27.6,134.0,57.8,0.65,0.537,0,0
School,24Q290,A.C.E. ACADEMY FOR SCHOLARS AT THE GERALDINE FERRA,All Grades,2019,All Students,250,608.0,34.0,13.6,57.0,22.8,89.0,35.6,70.0,28.0,159.0,63.6,0.65,0.537,0,0
School,24Q290,A.C.E. ACADEMY FOR SCHOLARS AT THE GERALDINE FERRA,All Grades,2018,All Students,220,611.0,21.0,9.5,43.0,19.5,99.0,45.0,57.0,25.9,156.0,70.9,0.65,0.537,0,0
School,24Q305,LEARNERS AND LEADERS,All Grades,2022,All Students,187,601.0,35.0,18.7,66.0,35.3,62.0,33.2,24.0,12.8,86.0,46.0,0.846,0.786,1,1
School,24Q305,LEARNERS AND LEADERS,All Grades,2019,All Students,206,598.0,49.0,23.8,65.0,31.6,76.0,36.9,16.0,7.8,92.0,44.7,0.846,0.786,1,1
School,24Q305,LEARNERS AND LEADERS,All Grades,2018,All Students,209,604.0,24.0,11.5,77.0,36.8,84.0,40.2,24.0,11.5,108.0,51.7,0.846,0.786,1,1
School,24Q307,PIONEER ACADEMY,All Grades,2022,All Students,360,593.0,101.0,28.1,170.0,47.2,73.0,20.3,16.0,4.4,89.0,24.7,0.95,0.877,1,1
School,24Q307,PIONEER ACADEMY,All Grades,2019,All Students,425,594.0,126.0,29.6,155.0,36.5,127.0,29.9,17.0,4.0,144.0,33.9,0.95,0.877,1,1
School,24Q307,PIONEER ACADEMY,All Grades,2018,All Students,444,597.0,105.0,23.6,196.0,44.1,108.0,24.3,35.0,7.9,143.0,32.2,0.95,0.877,1,1
School,24Q311,CORONA ARTS & SCIENCES ACADEMY,All Grades,2022,All Students,704,595.0,219.0,31.1,246.0,34.9,162.0,23.0,77.0,10.9,239.0,33.9,0.95,0.891,1,1
School,24Q311,CORONA ARTS & SCIENCES ACADEMY,All Grades,2019,All Students,745,593.0,285.0,38.3,256.0,34.4,145.0,19.5,59.0,7.9,204.0,27.4,0.95,0.891,1,1
School,24Q311,CORONA ARTS & SCIENCES ACADEMY,All Grades,2018,All Students,720,594.0,261.0,36.3,233.0,32.4,156.0,21.7,70.0,9.7,226.0,31.4,0.95,0.891,1,1
School,24Q330,HELEN M. MARSHALL SCHOOL,All Grades,2022,All Students,193,594.0,52.0,26.9,78.0,40.4,54.0,28.0,9.0,4.7,63.0,32.6,0.938,0.871,1,1
School,24Q330,HELEN M. MARSHALL SCHOOL,All Grades,2019,All Students,322,593.0,123.0,38.2,79.0,24.5,80.0,24.8,40.0,12.4,120.0,37.3,0.938,0.871,1,1
School,24Q330,HELEN M. MARSHALL SCHOOL,All Grades,2018,All Students,358,596.0,106.0,29.6,111.0,31.0,95.0,26.5,46.0,12.8,141.0,39.4,0.938,0.871,1,1
School,24Q343,THE CHILDREN'S LAB SCHOOL,All Grades,2022,All Students,205,604.0,22.0,10.7,80.0,39.0,59.0,28.8,44.0,21.5,103.0,50.2,0.83,0.758,1,1
School,24Q343,THE CHILDREN'S LAB SCHOOL,All Grades,2019,All Students,156,600.0,27.0,17.3,43.0,27.6,68.0,43.6,18.0,11.5,86.0,55.1,0.83,0.758,1,1
School,24Q343,THE CHILDREN'S LAB SCHOOL,All Grades,2018,All Students,78,597.0,17.0,21.8,24.0,30.8,32.0,41.0,5.0,6.4,37.0,47.4,0.83,0.758,1,1
School,24Q560,"ROBERT F. WAGNER, JR. SECONDARY SCHOOL FOR ARTS AN",All Grades,2022,All Students,137,616.0,6.0,4.4,14.0,10.2,46.0,33.6,71.0,51.8,117.0,85.4,0.738,0.606,0,0
School,24Q560,"ROBERT F. WAGNER, JR. SECONDARY SCHOOL FOR ARTS AN",All Grades,2019,All Students,148,619.0,5.0,3.4,20.0,13.5,29.0,19.6,94.0,63.5,123.0,83.1,0.738,0.606,0,0
School,24Q560,"ROBERT F. WAGNER, JR. SECONDARY SCHOOL FOR ARTS AN",All Grades,2018,All Students,159,617.0,5.0,3.1,19.0,11.9,49.0,30.8,86.0,54.1,135.0,84.9,0.738,0.606,0,0
School,25Q020,P.S. 020 JOHN BOWNE,All Grades,2022,All Students,507,601.0,114.0,22.5,168.0,33.1,136.0,26.8,89.0,17.6,225.0,44.4,0.896,0.822,1,1
School,25Q020,P.S. 020 JOHN BOWNE,All Grades,2019,All Students,497,603.0,93.0,18.7,144.0,29.0,173.0,34.8,87.0,17.5,260.0,52.3,0.896,0.822,1,1
School,25Q020,P.S. 020 JOHN BOWNE,All Grades,2018,All Students,544,604.0,87.0,16.0,161.0,29.6,189.0,34.7,107.0,19.7,296.0,54.4,0.896,0.822,1,1
School,25Q021,P.S. 021 EDWARD HART,All Grades,2022,All Students,546,606.0,89.0,16.3,128.0,23.4,186.0,34.1,143.0,26.2,329.0,60.3,0.767,0.674,1,0
School,25Q021,P.S. 021 EDWARD HART,All Grades,2019,All Students,605,607.0,99.0,16.4,129.0,21.3,229.0,37.9,148.0,24.5,377.0,62.3,0.767,0.674,1,0
School,25Q021,P.S. 021 EDWARD HART,All Grades,2018,All Students,668,608.0,83.0,12.4,191.0,28.6,231.0,34.6,163.0,24.4,394.0,59.0,0.767,0.674,1,0
School,25Q022,P.S. 022 THOMAS JEFFERSON,All Grades,2022,All Students,360,606.0,31.0,8.6,118.0,32.8,136.0,37.8,75.0,20.8,211.0,58.6,0.896,0.789,1,1
School,25Q022,P.S. 022 THOMAS JEFFERSON,All Grades,2019,All Students,397,608.0,37.0,9.3,99.0,24.9,173.0,43.6,88.0,22.2,261.0,65.7,0.896,0.789,1,1
School,25Q022,P.S. 022 THOMAS JEFFERSON,All Grades,2018,All Students,403,608.0,50.0,12.4,98.0,24.3,151.0,37.5,104.0,25.8,255.0,63.3,0.896,0.789,1,1
School,25Q024,P.S. 024 ANDREW JACKSON,All Grades,2022,All Students,508,608.0,57.0,11.2,133.0,26.2,187.0,36.8,131.0,25.8,318.0,62.6,0.699,0.722,0,1
School,25Q024,P.S. 024 ANDREW JACKSON,All Grades,2019,All Students,536,607.0,75.0,14.0,126.0,23.5,205.0,38.2,130.0,24.3,335.0,62.5,0.699,0.722,0,1
School,25Q024,P.S. 024 ANDREW JACKSON,All Grades,2018,All Students,540,610.0,68.0,12.6,113.0,20.9,196.0,36.3,163.0,30.2,359.0,66.5,0.699,0.722,0,1
School,25Q025,I.S. 025 ADRIEN BLOCK,All Grades,2022,All Students,933,613.0,100.0,10.7,166.0,17.8,243.0,26.0,424.0,45.4,667.0,71.5,0.563,0.499,0,0
School,25Q025,I.S. 025 ADRIEN BLOCK,All Grades,2019,All Students,967,609.0,117.0,12.1,196.0,20.3,277.0,28.6,377.0,39.0,654.0,67.6,0.563,0.499,0,0
School,25Q025,I.S. 025 ADRIEN BLOCK,All Grades,2018,All Students,949,610.0,122.0,12.9,192.0,20.2,287.0,30.2,348.0,36.7,635.0,66.9,0.563,0.499,0,0
School,25Q029,P.S. 029 QUEENS,All Grades,2022,All Students,305,595.0,84.0,27.5,120.0,39.3,79.0,25.9,22.0,7.2,101.0,33.1,0.829,0.719,1,1
School,25Q029,P.S. 029 QUEENS,All Grades,2019,All Students,328,603.0,57.0,17.4,94.0,28.7,114.0,34.8,63.0,19.2,177.0,54.0,0.829,0.719,1,1
School,25Q029,P.S. 029 QUEENS,All Grades,2018,All Students,337,604.0,71.0,21.1,84.0,24.9,114.0,33.8,68.0,20.2,182.0,54.0,0.829,0.719,1,1
School,25Q032,P.S. 032 STATE STREET,All Grades,2022,All Students,426,611.0,47.0,11.0,101.0,23.7,152.0,35.7,126.0,29.6,278.0,65.3,0.653,0.567,0,0
School,25Q032,P.S. 032 STATE STREET,All Grades,2019,All Students,429,611.0,44.0,10.3,91.0,21.2,163.0,38.0,131.0,30.5,294.0,68.5,0.653,0.567,0,0
School,25Q032,P.S. 032 STATE STREET,All Grades,2018,All Students,430,613.0,34.0,7.9,82.0,19.1,173.0,40.2,141.0,32.8,314.0,73.0,0.653,0.567,0,0
School,25Q079,P.S. 079 FRANCIS LEWIS,All Grades,2022,All Students,479,611.0,32.0,6.7,111.0,23.2,191.0,39.9,145.0,30.3,336.0,70.1,0.512,0.405,0,0
School,25Q079,P.S. 079 FRANCIS LEWIS,All Grades,2019,All Students,525,613.0,37.0,7.0,100.0,19.0,217.0,41.3,171.0,32.6,388.0,73.9,0.512,0.405,0,0
School,25Q079,P.S. 079 FRANCIS LEWIS,All Grades,2018,All Students,526,615.0,34.0,6.5,109.0,20.7,188.0,35.7,195.0,37.1,383.0,72.8,0.512,0.405,0,0
School,25Q107,P.S. 107 THOMAS A DOOLEY,All Grades,2022,All Students,361,603.0,55.0,15.2,118.0,32.7,121.0,33.5,67.0,18.6,188.0,52.1,0.748,0.602,1,0
School,25Q107,P.S. 107 THOMAS A DOOLEY,All Grades,2019,All Students,385,603.0,65.0,16.9,100.0,26.0,155.0,40.3,65.0,16.9,220.0,57.1,0.748,0.602,1,0
School,25Q107,P.S. 107 THOMAS A DOOLEY,All Grades,2018,All Students,379,608.0,47.0,12.4,101.0,26.6,135.0,35.6,96.0,25.3,231.0,60.9,0.748,0.602,1,0
School,25Q120,P.S. 120 QUEENS,All Grades,2022,All Students,361,607.0,51.0,14.1,101.0,28.0,116.0,32.1,93.0,25.8,209.0,57.9,0.743,0.773,1,1
School,25Q120,P.S. 120 QUEENS,All Grades,2019,All Students,429,602.0,91.0,21.2,109.0,25.4,163.0,38.0,66.0,15.4,229.0,53.4,0.743,0.773,1,1
School,25Q120,P.S. 120 QUEENS,All Grades,2018,All Students,468,602.0,100.0,21.4,131.0,28.0,168.0,35.9,69.0,14.7,237.0,50.6,0.743,0.773,1,1
School,25Q129,P.S. 129 PATRICIA LARKIN,All Grades,2022,All Students,496,601.0,92.0,18.5,167.0,33.7,151.0,30.4,86.0,17.3,237.0,47.8,0.762,0.638,1,0
School,25Q129,P.S. 129 PATRICIA LARKIN,All Grades,2019,All Students,519,608.0,60.0,11.6,124.0,23.9,215.0,41.4,120.0,23.1,335.0,64.5,0.762,0.638,1,0
School,25Q129,P.S. 129 PATRICIA LARKIN,All Grades,2018,All Students,519,609.0,66.0,12.7,127.0,24.5,214.0,41.2,112.0,21.6,326.0,62.8,0.762,0.638,1,0
School,25Q130,P.S. 130,All Grades,2022,All Students,151,613.0,8.0,5.3,38.0,25.2,55.0,36.4,50.0,33.1,105.0,69.5,0.452,0.416,0,0
School,25Q130,P.S. 130,All Grades,2019,All Students,167,611.0,15.0,9.0,23.0,13.8,89.0,53.3,40.0,24.0,129.0,77.2,0.452,0.416,0,0
School,25Q130,P.S. 130,All Grades,2018,All Students,119,613.0,4.0,3.4,23.0,19.3,61.0,51.3,31.0,26.1,92.0,77.3,0.452,0.416,0,0
School,25Q154,P.S. 154 QUEENS,All Grades,2022,All Students,203,603.0,32.0,15.8,54.0,26.6,91.0,44.8,26.0,12.8,117.0,57.6,0.785,0.687,1,0
School,25Q154,P.S. 154 QUEENS,All Grades,2019,All Students,320,605.0,49.0,15.3,82.0,25.6,123.0,38.4,66.0,20.6,189.0,59.1,0.785,0.687,1,0
School,25Q154,P.S. 154 QUEENS,All Grades,2018,All Students,308,608.0,35.0,11.4,92.0,29.9,107.0,34.7,74.0,24.0,181.0,58.8,0.785,0.687,1,0
School,25Q163,P.S. 163 FLUSHING HEIGHTS,All Grades,2022,All Students,356,606.0,48.0,13.5,100.0,28.1,122.0,34.3,86.0,24.2,208.0,58.4,0.807,0.707,1,0
School,25Q163,P.S. 163 FLUSHING HEIGHTS,All Grades,2019,All Students,313,605.0,44.0,14.1,84.0,26.8,123.0,39.3,62.0,19.8,185.0,59.1,0.807,0.707,1,0
School,25Q163,P.S. 163 FLUSHING HEIGHTS,All Grades,2018,All Students,310,609.0,32.0,10.3,78.0,25.2,124.0,40.0,76.0,24.5,200.0,64.5,0.807,0.707,1,0
School,25Q164,P.S. 164 QUEENS VALLEY,All Grades,2022,All Students,347,608.0,42.0,12.1,84.0,24.2,116.0,33.4,105.0,30.3,221.0,63.7,0.742,0.565,1,0
School,25Q164,P.S. 164 QUEENS VALLEY,All Grades,2019,All Students,431,604.0,69.0,16.0,123.0,28.5,143.0,33.2,96.0,22.3,239.0,55.5,0.742,0.565,1,0
School,25Q164,P.S. 164 QUEENS VALLEY,All Grades,2018,All Students,443,606.0,57.0,12.9,140.0,31.6,132.0,29.8,114.0,25.7,246.0,55.5,0.742,0.565,1,0
School,25Q165,P.S. 165 EDITH K. BERGTRAUM,All Grades,2022,All Students,281,606.0,50.0,17.8,59.0,21.0,87.0,31.0,85.0,30.2,172.0,61.2,0.686,0.619,0,0
School,25Q165,P.S. 165 EDITH K. BERGTRAUM,All Grades,2019,All Students,295,607.0,52.0,17.6,56.0,19.0,104.0,35.3,83.0,28.1,187.0,63.4,0.686,0.619,0,0
School,25Q165,P.S. 165 EDITH K. BERGTRAUM,All Grades,2018,All Students,329,607.0,50.0,15.2,74.0,22.5,113.0,34.3,92.0,28.0,205.0,62.3,0.686,0.619,0,0
School,25Q169,P.S. 169 BAY TERRACE,All Grades,2022,All Students,135,608.0,6.0,4.4,44.0,32.6,57.0,42.2,28.0,20.7,85.0,63.0,0.355,0.311,0,0
School,25Q169,P.S. 169 BAY TERRACE,All Grades,2019,All Students,183,603.0,35.0,19.1,53.0,29.0,67.0,36.6,28.0,15.3,95.0,51.9,0.355,0.311,0,0
School,25Q169,P.S. 169 BAY TERRACE,All Grades,2018,All Students,188,608.0,21.0,11.2,53.0,28.2,70.0,37.2,44.0,23.4,114.0,60.6,0.355,0.311,0,0
School,25Q184,P.S. 184 FLUSHING MANOR,All Grades,2022,All Students,226,610.0,19.0,8.4,52.0,23.0,83.0,36.7,72.0,31.9,155.0,68.6,0.477,0.387,0,0
School,25Q184,P.S. 184 FLUSHING MANOR,All Grades,2019,All Students,229,611.0,18.0,7.9,47.0,20.5,94.0,41.0,70.0,30.6,164.0,71.6,0.477,0.387,0,0
School,25Q184,P.S. 184 FLUSHING MANOR,All Grades,2018,All Students,237,612.0,19.0,8.0,53.0,22.4,90.0,38.0,75.0,31.6,165.0,69.6,0.477,0.387,0,0
School,25Q185,J.H.S. 185 EDWARD BLEEKER,All Grades,2022,All Students,1235,612.0,130.0,10.5,236.0,19.1,320.0,25.9,549.0,44.5,869.0,70.4,0.744,0.637,1,0
School,25Q185,J.H.S. 185 EDWARD BLEEKER,All Grades,2019,All Students,1436,608.0,237.0,16.5,314.0,21.9,335.0,23.3,550.0,38.3,885.0,61.6,0.744,0.637,1,0
School,25Q185,J.H.S. 185 EDWARD BLEEKER,All Grades,2018,All Students,1431,609.0,212.0,14.8,300.0,21.0,388.0,27.1,531.0,37.1,919.0,64.2,0.744,0.637,1,0
School,25Q189,J.H.S. 189 DANIEL CARTER BEARD,All Grades,2022,All Students,593,603.0,143.0,24.1,140.0,23.6,144.0,24.3,166.0,28.0,310.0,52.3,0.787,0.808,1,1
School,25Q189,J.H.S. 189 DANIEL CARTER BEARD,All Grades,2019,All Students,727,598.0,226.0,31.1,169.0,23.2,167.0,23.0,165.0,22.7,332.0,45.7,0.787,0.808,1,1
School,25Q189,J.H.S. 189 DANIEL CARTER BEARD,All Grades,2018,All Students,704,600.0,174.0,24.7,190.0,27.0,180.0,25.6,160.0,22.7,340.0,48.3,0.787,0.808,1,1
School,25Q193,P.S. 193 ALFRED J. KENNEDY,All Grades,2022,All Students,245,610.0,22.0,9.0,55.0,22.4,99.0,40.4,69.0,28.2,168.0,68.6,0.335,0.265,0,0
School,25Q193,P.S. 193 ALFRED J. KENNEDY,All Grades,2019,All Students,216,608.0,21.0,9.7,54.0,25.0,97.0,44.9,44.0,20.4,141.0,65.3,0.335,0.265,0,0
School,25Q193,P.S. 193 ALFRED J. KENNEDY,All Grades,2018,All Students,254,609.0,23.0,9.1,63.0,24.8,102.0,40.2,66.0,26.0,168.0,66.1,0.335,0.265,0,0
School,25Q194,J.H.S. 194 WILLIAM CARR,All Grades,2022,All Students,905,612.0,85.0,9.4,163.0,18.0,271.0,29.9,386.0,42.7,657.0,72.6,0.553,0.473,0,0
School,25Q194,J.H.S. 194 WILLIAM CARR,All Grades,2019,All Students,1195,608.0,180.0,15.1,306.0,25.6,276.0,23.1,433.0,36.2,709.0,59.3,0.553,0.473,0,0
School,25Q194,J.H.S. 194 WILLIAM CARR,All Grades,2018,All Students,1178,608.0,174.0,14.8,286.0,24.3,318.0,27.0,400.0,34.0,718.0,61.0,0.553,0.473,0,0
School,25Q200,P.S./M.S. 200 - THE MAGNET SCHOOL OF GLOBAL STUDIE,All Grades,2022,All Students,287,608.0,37.0,12.9,76.0,26.5,81.0,28.2,93.0,32.4,174.0,60.6,0.719,0.516,0,0
School,25Q200,P.S./M.S. 200 - THE MAGNET SCHOOL OF GLOBAL STUDIE,All Grades,2019,All Students,312,604.0,52.0,16.7,79.0,25.3,116.0,37.2,65.0,20.8,181.0,58.0,0.719,0.516,0,0
School,25Q200,P.S./M.S. 200 - THE MAGNET SCHOOL OF GLOBAL STUDIE,All Grades,2018,All Students,314,605.0,44.0,14.0,99.0,31.5,107.0,34.1,64.0,20.4,171.0,54.5,0.719,0.516,0,0
School,25Q201,P.S. 201 THE DISCOVERY SCHOOL FOR INQUIRY AND RESE,All Grades,2022,All Students,152,595.0,45.0,29.6,57.0,37.5,32.0,21.1,18.0,11.8,50.0,32.9,0.732,0.763,0,1
School,25Q201,P.S. 201 THE DISCOVERY SCHOOL FOR INQUIRY AND RESE,All Grades,2019,All Students,189,600.0,48.0,25.4,44.0,23.3,70.0,37.0,27.0,14.3,97.0,51.3,0.732,0.763,0,1
School,25Q201,P.S. 201 THE DISCOVERY SCHOOL FOR INQUIRY AND RESE,All Grades,2018,All Students,180,597.0,48.0,26.7,72.0,40.0,46.0,25.6,14.0,7.8,60.0,33.3,0.732,0.763,0,1
School,25Q209,P.S. 209 CLEARVIEW GARDENS,All Grades,2022,All Students,252,614.0,12.0,4.8,54.0,21.4,102.0,40.5,84.0,33.3,186.0,73.8,0.39,0.3,0,0
School,25Q209,P.S. 209 CLEARVIEW GARDENS,All Grades,2019,All Students,228,612.0,14.0,6.1,52.0,22.8,93.0,40.8,69.0,30.3,162.0,71.1,0.39,0.3,0,0
School,25Q209,P.S. 209 CLEARVIEW GARDENS,All Grades,2018,All Students,242,611.0,15.0,6.2,65.0,26.9,106.0,43.8,56.0,23.1,162.0,66.9,0.39,0.3,0,0
School,25Q214,P.S. 214 CADWALLADER COLDEN,All Grades,2022,All Students,183,607.0,20.0,10.9,58.0,31.7,59.0,32.2,46.0,25.1,105.0,57.4,0.772,0.716,1,1
School,25Q214,P.S. 214 CADWALLADER COLDEN,All Grades,2019,All Students,248,607.0,36.0,14.5,56.0,22.6,96.0,38.7,60.0,24.2,156.0,62.9,0.772,0.716,1,1
School,25Q214,P.S. 214 CADWALLADER COLDEN,All Grades,2018,All Students,326,609.0,35.0,10.7,83.0,25.5,124.0,38.0,84.0,25.8,208.0,63.8,0.772,0.716,1,1
School,25Q219,P.S. 219 PAUL KLAPPER,All Grades,2022,All Students,303,608.0,47.0,15.5,63.0,20.8,90.0,29.7,103.0,34.0,193.0,63.7,0.722,0.594,0,0
School,25Q219,P.S. 219 PAUL KLAPPER,All Grades,2019,All Students,341,605.0,51.0,15.0,86.0,25.2,118.0,34.6,86.0,25.2,204.0,59.8,0.722,0.594,0,0
School,25Q219,P.S. 219 PAUL KLAPPER,All Grades,2018,All Students,371,604.0,63.0,17.0,104.0,28.0,127.0,34.2,77.0,20.8,204.0,55.0,0.722,0.594,0,0
School,25Q237,I.S. 237,All Grades,2022,All Students,1039,608.0,160.0,15.4,192.0,18.5,274.0,26.4,413.0,39.7,687.0,66.1,0.808,0.725,1,1
School,25Q237,I.S. 237,All Grades,2019,All Students,1268,603.0,297.0,23.4,276.0,21.8,291.0,22.9,404.0,31.9,695.0,54.8,0.808,0.725,1,1
School,25Q237,I.S. 237,All Grades,2018,All Students,1250,603.0,277.0,22.2,300.0,24.0,306.0,24.5,367.0,29.4,673.0,53.8,0.808,0.725,1,1
School,25Q242,P.S. 242 LEONARD P. STAVISKY EARLY CHILDHOOD SCHOO,All Grades,2022,All Students,68,608.0,6.0,8.8,11.0,16.2,44.0,64.7,7.0,10.3,51.0,75.0,0.673,0.619,0,0
School,25Q242,P.S. 242 LEONARD P. STAVISKY EARLY CHILDHOOD SCHOO,All Grades,2019,All Students,57,610.0,3.0,5.3,14.0,24.6,30.0,52.6,10.0,17.5,40.0,70.2,0.673,0.619,0,0
School,25Q242,P.S. 242 LEONARD P. STAVISKY EARLY CHILDHOOD SCHOO,All Grades,2018,All Students,60,611.0,1.0,1.7,10.0,16.7,41.0,68.3,8.0,13.3,49.0,81.7,0.673,0.619,0,0
School,25Q244,THE ACTIVE LEARNING ELEMENTARY SCHOOL,All Grades,2022,All Students,77,613.0,1.0,1.3,16.0,20.8,45.0,58.4,15.0,19.5,60.0,77.9,0.8,0.698,1,0
School,25Q244,THE ACTIVE LEARNING ELEMENTARY SCHOOL,All Grades,2019,All Students,75,615.0,2.0,2.7,6.0,8.0,54.0,72.0,13.0,17.3,67.0,89.3,0.8,0.698,1,0
School,25Q244,THE ACTIVE LEARNING ELEMENTARY SCHOOL,All Grades,2018,All Students,84,617.0,1.0,1.2,6.0,7.1,62.0,73.8,15.0,17.9,77.0,91.7,0.8,0.698,1,0
School,25Q250,I.S. 250 THE ROBERT F. KENNEDY COMMUNITY MIDDLE SC,All Grades,2022,All Students,264,597.0,80.0,30.3,73.0,27.7,64.0,24.2,47.0,17.8,111.0,42.0,0.866,0.753,1,1
School,25Q250,I.S. 250 THE ROBERT F. KENNEDY COMMUNITY MIDDLE SC,All Grades,2019,All Students,335,597.0,95.0,28.4,109.0,32.5,81.0,24.2,50.0,14.9,131.0,39.1,0.866,0.753,1,1
School,25Q250,I.S. 250 THE ROBERT F. KENNEDY COMMUNITY MIDDLE SC,All Grades,2018,All Students,371,599.0,87.0,23.5,118.0,31.8,91.0,24.5,75.0,20.2,166.0,44.7,0.866,0.753,1,1
School,25Q252,"QUEENS SCHOOL OF INQUIRY, THE",All Grades,2022,All Students,194,605.0,33.0,17.0,55.0,28.4,57.0,29.4,49.0,25.3,106.0,54.6,0.563,0.557,0,0
School,25Q252,"QUEENS SCHOOL OF INQUIRY, THE",All Grades,2019,All Students,242,605.0,36.0,14.9,72.0,29.8,65.0,26.9,69.0,28.5,134.0,55.4,0.563,0.557,0,0
School,25Q252,"QUEENS SCHOOL OF INQUIRY, THE",All Grades,2018,All Students,227,605.0,35.0,15.4,56.0,24.7,83.0,36.6,53.0,23.3,136.0,59.9,0.563,0.557,0,0
School,25Q281,EAST-WEST SCHOOL OF INTERNATIONAL STUDIES,All Grades,2022,All Students,256,616.0,12.0,4.7,41.0,16.0,69.0,27.0,134.0,52.3,203.0,79.3,0.831,0.673,1,0
School,25Q281,EAST-WEST SCHOOL OF INTERNATIONAL STUDIES,All Grades,2019,All Students,279,613.0,23.0,8.2,58.0,20.8,77.0,27.6,121.0,43.4,198.0,71.0,0.831,0.673,1,0
School,25Q281,EAST-WEST SCHOOL OF INTERNATIONAL STUDIES,All Grades,2018,All Students,284,613.0,13.0,4.6,51.0,18.0,104.0,36.6,116.0,40.8,220.0,77.5,0.831,0.673,1,0
School,25Q285,WORLD JOURNALISM PREPARATORY: A COLLEGE BOARD SCHO,All Grades,2022,All Students,254,614.0,20.0,7.9,34.0,13.4,76.0,29.9,124.0,48.8,200.0,78.7,0.61,0.463,0,0
School,25Q285,WORLD JOURNALISM PREPARATORY: A COLLEGE BOARD SCHO,All Grades,2019,All Students,230,609.0,26.0,11.3,55.0,23.9,70.0,30.4,79.0,34.3,149.0,64.8,0.61,0.463,0,0
School,25Q285,WORLD JOURNALISM PREPARATORY: A COLLEGE BOARD SCHO,All Grades,2018,All Students,229,611.0,18.0,7.9,46.0,20.1,83.0,36.2,82.0,35.8,165.0,72.1,0.61,0.463,0,0
School,25Q294,BELL ACADEMY,All Grades,2022,All Students,307,617.0,8.0,2.6,42.0,13.7,89.0,29.0,168.0,54.7,257.0,83.7,0.433,0.389,0,0
School,25Q294,BELL ACADEMY,All Grades,2019,All Students,321,614.0,24.0,7.5,58.0,18.1,80.0,24.9,159.0,49.5,239.0,74.5,0.433,0.389,0,0
School,25Q294,BELL ACADEMY,All Grades,2018,All Students,327,613.0,24.0,7.3,58.0,17.7,108.0,33.0,137.0,41.9,245.0,74.9,0.433,0.389,0,0
School,25Q379,COLLEGE POINT COLLABORATIVE,All Grades,2022,All Students,436,604.0,77.0,17.7,112.0,25.7,127.0,29.1,120.0,27.5,247.0,56.7,0.773,0.662,1,0
School,25Q379,COLLEGE POINT COLLABORATIVE,All Grades,2019,All Students,150,599.0,41.0,27.3,32.0,21.3,36.0,24.0,41.0,27.3,77.0,51.3,0.773,0.662,1,0
School,25Q499,"THE QUEENS COLLEGE SCHOOL FOR MATH, SCIENCE AND TE",All Grades,2022,All Students,297,617.0,11.0,3.7,39.0,13.1,96.0,32.3,151.0,50.8,247.0,83.2,0.462,0.417,0,0
School,25Q499,"THE QUEENS COLLEGE SCHOOL FOR MATH, SCIENCE AND TE",All Grades,2019,All Students,324,614.0,18.0,5.6,53.0,16.4,119.0,36.7,134.0,41.4,253.0,78.1,0.462,0.417,0,0
School,25Q499,"THE QUEENS COLLEGE SCHOOL FOR MATH, SCIENCE AND TE",All Grades,2018,All Students,313,617.0,11.0,3.5,53.0,16.9,112.0,35.8,137.0,43.8,249.0,79.6,0.462,0.417,0,0
School,26Q018,P.S. 018 WINCHESTER,All Grades,2022,All Students,147,610.0,10.0,6.8,41.0,27.9,53.0,36.1,43.0,29.3,96.0,65.3,0.6,0.475,0,0
School,26Q018,P.S. 018 WINCHESTER,All Grades,2019,All Students,314,611.0,31.0,9.9,61.0,19.4,131.0,41.7,91.0,29.0,222.0,70.7,0.6,0.475,0,0
School,26Q018,P.S. 018 WINCHESTER,All Grades,2018,All Students,340,613.0,28.0,8.2,72.0,21.2,128.0,37.6,112.0,32.9,240.0,70.6,0.6,0.475,0,0
School,26Q026,P.S. 026 RUFUS KING,All Grades,2022,All Students,281,606.0,34.0,12.1,84.0,29.9,109.0,38.8,54.0,19.2,163.0,58.0,0.671,0.566,0,0
School,26Q026,P.S. 026 RUFUS KING,All Grades,2019,All Students,318,611.0,36.0,11.3,62.0,19.5,126.0,39.6,94.0,29.6,220.0,69.2,0.671,0.566,0,0
School,26Q026,P.S. 026 RUFUS KING,All Grades,2018,All Students,337,611.0,33.0,9.8,73.0,21.7,138.0,40.9,93.0,27.6,231.0,68.5,0.671,0.566,0,0
School,26Q031,P.S. 031 BAYSIDE,All Grades,2022,All Students,204,609.0,16.0,7.8,64.0,31.4,65.0,31.9,59.0,28.9,124.0,60.8,0.586,0.448,0,0
School,26Q031,P.S. 031 BAYSIDE,All Grades,2019,All Students,230,608.0,25.0,10.9,52.0,22.6,92.0,40.0,61.0,26.5,153.0,66.5,0.586,0.448,0,0
School,26Q031,P.S. 031 BAYSIDE,All Grades,2018,All Students,244,608.0,34.0,13.9,67.0,27.5,82.0,33.6,61.0,25.0,143.0,58.6,0.586,0.448,0,0
School,26Q041,P.S. 041 CROCHERON,All Grades,2022,All Students,197,620.0,10.0,5.1,25.0,12.7,50.0,25.4,112.0,56.9,162.0,82.2,0.388,0.33,0,0
School,26Q041,P.S. 041 CROCHERON,All Grades,2019,All Students,215,619.0,12.0,5.6,24.0,11.2,78.0,36.3,101.0,47.0,179.0,83.3,0.388,0.33,0,0
School,26Q041,P.S. 041 CROCHERON,All Grades,2018,All Students,238,619.0,10.0,4.2,32.0,13.4,89.0,37.4,107.0,45.0,196.0,82.4,0.388,0.33,0,0
School,26Q046,P.S. 046 ALLEY POND,All Grades,2022,All Students,195,609.0,19.0,9.7,54.0,27.7,65.0,33.3,57.0,29.2,122.0,62.6,0.478,0.402,0,0
School,26Q046,P.S. 046 ALLEY POND,All Grades,2019,All Students,233,613.0,18.0,7.7,40.0,17.2,95.0,40.8,80.0,34.3,175.0,75.1,0.478,0.402,0,0
School,26Q046,P.S. 046 ALLEY POND,All Grades,2018,All Students,257,612.0,20.0,7.8,51.0,19.8,117.0,45.5,69.0,26.8,186.0,72.4,0.478,0.402,0,0
School,26Q067,J.H.S. 067 LOUIS PASTEUR,All Grades,2022,All Students,937,617.0,59.0,6.3,112.0,12.0,240.0,25.6,526.0,56.1,766.0,81.8,0.44,0.321,0,0
School,26Q067,J.H.S. 067 LOUIS PASTEUR,All Grades,2019,All Students,918,617.0,48.0,5.2,138.0,15.0,222.0,24.2,510.0,55.6,732.0,79.7,0.44,0.321,0,0
School,26Q067,J.H.S. 067 LOUIS PASTEUR,All Grades,2018,All Students,863,615.0,57.0,6.6,142.0,16.5,236.0,27.3,428.0,49.6,664.0,76.9,0.44,0.321,0,0
School,26Q074,J.H.S. 074 NATHANIEL HAWTHORNE,All Grades,2022,All Students,904,619.0,46.0,5.1,84.0,9.3,220.0,24.3,554.0,61.3,774.0,85.6,0.473,0.383,0,0
School,26Q074,J.H.S. 074 NATHANIEL HAWTHORNE,All Grades,2019,All Students,1071,615.0,91.0,8.5,161.0,15.0,283.0,26.4,536.0,50.0,819.0,76.5,0.473,0.383,0,0
School,26Q074,J.H.S. 074 NATHANIEL HAWTHORNE,All Grades,2018,All Students,1097,615.0,92.0,8.4,188.0,17.1,289.0,26.3,528.0,48.1,817.0,74.5,0.473,0.383,0,0
School,26Q094,P.S. 094 DAVID D. PORTER,All Grades,2022,All Students,136,619.0,2.0,1.5,16.0,11.8,59.0,43.4,59.0,43.4,118.0,86.8,0.465,0.382,0,0
School,26Q094,P.S. 094 DAVID D. PORTER,All Grades,2019,All Students,160,617.0,2.0,1.3,26.0,16.3,67.0,41.9,65.0,40.6,132.0,82.5,0.465,0.382,0,0
School,26Q094,P.S. 094 DAVID D. PORTER,All Grades,2018,All Students,156,617.0,6.0,3.8,23.0,14.7,65.0,41.7,62.0,39.7,127.0,81.4,0.465,0.382,0,0
School,26Q098,P.S. 098 THE DOUGLASTON SCHOOL,All Grades,2022,All Students,95,612.0,9.0,9.5,21.0,22.1,40.0,42.1,25.0,26.3,65.0,68.4,0.217,0.21,0,0
School,26Q098,P.S. 098 THE DOUGLASTON SCHOOL,All Grades,2019,All Students,114,613.0,2.0,1.8,20.0,17.5,62.0,54.4,30.0,26.3,92.0,80.7,0.217,0.21,0,0
School,26Q098,P.S. 098 THE DOUGLASTON SCHOOL,All Grades,2018,All Students,113,615.0,2.0,1.8,21.0,18.6,62.0,54.9,28.0,24.8,90.0,79.6,0.217,0.21,0,0
School,26Q115,THE JAMES J. AMBROSE SCHOOL,All Grades,2022,All Students,314,617.0,24.0,7.6,34.0,10.8,115.0,36.6,141.0,44.9,256.0,81.5,0.389,0.376,0,0
School,26Q115,THE JAMES J. AMBROSE SCHOOL,All Grades,2019,All Students,345,616.0,23.0,6.7,53.0,15.4,126.0,36.5,143.0,41.4,269.0,78.0,0.389,0.376,0,0
School,26Q115,THE JAMES J. AMBROSE SCHOOL,All Grades,2018,All Students,340,616.0,15.0,4.4,70.0,20.6,134.0,39.4,121.0,35.6,255.0,75.0,0.389,0.376,0,0
School,26Q133,P.S. 133 QUEENS,All Grades,2022,All Students,271,608.0,33.0,12.2,69.0,25.5,103.0,38.0,66.0,24.4,169.0,62.4,0.592,0.445,0,0
School,26Q133,P.S. 133 QUEENS,All Grades,2019,All Students,247,610.0,23.0,9.3,56.0,22.7,102.0,41.3,66.0,26.7,168.0,68.0,0.592,0.445,0,0
School,26Q133,P.S. 133 QUEENS,All Grades,2018,All Students,222,612.0,18.0,8.1,41.0,18.5,109.0,49.1,54.0,24.3,163.0,73.4,0.592,0.445,0,0
School,26Q158,M.S. 158 MARIE CURIE,All Grades,2022,All Students,721,616.0,54.0,7.5,110.0,15.3,183.0,25.4,374.0,51.9,557.0,77.3,0.566,0.42,0,0
School,26Q158,M.S. 158 MARIE CURIE,All Grades,2019,All Students,992,613.0,103.0,10.4,193.0,19.5,209.0,21.1,487.0,49.1,696.0,70.2,0.566,0.42,0,0
School,26Q158,M.S. 158 MARIE CURIE,All Grades,2018,All Students,986,611.0,110.0,11.2,166.0,16.8,305.0,30.9,405.0,41.1,710.0,72.0,0.566,0.42,0,0
School,26Q159,P.S. 159,All Grades,2022,All Students,277,611.0,17.0,6.1,73.0,26.4,95.0,34.3,92.0,33.2,187.0,67.5,0.476,0.41,0,0
School,26Q159,P.S. 159,All Grades,2019,All Students,310,612.0,23.0,7.4,52.0,16.8,138.0,44.5,97.0,31.3,235.0,75.8,0.476,0.41,0,0
School,26Q159,P.S. 159,All Grades,2018,All Students,320,614.0,21.0,6.6,61.0,19.1,143.0,44.7,95.0,29.7,238.0,74.4,0.476,0.41,0,0
School,26Q162,P.S. 162 JOHN GOLDEN,All Grades,2022,All Students,294,606.0,48.0,16.3,83.0,28.2,83.0,28.2,80.0,27.2,163.0,55.4,0.605,0.46,0,0
School,26Q162,P.S. 162 JOHN GOLDEN,All Grades,2019,All Students,329,608.0,31.0,9.4,79.0,24.0,147.0,44.7,72.0,21.9,219.0,66.6,0.605,0.46,0,0
School,26Q162,P.S. 162 JOHN GOLDEN,All Grades,2018,All Students,350,609.0,28.0,8.0,101.0,28.9,149.0,42.6,72.0,20.6,221.0,63.1,0.605,0.46,0,0
School,26Q172,IRWIN ALTMAN MIDDLE SCHOOL 172,All Grades,2022,All Students,814,614.0,61.0,7.5,131.0,16.1,224.0,27.5,398.0,48.9,622.0,76.4,0.608,0.468,0,0
School,26Q172,IRWIN ALTMAN MIDDLE SCHOOL 172,All Grades,2019,All Students,928,610.0,99.0,10.7,193.0,20.8,257.0,27.7,379.0,40.8,636.0,68.5,0.608,0.468,0,0
School,26Q172,IRWIN ALTMAN MIDDLE SCHOOL 172,All Grades,2018,All Students,939,611.0,78.0,8.3,208.0,22.2,296.0,31.5,357.0,38.0,653.0,69.5,0.608,0.468,0,0
School,26Q173,P.S. 173 FRESH MEADOWS,All Grades,2022,All Students,415,610.0,40.0,9.6,90.0,21.7,172.0,41.4,113.0,27.2,285.0,68.7,0.562,0.476,0,0
School,26Q173,P.S. 173 FRESH MEADOWS,All Grades,2019,All Students,451,610.0,47.0,10.4,98.0,21.7,179.0,39.7,127.0,28.2,306.0,67.8,0.562,0.476,0,0
School,26Q173,P.S. 173 FRESH MEADOWS,All Grades,2018,All Students,446,613.0,37.0,8.3,93.0,20.9,173.0,38.8,143.0,32.1,316.0,70.9,0.562,0.476,0,0
School,26Q178,P.S./ IS 178 HOLLISWOOD,All Grades,2022,All Students,306,605.0,50.0,16.3,99.0,32.4,90.0,29.4,67.0,21.9,157.0,51.3,0.376,0.334,0,0
School,26Q178,P.S./ IS 178 HOLLISWOOD,All Grades,2019,All Students,337,604.0,50.0,14.8,85.0,25.2,129.0,38.3,73.0,21.7,202.0,59.9,0.376,0.334,0,0
School,26Q178,P.S./ IS 178 HOLLISWOOD,All Grades,2018,All Students,343,607.0,47.0,13.7,92.0,26.8,124.0,36.2,80.0,23.3,204.0,59.5,0.376,0.334,0,0
School,26Q186,P.S. 186 CASTLEWOOD,All Grades,2022,All Students,113,607.0,7.0,6.2,37.0,32.7,45.0,39.8,24.0,21.2,69.0,61.1,0.364,0.342,0,0
School,26Q186,P.S. 186 CASTLEWOOD,All Grades,2019,All Students,146,609.0,13.0,8.9,30.0,20.5,74.0,50.7,29.0,19.9,103.0,70.5,0.364,0.342,0,0
School,26Q186,P.S. 186 CASTLEWOOD,All Grades,2018,All Students,150,611.0,12.0,8.0,33.0,22.0,58.0,38.7,47.0,31.3,105.0,70.0,0.364,0.342,0,0
School,26Q188,P.S. 188 KINGSBURY,All Grades,2022,All Students,297,623.0,5.0,1.7,34.0,11.4,88.0,29.6,170.0,57.2,258.0,86.9,0.26,0.231,0,0
School,26Q188,P.S. 188 KINGSBURY,All Grades,2019,All Students,314,622.0,10.0,3.2,33.0,10.5,97.0,30.9,174.0,55.4,271.0,86.3,0.26,0.231,0,0
School,26Q188,P.S. 188 KINGSBURY,All Grades,2018,All Students,325,622.0,19.0,5.8,32.0,9.8,103.0,31.7,171.0,52.6,274.0,84.3,0.26,0.231,0,0
School,26Q191,P.S. 191 MAYFLOWER,All Grades,2022,All Students,143,609.0,14.0,9.8,39.0,27.3,49.0,34.3,41.0,28.7,90.0,62.9,0.653,0.535,0,0
School,26Q191,P.S. 191 MAYFLOWER,All Grades,2019,All Students,163,610.0,9.0,5.5,33.0,20.2,86.0,52.8,35.0,21.5,121.0,74.2,0.653,0.535,0,0
School,26Q191,P.S. 191 MAYFLOWER,All Grades,2018,All Students,164,611.0,4.0,2.4,44.0,26.8,80.0,48.8,36.0,22.0,116.0,70.7,0.653,0.535,0,0
School,26Q203,P.S. 203 OAKLAND GARDENS,All Grades,2022,All Students,346,622.0,5.0,1.4,49.0,14.2,109.0,31.5,183.0,52.9,292.0,84.4,0.429,0.36,0,0
School,26Q203,P.S. 203 OAKLAND GARDENS,All Grades,2019,All Students,416,620.0,12.0,2.9,49.0,11.8,140.0,33.7,215.0,51.7,355.0,85.3,0.429,0.36,0,0
School,26Q203,P.S. 203 OAKLAND GARDENS,All Grades,2018,All Students,456,620.0,15.0,3.3,58.0,12.7,175.0,38.4,208.0,45.6,383.0,84.0,0.429,0.36,0,0
School,26Q205,P.S. 205 ALEXANDER GRAHAM BELL,All Grades,2022,All Students,111,616.0,4.0,3.6,17.0,15.3,46.0,41.4,44.0,39.6,90.0,81.1,0.275,0.224,0,0
School,26Q205,P.S. 205 ALEXANDER GRAHAM BELL,All Grades,2019,All Students,138,616.0,3.0,2.2,22.0,15.9,61.0,44.2,52.0,37.7,113.0,81.9,0.275,0.224,0,0
School,26Q205,P.S. 205 ALEXANDER GRAHAM BELL,All Grades,2018,All Students,143,614.0,11.0,7.7,24.0,16.8,51.0,35.7,57.0,39.9,108.0,75.5,0.275,0.224,0,0
School,26Q213,P.S. 213 THE CARL ULLMAN SCHOOL,All Grades,2022,All Students,160,606.0,23.0,14.4,44.0,27.5,58.0,36.3,35.0,21.9,93.0,58.1,0.559,0.498,0,0
School,26Q213,P.S. 213 THE CARL ULLMAN SCHOOL,All Grades,2019,All Students,166,609.0,20.0,12.0,34.0,20.5,67.0,40.4,45.0,27.1,112.0,67.5,0.559,0.498,0,0
School,26Q213,P.S. 213 THE CARL ULLMAN SCHOOL,All Grades,2018,All Students,176,611.0,14.0,8.0,38.0,21.6,75.0,42.6,49.0,27.8,124.0,70.5,0.559,0.498,0,0
School,26Q216,J.H.S. 216 GEORGE J. RYAN,All Grades,2022,All Students,1353,618.0,71.0,5.2,160.0,11.8,356.0,26.3,766.0,56.6,1122.0,82.9,0.695,0.554,0,0
School,26Q216,J.H.S. 216 GEORGE J. RYAN,All Grades,2019,All Students,1454,615.0,102.0,7.0,248.0,17.1,392.0,27.0,712.0,49.0,1104.0,75.9,0.695,0.554,0,0
School,26Q216,J.H.S. 216 GEORGE J. RYAN,All Grades,2018,All Students,1367,616.0,72.0,5.3,210.0,15.4,409.0,29.9,676.0,49.5,1085.0,79.4,0.695,0.554,0,0
School,26Q221,P.S. 221 THE NORTH HILLS SCHOOL,All Grades,2022,All Students,244,611.0,12.0,4.9,55.0,22.5,107.0,43.9,70.0,28.7,177.0,72.5,0.38,0.269,0,0
School,26Q221,P.S. 221 THE NORTH HILLS SCHOOL,All Grades,2019,All Students,296,611.0,21.0,7.1,59.0,19.9,132.0,44.6,84.0,28.4,216.0,73.0,0.38,0.269,0,0
School,26Q221,P.S. 221 THE NORTH HILLS SCHOOL,All Grades,2018,All Students,289,612.0,16.0,5.5,61.0,21.1,136.0,47.1,76.0,26.3,212.0,73.4,0.38,0.269,0,0
School,26Q266,P.S./I.S. 266,All Grades,2022,All Students,260,608.0,17.0,6.5,80.0,30.8,89.0,34.2,74.0,28.5,163.0,62.7,0.497,0.349,0,0
School,26Q266,P.S./I.S. 266,All Grades,2019,All Students,379,608.0,32.0,8.4,113.0,29.8,128.0,33.8,106.0,28.0,234.0,61.7,0.497,0.349,0,0
School,26Q266,P.S./I.S. 266,All Grades,2018,All Students,392,609.0,41.0,10.5,87.0,22.2,146.0,37.2,118.0,30.1,264.0,67.3,0.497,0.349,0,0
School,26Q376,P.S. 376,All Grades,2022,All Students,111,612.0,8.0,7.2,17.0,15.3,44.0,39.6,42.0,37.8,86.0,77.5,0.468,0.402,0,0
School,27Q042,P.S./M.S 042 R. VERNAM,All Grades,2022,All Students,330,586.0,165.0,50.0,103.0,31.2,53.0,16.1,9.0,2.7,62.0,18.8,0.949,0.886,1,1
School,27Q042,P.S./M.S 042 R. VERNAM,All Grades,2019,All Students,352,588.0,165.0,46.9,106.0,30.1,68.0,19.3,13.0,3.7,81.0,23.0,0.949,0.886,1,1
School,27Q042,P.S./M.S 042 R. VERNAM,All Grades,2018,All Students,390,587.0,183.0,46.9,138.0,35.4,59.0,15.1,10.0,2.6,69.0,17.7,0.949,0.886,1,1
School,27Q043,P.S. 043,All Grades,2022,All Students,414,587.0,198.0,47.8,140.0,33.8,57.0,13.8,19.0,4.6,76.0,18.4,0.936,0.87,1,1
School,27Q043,P.S. 043,All Grades,2019,All Students,516,589.0,226.0,43.8,163.0,31.6,90.0,17.4,37.0,7.2,127.0,24.6,0.936,0.87,1,1
School,27Q043,P.S. 043,All Grades,2018,All Students,535,590.0,216.0,40.4,195.0,36.4,97.0,18.1,27.0,5.0,124.0,23.2,0.936,0.87,1,1
School,27Q045,P.S. 045 CLARENCE WITHERSPOON,All Grades,2022,All Students,94,592.0,29.0,30.9,42.0,44.7,16.0,17.0,7.0,7.4,23.0,24.5,0.859,0.74,1,1
School,27Q045,P.S. 045 CLARENCE WITHERSPOON,All Grades,2019,All Students,121,594.0,37.0,30.6,49.0,40.5,28.0,23.1,7.0,5.8,35.0,28.9,0.859,0.74,1,1
School,27Q045,P.S. 045 CLARENCE WITHERSPOON,All Grades,2018,All Students,133,591.0,45.0,33.8,52.0,39.1,29.0,21.8,7.0,5.3,36.0,27.1,0.859,0.74,1,1
School,27Q047,P.S. 047 CHRIS GALAS,All Grades,2022,All Students,120,604.0,15.0,12.5,40.0,33.3,39.0,32.5,26.0,21.7,65.0,54.2,0.434,0.356,0,0
School,27Q047,P.S. 047 CHRIS GALAS,All Grades,2019,All Students,135,605.0,14.0,10.4,47.0,34.8,47.0,34.8,27.0,20.0,74.0,54.8,0.434,0.356,0,0
School,27Q047,P.S. 047 CHRIS GALAS,All Grades,2018,All Students,126,607.0,9.0,7.1,41.0,32.5,48.0,38.1,28.0,22.2,76.0,60.3,0.434,0.356,0,0
School,27Q053,M.S. 053 BRIAN PICCOLO,All Grades,2022,All Students,192,593.0,76.0,39.6,66.0,34.4,37.0,19.3,13.0,6.8,50.0,26.0,0.887,0.91,1,1
School,27Q053,M.S. 053 BRIAN PICCOLO,All Grades,2019,All Students,216,580.0,141.0,65.3,51.0,23.6,20.0,9.3,4.0,1.9,24.0,11.1,0.887,0.91,1,1
School,27Q053,M.S. 053 BRIAN PICCOLO,All Grades,2018,All Students,239,583.0,137.0,57.3,64.0,26.8,33.0,13.8,5.0,2.1,38.0,15.9,0.887,0.91,1,1
School,27Q056,P.S. 056 HARRY EICHLER,All Grades,2022,All Students,215,600.0,45.0,20.9,71.0,33.0,61.0,28.4,38.0,17.7,99.0,46.0,0.796,0.698,1,0
School,27Q056,P.S. 056 HARRY EICHLER,All Grades,2019,All Students,260,603.0,46.0,17.7,72.0,27.7,101.0,38.8,41.0,15.8,142.0,54.6,0.796,0.698,1,0
School,27Q056,P.S. 056 HARRY EICHLER,All Grades,2018,All Students,272,603.0,53.0,19.5,80.0,29.4,93.0,34.2,46.0,16.9,139.0,51.1,0.796,0.698,1,0
School,27Q060,P.S. 060 WOODHAVEN,All Grades,2022,All Students,403,598.0,77.0,19.1,174.0,43.2,114.0,28.3,38.0,9.4,152.0,37.7,0.829,0.742,1,1
School,27Q060,P.S. 060 WOODHAVEN,All Grades,2019,All Students,516,605.0,68.0,13.2,148.0,28.7,197.0,38.2,103.0,20.0,300.0,58.1,0.829,0.742,1,1
School,27Q060,P.S. 060 WOODHAVEN,All Grades,2018,All Students,559,604.0,105.0,18.8,174.0,31.1,185.0,33.1,95.0,17.0,280.0,50.1,0.829,0.742,1,1
School,27Q062,P. S. 62 - CHESTER PARK SCHOOL,All Grades,2022,All Students,391,600.0,79.0,20.2,127.0,32.5,123.0,31.5,62.0,15.9,185.0,47.3,0.697,0.739,0,1
School,27Q062,P. S. 62 - CHESTER PARK SCHOOL,All Grades,2019,All Students,410,604.0,65.0,15.9,114.0,27.8,165.0,40.2,66.0,16.1,231.0,56.3,0.697,0.739,0,1
School,27Q062,P. S. 62 - CHESTER PARK SCHOOL,All Grades,2018,All Students,425,604.0,72.0,16.9,135.0,31.8,149.0,35.1,69.0,16.2,218.0,51.3,0.697,0.739,0,1
School,27Q063,P.S. 063 OLD SOUTH,All Grades,2022,All Students,448,598.0,108.0,24.1,161.0,35.9,115.0,25.7,64.0,14.3,179.0,40.0,0.8,0.696,1,0
School,27Q063,P.S. 063 OLD SOUTH,All Grades,2019,All Students,562,599.0,136.0,24.2,171.0,30.4,193.0,34.3,62.0,11.0,255.0,45.4,0.8,0.696,1,0
School,27Q063,P.S. 063 OLD SOUTH,All Grades,2018,All Students,596,602.0,112.0,18.8,183.0,30.7,216.0,36.2,85.0,14.3,301.0,50.5,0.8,0.696,1,0
School,27Q064,P.S. 064 JOSEPH P. ADDABBO,All Grades,2022,All Students,198,598.0,43.0,21.7,84.0,42.4,59.0,29.8,12.0,6.1,71.0,35.9,0.75,0.781,1,1
School,27Q064,P.S. 064 JOSEPH P. ADDABBO,All Grades,2019,All Students,296,603.0,56.0,18.9,76.0,25.7,116.0,39.2,48.0,16.2,164.0,55.4,0.75,0.781,1,1
School,27Q064,P.S. 064 JOSEPH P. ADDABBO,All Grades,2018,All Students,317,605.0,60.0,18.9,83.0,26.2,104.0,32.8,70.0,22.1,174.0,54.9,0.75,0.781,1,1
School,27Q065,P.S. 65 - THE RAYMOND YORK ELEMENTARY SCHOOL,All Grades,2022,All Students,147,597.0,35.0,23.8,55.0,37.4,46.0,31.3,11.0,7.5,57.0,38.8,0.696,0.758,0,1
School,27Q065,P.S. 65 - THE RAYMOND YORK ELEMENTARY SCHOOL,All Grades,2019,All Students,216,605.0,34.0,15.7,59.0,27.3,78.0,36.1,45.0,20.8,123.0,56.9,0.696,0.758,0,1
School,27Q065,P.S. 65 - THE RAYMOND YORK ELEMENTARY SCHOOL,All Grades,2018,All Students,224,608.0,34.0,15.2,63.0,28.1,80.0,35.7,47.0,21.0,127.0,56.7,0.696,0.758,0,1
School,27Q066,P.S. 066 JACQUELINE KENNEDY ONASSIS,All Grades,2022,All Students,157,607.0,14.0,8.9,46.0,29.3,65.0,41.4,32.0,20.4,97.0,61.8,0.821,0.671,1,0
School,27Q066,P.S. 066 JACQUELINE KENNEDY ONASSIS,All Grades,2019,All Students,221,602.0,35.0,15.8,69.0,31.2,86.0,38.9,31.0,14.0,117.0,52.9,0.821,0.671,1,0
School,27Q066,P.S. 066 JACQUELINE KENNEDY ONASSIS,All Grades,2018,All Students,227,604.0,38.0,16.7,68.0,30.0,79.0,34.8,42.0,18.5,121.0,53.3,0.821,0.671,1,0
School,27Q090,P.S. 090 HORACE MANN,All Grades,2022,All Students,275,595.0,81.0,29.5,90.0,32.7,80.0,29.1,24.0,8.7,104.0,37.8,0.895,0.735,1,1
School,27Q090,P.S. 090 HORACE MANN,All Grades,2019,All Students,362,600.0,75.0,20.7,113.0,31.2,131.0,36.2,43.0,11.9,174.0,48.1,0.895,0.735,1,1
School,27Q090,P.S. 090 HORACE MANN,All Grades,2018,All Students,388,601.0,73.0,18.8,145.0,37.4,136.0,35.1,34.0,8.8,170.0,43.8,0.895,0.735,1,1
School,27Q096,P.S. 096,All Grades,2022,All Students,124,606.0,16.0,12.9,37.0,29.8,39.0,31.5,32.0,25.8,71.0,57.3,0.844,0.738,1,1
School,27Q096,P.S. 096,All Grades,2019,All Students,137,605.0,17.0,12.4,37.0,27.0,58.0,42.3,25.0,18.2,83.0,60.6,0.844,0.738,1,1
School,27Q096,P.S. 096,All Grades,2018,All Students,132,606.0,20.0,15.2,36.0,27.3,48.0,36.4,28.0,21.2,76.0,57.6,0.844,0.738,1,1
School,27Q097,P.S. 097 FOREST PARK,All Grades,2022,All Students,275,596.0,80.0,29.1,98.0,35.6,67.0,24.4,30.0,10.9,97.0,35.3,0.835,0.719,1,1
School,27Q097,P.S. 097 FOREST PARK,All Grades,2019,All Students,307,602.0,62.0,20.2,89.0,29.0,111.0,36.2,45.0,14.7,156.0,50.8,0.835,0.719,1,1
School,27Q097,P.S. 097 FOREST PARK,All Grades,2018,All Students,303,603.0,62.0,20.5,86.0,28.4,108.0,35.6,47.0,15.5,155.0,51.2,0.835,0.719,1,1
School,27Q100,P.S. 100 GLEN MORRIS,All Grades,2022,All Students,336,601.0,72.0,21.4,116.0,34.5,92.0,27.4,56.0,16.7,148.0,44.0,0.612,0.657,0,0
School,27Q100,P.S. 100 GLEN MORRIS,All Grades,2019,All Students,393,603.0,70.0,17.8,118.0,30.0,146.0,37.2,59.0,15.0,205.0,52.2,0.612,0.657,0,0
School,27Q100,P.S. 100 GLEN MORRIS,All Grades,2018,All Students,418,603.0,69.0,16.5,152.0,36.4,138.0,33.0,59.0,14.1,197.0,47.1,0.612,0.657,0,0
School,27Q104,P.S. 104 THE BAYS WATER,All Grades,2022,All Students,262,591.0,100.0,38.2,101.0,38.5,48.0,18.3,13.0,5.0,61.0,23.3,0.797,0.854,1,1
School,27Q104,P.S. 104 THE BAYS WATER,All Grades,2019,All Students,308,593.0,94.0,30.5,120.0,39.0,78.0,25.3,16.0,5.2,94.0,30.5,0.797,0.854,1,1
School,27Q104,P.S. 104 THE BAYS WATER,All Grades,2018,All Students,305,594.0,96.0,31.5,106.0,34.8,84.0,27.5,19.0,6.2,103.0,33.8,0.797,0.854,1,1
School,27Q105,P.S. 105 THE BAY SCHOOL,All Grades,2022,All Students,393,589.0,170.0,43.3,150.0,38.2,50.0,12.7,23.0,5.9,73.0,18.6,0.889,0.93,1,1
School,27Q105,P.S. 105 THE BAY SCHOOL,All Grades,2019,All Students,536,587.0,247.0,46.1,177.0,33.0,83.0,15.5,29.0,5.4,112.0,20.9,0.889,0.93,1,1
School,27Q105,P.S. 105 THE BAY SCHOOL,All Grades,2018,All Students,513,590.0,187.0,36.5,232.0,45.2,76.0,14.8,18.0,3.5,94.0,18.3,0.889,0.93,1,1
School,27Q106,LIGHTHOUSE ELEMENTARY SCHOOL,All Grades,2022,All Students,58,582.0,32.0,55.2,16.0,27.6,9.0,15.5,1.0,1.7,10.0,17.2,0.95,0.95,1,1
School,27Q106,LIGHTHOUSE ELEMENTARY SCHOOL,All Grades,2019,All Students,90,589.0,35.0,38.9,36.0,40.0,16.0,17.8,3.0,3.3,19.0,21.1,0.95,0.95,1,1
School,27Q106,LIGHTHOUSE ELEMENTARY SCHOOL,All Grades,2018,All Students,102,587.0,45.0,44.1,41.0,40.2,15.0,14.7,1.0,1.0,16.0,15.7,0.95,0.95,1,1
School,27Q108,P.S. 108 CAPTAIN VINCENT G. FOWLER,All Grades,2022,All Students,566,605.0,88.0,15.5,160.0,28.3,186.0,32.9,132.0,23.3,318.0,56.2,0.822,0.645,1,0
School,27Q108,P.S. 108 CAPTAIN VINCENT G. FOWLER,All Grades,2019,All Students,717,607.0,100.0,13.9,191.0,26.6,247.0,34.4,179.0,25.0,426.0,59.4,0.822,0.645,1,0
School,27Q108,P.S. 108 CAPTAIN VINCENT G. FOWLER,All Grades,2018,All Students,766,607.0,107.0,14.0,214.0,27.9,274.0,35.8,171.0,22.3,445.0,58.1,0.822,0.645,1,0
School,27Q114,P.S./M.S. 114 BELLE HARBOR,All Grades,2022,All Students,269,608.0,23.0,8.6,76.0,28.3,98.0,36.4,72.0,26.8,170.0,63.2,0.26,0.179,0,0
School,27Q114,P.S./M.S. 114 BELLE HARBOR,All Grades,2019,All Students,368,613.0,21.0,5.7,63.0,17.1,159.0,43.2,125.0,34.0,284.0,77.2,0.26,0.179,0,0
School,27Q114,P.S./M.S. 114 BELLE HARBOR,All Grades,2018,All Students,350,613.0,21.0,6.0,69.0,19.7,155.0,44.3,105.0,30.0,260.0,74.3,0.26,0.179,0,0
School,27Q123,P.S. 123,All Grades,2022,All Students,238,597.0,56.0,23.5,85.0,35.7,79.0,33.2,18.0,7.6,97.0,40.8,0.846,0.679,1,0
School,27Q123,P.S. 123,All Grades,2019,All Students,311,597.0,84.0,27.0,100.0,32.2,102.0,32.8,25.0,8.0,127.0,40.8,0.846,0.679,1,0
School,27Q123,P.S. 123,All Grades,2018,All Students,328,598.0,90.0,27.4,106.0,32.3,102.0,31.1,30.0,9.1,132.0,40.2,0.846,0.679,1,0
School,27Q124,P.S. 124 OSMOND A CHURCH,All Grades,2022,All Students,691,604.0,142.0,20.5,171.0,24.7,209.0,30.2,169.0,24.5,378.0,54.7,0.615,0.665,0,0
School,27Q124,P.S. 124 OSMOND A CHURCH,All Grades,2019,All Students,766,602.0,136.0,17.8,252.0,32.9,230.0,30.0,148.0,19.3,378.0,49.3,0.615,0.665,0,0
School,27Q124,P.S. 124 OSMOND A CHURCH,All Grades,2018,All Students,810,603.0,150.0,18.5,249.0,30.7,243.0,30.0,168.0,20.7,411.0,50.7,0.615,0.665,0,0
School,27Q137,M.S. 137 AMERICA'S SCHOOL OF HEROES,All Grades,2022,All Students,1700,606.0,241.0,14.2,460.0,27.1,517.0,30.4,482.0,28.4,999.0,58.8,0.833,0.712,1,0
School,27Q137,M.S. 137 AMERICA'S SCHOOL OF HEROES,All Grades,2019,All Students,1853,603.0,344.0,18.6,529.0,28.5,531.0,28.7,449.0,24.2,980.0,52.9,0.833,0.712,1,0
School,27Q137,M.S. 137 AMERICA'S SCHOOL OF HEROES,All Grades,2018,All Students,1824,604.0,316.0,17.3,540.0,29.6,544.0,29.8,424.0,23.2,968.0,53.1,0.833,0.712,1,0
School,27Q146,P.S. 146 HOWARD BEACH,All Grades,2022,All Students,287,605.0,40.0,13.9,83.0,28.9,107.0,37.3,57.0,19.9,164.0,57.1,0.478,0.304,0,0
School,27Q146,P.S. 146 HOWARD BEACH,All Grades,2019,All Students,415,607.0,53.0,12.8,93.0,22.4,163.0,39.3,106.0,25.5,269.0,64.8,0.478,0.304,0,0
School,27Q146,P.S. 146 HOWARD BEACH,All Grades,2018,All Students,430,606.0,54.0,12.6,114.0,26.5,182.0,42.3,80.0,18.6,262.0,60.9,0.478,0.304,0,0
School,27Q155,P.S. 155,All Grades,2022,All Students,160,606.0,9.0,5.6,50.0,31.3,70.0,43.8,31.0,19.4,101.0,63.1,0.89,0.651,1,0
School,27Q155,P.S. 155,All Grades,2019,All Students,226,607.0,24.0,10.6,60.0,26.5,101.0,44.7,41.0,18.1,142.0,62.8,0.89,0.651,1,0
School,27Q155,P.S. 155,All Grades,2018,All Students,223,606.0,19.0,8.5,74.0,33.2,90.0,40.4,40.0,17.9,130.0,58.3,0.89,0.651,1,0
School,27Q183,P.S. 183 DR. RICHARD R. GREEN,All Grades,2022,All Students,228,588.0,93.0,40.8,99.0,43.4,30.0,13.2,6.0,2.6,36.0,15.8,0.924,0.892,1,1
School,27Q183,P.S. 183 DR. RICHARD R. GREEN,All Grades,2019,All Students,286,589.0,127.0,44.4,101.0,35.3,41.0,14.3,17.0,5.9,58.0,20.3,0.924,0.892,1,1
School,27Q183,P.S. 183 DR. RICHARD R. GREEN,All Grades,2018,All Students,316,591.0,130.0,41.1,108.0,34.2,64.0,20.3,14.0,4.4,78.0,24.7,0.924,0.892,1,1
School,27Q197,P.S. 197 THE OCEAN SCHOOL,All Grades,2022,All Students,170,592.0,60.0,35.3,66.0,38.8,36.0,21.2,8.0,4.7,44.0,25.9,0.95,0.845,1,1
School,27Q197,P.S. 197 THE OCEAN SCHOOL,All Grades,2019,All Students,231,594.0,64.0,27.7,98.0,42.4,53.0,22.9,16.0,6.9,69.0,29.9,0.95,0.845,1,1
School,27Q197,P.S. 197 THE OCEAN SCHOOL,All Grades,2018,All Students,244,593.0,76.0,31.1,99.0,40.6,56.0,23.0,13.0,5.3,69.0,28.3,0.95,0.845,1,1
School,27Q202,J.H.S. 202 ROBERT H. GODDARD,All Grades,2022,All Students,824,606.0,123.0,14.9,193.0,23.4,264.0,32.0,244.0,29.6,508.0,61.7,0.773,0.695,1,0
School,27Q202,J.H.S. 202 ROBERT H. GODDARD,All Grades,2019,All Students,1070,601.0,243.0,22.7,316.0,29.5,290.0,27.1,221.0,20.7,511.0,47.8,0.773,0.695,1,0
School,27Q202,J.H.S. 202 ROBERT H. GODDARD,All Grades,2018,All Students,1038,603.0,188.0,18.1,309.0,29.8,298.0,28.7,243.0,23.4,541.0,52.1,0.773,0.695,1,0
School,27Q207,P.S. 207 ROCKWOOD PARK,All Grades,2022,All Students,318,607.0,36.0,11.3,93.0,29.2,98.0,30.8,91.0,28.6,189.0,59.4,0.306,0.169,0,0
School,27Q207,P.S. 207 ROCKWOOD PARK,All Grades,2019,All Students,358,601.0,63.0,17.6,116.0,32.4,127.0,35.5,52.0,14.5,179.0,50.0,0.306,0.169,0,0
School,27Q207,P.S. 207 ROCKWOOD PARK,All Grades,2018,All Students,382,605.0,48.0,12.6,120.0,31.4,135.0,35.3,79.0,20.7,214.0,56.0,0.306,0.169,0,0
School,27Q210,J.H.S. 210 ELIZABETH BLACKWELL,All Grades,2022,All Students,1401,601.0,329.0,23.5,400.0,28.6,353.0,25.2,319.0,22.8,672.0,48.0,0.825,0.753,1,1
School,27Q210,J.H.S. 210 ELIZABETH BLACKWELL,All Grades,2019,All Students,1768,597.0,527.0,29.8,519.0,29.4,414.0,23.4,308.0,17.4,722.0,40.8,0.825,0.753,1,1
School,27Q210,J.H.S. 210 ELIZABETH BLACKWELL,All Grades,2018,All Students,1726,598.0,496.0,28.7,521.0,30.2,431.0,25.0,278.0,16.1,709.0,41.1,0.825,0.753,1,1
School,27Q223,P.S. 223 LYNDON B. JOHNSON,All Grades,2022,All Students,197,588.0,86.0,43.7,71.0,36.0,27.0,13.7,13.0,6.6,40.0,20.3,0.901,0.746,1,1
School,27Q223,P.S. 223 LYNDON B. JOHNSON,All Grades,2019,All Students,245,593.0,84.0,34.3,90.0,36.7,55.0,22.4,16.0,6.5,71.0,29.0,0.901,0.746,1,1
School,27Q223,P.S. 223 LYNDON B. JOHNSON,All Grades,2018,All Students,250,595.0,63.0,25.2,108.0,43.2,67.0,26.8,12.0,4.8,79.0,31.6,0.901,0.746,1,1
School,27Q226,J.H.S. 226 VIRGIL I. GRISSOM,All Grades,2022,All Students,821,598.0,236.0,28.7,261.0,31.8,182.0,22.2,142.0,17.3,324.0,39.5,0.869,0.7,1,0
School,27Q226,J.H.S. 226 VIRGIL I. GRISSOM,All Grades,2019,All Students,884,594.0,314.0,35.5,280.0,31.7,160.0,18.1,130.0,14.7,290.0,32.8,0.869,0.7,1,0
School,27Q226,J.H.S. 226 VIRGIL I. GRISSOM,All Grades,2018,All Students,890,595.0,287.0,32.2,302.0,33.9,197.0,22.1,104.0,11.7,301.0,33.8,0.869,0.7,1,0
School,27Q232,P.S. 232 LINDENWOOD,All Grades,2022,All Students,550,605.0,72.0,13.1,169.0,30.7,177.0,32.2,132.0,24.0,309.0,56.2,0.583,0.536,0,0
School,27Q232,P.S. 232 LINDENWOOD,All Grades,2019,All Students,624,607.0,82.0,13.1,161.0,25.8,212.0,34.0,169.0,27.1,381.0,61.1,0.583,0.536,0,0
School,27Q232,P.S. 232 LINDENWOOD,All Grades,2018,All Students,657,608.0,69.0,10.5,173.0,26.3,238.0,36.2,177.0,26.9,415.0,63.2,0.583,0.536,0,0
School,27Q253,THE RANDOLPH HOLDER SCHOOL FOR SOCIAL JUSTICE,All Grades,2022,All Students,214,587.0,92.0,43.0,78.0,36.4,35.0,16.4,9.0,4.2,44.0,20.6,0.95,0.899,1,1
School,27Q253,THE RANDOLPH HOLDER SCHOOL FOR SOCIAL JUSTICE,All Grades,2019,All Students,279,588.0,124.0,44.4,86.0,30.8,55.0,19.7,14.0,5.0,69.0,24.7,0.95,0.899,1,1
School,27Q253,THE RANDOLPH HOLDER SCHOOL FOR SOCIAL JUSTICE,All Grades,2018,All Students,268,590.0,106.0,39.6,100.0,37.3,53.0,19.8,9.0,3.4,62.0,23.1,0.95,0.899,1,1
School,27Q254,P.S. 254 - THE ROSA PARKS SCHOOL,All Grades,2022,All Students,189,600.0,39.0,20.6,66.0,34.9,65.0,34.4,19.0,10.1,84.0,44.4,0.768,0.664,1,0
School,27Q254,P.S. 254 - THE ROSA PARKS SCHOOL,All Grades,2019,All Students,278,602.0,53.0,19.1,77.0,27.7,116.0,41.7,32.0,11.5,148.0,53.2,0.768,0.664,1,0
School,27Q254,P.S. 254 - THE ROSA PARKS SCHOOL,All Grades,2018,All Students,287,601.0,57.0,19.9,104.0,36.2,99.0,34.5,27.0,9.4,126.0,43.9,0.768,0.664,1,0
School,27Q262,CHANNEL VIEW SCHOOL FOR RESEARCH,All Grades,2022,All Students,420,603.0,58.0,13.8,140.0,33.3,145.0,34.5,77.0,18.3,222.0,52.9,0.74,0.642,1,0
School,27Q262,CHANNEL VIEW SCHOOL FOR RESEARCH,All Grades,2019,All Students,410,604.0,49.0,12.0,140.0,34.1,140.0,34.1,81.0,19.8,221.0,53.9,0.74,0.642,1,0
School,27Q262,CHANNEL VIEW SCHOOL FOR RESEARCH,All Grades,2018,All Students,357,604.0,42.0,11.8,130.0,36.4,123.0,34.5,62.0,17.4,185.0,51.8,0.74,0.642,1,0
School,27Q273,P.S. 273,All Grades,2022,All Students,104,604.0,17.0,16.3,33.0,31.7,32.0,30.8,22.0,21.2,54.0,51.9,0.915,0.74,1,1
School,27Q273,P.S. 273,All Grades,2019,All Students,131,603.0,28.0,21.4,29.0,22.1,56.0,42.7,18.0,13.7,74.0,56.5,0.915,0.74,1,1
School,27Q273,P.S. 273,All Grades,2018,All Students,152,598.0,36.0,23.7,58.0,38.2,44.0,28.9,14.0,9.2,58.0,38.2,0.915,0.74,1,1
School,27Q282,KNOWLEDGE AND POWER PREPARATORY ACADEMY VI,All Grades,2022,All Students,261,606.0,42.0,16.1,61.0,23.4,86.0,33.0,72.0,27.6,158.0,60.5,0.848,0.73,1,1
School,27Q282,KNOWLEDGE AND POWER PREPARATORY ACADEMY VI,All Grades,2019,All Students,257,602.0,42.0,16.3,80.0,31.1,92.0,35.8,43.0,16.7,135.0,52.5,0.848,0.73,1,1
School,27Q282,KNOWLEDGE AND POWER PREPARATORY ACADEMY VI,All Grades,2018,All Students,261,602.0,44.0,16.9,80.0,30.7,99.0,37.9,38.0,14.6,137.0,52.5,0.848,0.73,1,1
School,27Q297,HAWTREE CREEK MIDDLE SCHOOL,All Grades,2022,All Students,318,607.0,35.0,11.0,84.0,26.4,106.0,33.3,93.0,29.2,199.0,62.6,0.904,0.635,1,0
School,27Q297,HAWTREE CREEK MIDDLE SCHOOL,All Grades,2019,All Students,355,600.0,82.0,23.1,114.0,32.1,93.0,26.2,66.0,18.6,159.0,44.8,0.904,0.635,1,0
School,27Q297,HAWTREE CREEK MIDDLE SCHOOL,All Grades,2018,All Students,341,600.0,70.0,20.5,117.0,34.3,96.0,28.2,58.0,17.0,154.0,45.2,0.904,0.635,1,0
School,27Q306,NEW YORK CITY ACADEMY FOR DISCOVERY,All Grades,2022,All Students,146,592.0,51.0,34.9,58.0,39.7,30.0,20.5,7.0,4.8,37.0,25.3,0.848,0.695,1,0
School,27Q306,NEW YORK CITY ACADEMY FOR DISCOVERY,All Grades,2019,All Students,161,596.0,42.0,26.1,61.0,37.9,41.0,25.5,17.0,10.6,58.0,36.0,0.848,0.695,1,0
School,27Q306,NEW YORK CITY ACADEMY FOR DISCOVERY,All Grades,2018,All Students,184,597.0,47.0,25.5,73.0,39.7,50.0,27.2,14.0,7.6,64.0,34.8,0.848,0.695,1,0
School,27Q309,ACADEMY OF MEDICAL TECHNOLOGY: A COLLEGE BOARD SCH,All Grades,2022,All Students,206,596.0,53.0,25.7,77.0,37.4,48.0,23.3,28.0,13.6,76.0,36.9,0.834,0.838,1,1
School,27Q309,ACADEMY OF MEDICAL TECHNOLOGY: A COLLEGE BOARD SCH,All Grades,2019,All Students,220,594.0,80.0,36.4,71.0,32.3,42.0,19.1,27.0,12.3,69.0,31.4,0.834,0.838,1,1
School,27Q309,ACADEMY OF MEDICAL TECHNOLOGY: A COLLEGE BOARD SCH,All Grades,2018,All Students,210,594.0,72.0,34.3,75.0,35.7,43.0,20.5,20.0,9.5,63.0,30.0,0.834,0.838,1,1
School,27Q316,QUEENS EXPLORERS ELEMENTARY SCHOOL,All Grades,2022,All Students,168,605.0,22.0,13.1,62.0,36.9,50.0,29.8,34.0,20.2,84.0,50.0,0.766,0.608,1,0
School,27Q316,QUEENS EXPLORERS ELEMENTARY SCHOOL,All Grades,2019,All Students,133,603.0,12.0,9.0,44.0,33.1,57.0,42.9,20.0,15.0,77.0,57.9,0.766,0.608,1,0
School,27Q316,QUEENS EXPLORERS ELEMENTARY SCHOOL,All Grades,2018,All Students,62,604.0,2.0,3.2,26.0,41.9,30.0,48.4,4.0,6.5,34.0,54.8,0.766,0.608,1,0
School,27Q317,WATERSIDE CHILDREN'S STUDIO SCHOOL,All Grades,2022,All Students,200,605.0,20.0,10.0,78.0,39.0,68.0,34.0,34.0,17.0,102.0,51.0,0.712,0.638,0,0
School,27Q317,WATERSIDE CHILDREN'S STUDIO SCHOOL,All Grades,2019,All Students,227,602.0,41.0,18.1,67.0,29.5,86.0,37.9,33.0,14.5,119.0,52.4,0.712,0.638,0,0
School,27Q317,WATERSIDE CHILDREN'S STUDIO SCHOOL,All Grades,2018,All Students,220,601.0,46.0,20.9,73.0,33.2,77.0,35.0,24.0,10.9,101.0,45.9,0.712,0.638,0,0
School,27Q318,WATERSIDE SCHOOL FOR LEADERSHIP,All Grades,2022,All Students,155,600.0,33.0,21.3,51.0,32.9,40.0,25.8,31.0,20.0,71.0,45.8,0.885,0.782,1,1
School,27Q318,WATERSIDE SCHOOL FOR LEADERSHIP,All Grades,2019,All Students,226,598.0,62.0,27.4,80.0,35.4,51.0,22.6,33.0,14.6,84.0,37.2,0.885,0.782,1,1
School,27Q318,WATERSIDE SCHOOL FOR LEADERSHIP,All Grades,2018,All Students,219,596.0,58.0,26.5,92.0,42.0,49.0,22.4,20.0,9.1,69.0,31.5,0.885,0.782,1,1
School,27Q319,VILLAGE ACADEMY,All Grades,2022,All Students,286,594.0,98.0,34.3,95.0,33.2,68.0,23.8,25.0,8.7,93.0,32.5,0.823,0.839,1,1
School,27Q319,VILLAGE ACADEMY,All Grades,2019,All Students,363,592.0,127.0,35.0,137.0,37.7,73.0,20.1,26.0,7.2,99.0,27.3,0.823,0.839,1,1
School,27Q319,VILLAGE ACADEMY,All Grades,2018,All Students,354,592.0,132.0,37.3,139.0,39.3,62.0,17.5,21.0,5.9,83.0,23.4,0.823,0.839,1,1
School,27Q323,SCHOLARS' ACADEMY,All Grades,2022,All Students,524,620.0,14.0,2.7,51.0,9.7,131.0,25.0,328.0,62.6,459.0,87.6,0.474,0.335,0,0
School,27Q323,SCHOLARS' ACADEMY,All Grades,2019,All Students,645,624.0,12.0,1.9,38.0,5.9,140.0,21.7,455.0,70.5,595.0,92.2,0.474,0.335,0,0
School,27Q323,SCHOLARS' ACADEMY,All Grades,2018,All Students,671,623.0,7.0,1.0,36.0,5.4,191.0,28.5,437.0,65.1,628.0,93.6,0.474,0.335,0,0
School,27Q333,GOLDIE MAPLE ACADEMY,All Grades,2022,All Students,199,597.0,44.0,22.1,82.0,41.2,61.0,30.7,12.0,6.0,73.0,36.7,0.677,0.735,0,1
School,27Q333,GOLDIE MAPLE ACADEMY,All Grades,2019,All Students,215,601.0,39.0,18.1,74.0,34.4,73.0,34.0,29.0,13.5,102.0,47.4,0.677,0.735,0,1
School,27Q333,GOLDIE MAPLE ACADEMY,All Grades,2018,All Students,226,600.0,42.0,18.6,91.0,40.3,70.0,31.0,23.0,10.2,93.0,41.2,0.677,0.735,0,1
School,27Q362,WAVE PREPARATORY ELEMENTARY SCHOOL,All Grades,2022,All Students,175,603.0,36.0,20.6,38.0,21.7,67.0,38.3,34.0,19.4,101.0,57.7,0.886,0.834,1,1
School,27Q362,WAVE PREPARATORY ELEMENTARY SCHOOL,All Grades,2019,All Students,231,611.0,35.0,15.2,46.0,19.9,70.0,30.3,80.0,34.6,150.0,64.9,0.886,0.834,1,1
School,27Q362,WAVE PREPARATORY ELEMENTARY SCHOOL,All Grades,2018,All Students,247,605.0,44.0,17.8,69.0,27.9,89.0,36.0,45.0,18.2,134.0,54.3,0.886,0.834,1,1
School,27Q377,P.S. 377,All Grades,2022,All Students,94,598.0,14.0,14.9,40.0,42.6,32.0,34.0,8.0,8.5,40.0,42.6,0.671,0.56,0,0
School,28Q008,J.H.S. 008 RICHARD S. GROSSLEY,All Grades,2022,All Students,353,601.0,67.0,19.0,119.0,33.7,95.0,26.9,72.0,20.4,167.0,47.3,0.865,0.795,1,1
School,28Q008,J.H.S. 008 RICHARD S. GROSSLEY,All Grades,2019,All Students,352,594.0,134.0,38.1,96.0,27.3,85.0,24.1,37.0,10.5,122.0,34.7,0.865,0.795,1,1
School,28Q008,J.H.S. 008 RICHARD S. GROSSLEY,All Grades,2018,All Students,307,594.0,105.0,34.2,105.0,34.2,71.0,23.1,26.0,8.5,97.0,31.6,0.865,0.795,1,1
School,28Q040,P.S. 040 SAMUEL HUNTINGTON,All Grades,2022,All Students,118,601.0,22.0,18.6,43.0,36.4,38.0,32.2,15.0,12.7,53.0,44.9,0.891,0.85,1,1
School,28Q040,P.S. 040 SAMUEL HUNTINGTON,All Grades,2019,All Students,178,596.0,55.0,30.9,58.0,32.6,54.0,30.3,11.0,6.2,65.0,36.5,0.891,0.85,1,1
School,28Q040,P.S. 040 SAMUEL HUNTINGTON,All Grades,2018,All Students,244,594.0,81.0,33.2,88.0,36.1,57.0,23.4,18.0,7.4,75.0,30.7,0.891,0.85,1,1
School,28Q048,DAVID N. DINKINS SCHOOL,All Grades,2022,All Students,190,602.0,39.0,20.5,56.0,29.5,66.0,34.7,29.0,15.3,95.0,50.0,0.899,0.831,1,1
School,28Q048,DAVID N. DINKINS SCHOOL,All Grades,2019,All Students,257,600.0,63.0,24.5,70.0,27.2,94.0,36.6,30.0,11.7,124.0,48.2,0.899,0.831,1,1
School,28Q048,DAVID N. DINKINS SCHOOL,All Grades,2018,All Students,256,599.0,55.0,21.5,96.0,37.5,83.0,32.4,22.0,8.6,105.0,41.0,0.899,0.831,1,1
School,28Q050,P.S. 050 TALFOURD LAWN ELEMENTARY SCHOOL,All Grades,2022,All Students,319,600.0,71.0,22.3,110.0,34.5,88.0,27.6,50.0,15.7,138.0,43.3,0.91,0.779,1,1
School,28Q050,P.S. 050 TALFOURD LAWN ELEMENTARY SCHOOL,All Grades,2019,All Students,374,599.0,88.0,23.5,112.0,29.9,108.0,28.9,66.0,17.6,174.0,46.5,0.91,0.779,1,1
School,28Q050,P.S. 050 TALFOURD LAWN ELEMENTARY SCHOOL,All Grades,2018,All Students,343,604.0,70.0,20.4,98.0,28.6,104.0,30.3,71.0,20.7,175.0,51.0,0.91,0.779,1,1
School,28Q054,P.S. 054 HILLSIDE,All Grades,2022,All Students,194,599.0,55.0,28.4,64.0,33.0,44.0,22.7,31.0,16.0,75.0,38.7,0.8,0.842,1,1
School,28Q054,P.S. 054 HILLSIDE,All Grades,2019,All Students,279,602.0,53.0,19.0,89.0,31.9,99.0,35.5,38.0,13.6,137.0,49.1,0.8,0.842,1,1
School,28Q054,P.S. 054 HILLSIDE,All Grades,2018,All Students,285,599.0,71.0,24.9,98.0,34.4,87.0,30.5,29.0,10.2,116.0,40.7,0.8,0.842,1,1
School,28Q055,P.S. 055 MAURE,All Grades,2022,All Students,156,602.0,30.0,19.2,51.0,32.7,47.0,30.1,28.0,17.9,75.0,48.1,0.809,0.676,1,0
School,28Q055,P.S. 055 MAURE,All Grades,2019,All Students,226,601.0,39.0,17.3,71.0,31.4,92.0,40.7,24.0,10.6,116.0,51.3,0.809,0.676,1,0
School,28Q055,P.S. 055 MAURE,All Grades,2018,All Students,214,601.0,44.0,20.6,67.0,31.3,72.0,33.6,31.0,14.5,103.0,48.1,0.809,0.676,1,0
School,28Q072,CATHERINE & COUNT BASIE MIDDLE SCHOOL 72,All Grades,2022,All Students,209,599.0,53.0,25.4,71.0,34.0,54.0,25.8,31.0,14.8,85.0,40.7,0.825,0.773,1,1
School,28Q072,CATHERINE & COUNT BASIE MIDDLE SCHOOL 72,All Grades,2019,All Students,295,590.0,112.0,38.0,108.0,36.6,55.0,18.6,20.0,6.8,75.0,25.4,0.825,0.773,1,1
School,28Q072,CATHERINE & COUNT BASIE MIDDLE SCHOOL 72,All Grades,2018,All Students,342,590.0,147.0,43.0,121.0,35.4,53.0,15.5,21.0,6.1,74.0,21.6,0.825,0.773,1,1
School,28Q080,PS 80  THE THURGOOD MARSHALL MAGNET SCHOOL OF MULT,All Grades,2022,All Students,136,592.0,54.0,39.7,44.0,32.4,29.0,21.3,9.0,6.6,38.0,27.9,0.763,0.642,1,0
School,28Q080,PS 80  THE THURGOOD MARSHALL MAGNET SCHOOL OF MULT,All Grades,2019,All Students,214,598.0,60.0,28.0,73.0,34.1,56.0,26.2,25.0,11.7,81.0,37.9,0.763,0.642,1,0
School,28Q080,PS 80  THE THURGOOD MARSHALL MAGNET SCHOOL OF MULT,All Grades,2018,All Students,243,597.0,62.0,25.5,96.0,39.5,66.0,27.2,19.0,7.8,85.0,35.0,0.763,0.642,1,0
School,28Q082,P.S. 082 HAMMOND,All Grades,2022,All Students,278,591.0,122.0,43.9,81.0,29.1,51.0,18.3,24.0,8.6,75.0,27.0,0.833,0.87,1,1
School,28Q082,P.S. 082 HAMMOND,All Grades,2019,All Students,319,596.0,96.0,30.1,100.0,31.3,89.0,27.9,34.0,10.7,123.0,38.6,0.833,0.87,1,1
School,28Q082,P.S. 082 HAMMOND,All Grades,2018,All Students,321,598.0,94.0,29.3,99.0,30.8,92.0,28.7,36.0,11.2,128.0,39.9,0.833,0.87,1,1
School,28Q086,P.S. Q086,All Grades,2022,All Students,265,600.0,49.0,18.5,98.0,37.0,82.0,30.9,36.0,13.6,118.0,44.5,0.8,0.83,1,1
School,28Q086,P.S. Q086,All Grades,2019,All Students,431,599.0,97.0,22.5,130.0,30.2,144.0,33.4,60.0,13.9,204.0,47.3,0.8,0.83,1,1
School,28Q086,P.S. Q086,All Grades,2018,All Students,505,601.0,117.0,23.2,146.0,28.9,162.0,32.1,80.0,15.8,242.0,47.9,0.8,0.83,1,1
School,28Q099,P.S. 099 KEW GARDENS,All Grades,2022,All Students,325,607.0,46.0,14.2,80.0,24.6,103.0,31.7,96.0,29.5,199.0,61.2,0.627,0.566,0,0
School,28Q099,P.S. 099 KEW GARDENS,All Grades,2019,All Students,397,607.0,62.0,15.6,83.0,20.9,139.0,35.0,113.0,28.5,252.0,63.5,0.627,0.566,0,0
School,28Q099,P.S. 099 KEW GARDENS,All Grades,2018,All Students,420,607.0,67.0,16.0,90.0,21.4,143.0,34.0,120.0,28.6,263.0,62.6,0.627,0.566,0,0
School,28Q101,P.S. 101 SCHOOL IN THE GARDENS,All Grades,2022,All Students,196,618.0,6.0,3.1,32.0,16.3,71.0,36.2,87.0,44.4,158.0,80.6,0.147,0.137,0,0
School,28Q101,P.S. 101 SCHOOL IN THE GARDENS,All Grades,2019,All Students,304,614.0,26.0,8.6,46.0,15.1,124.0,40.8,108.0,35.5,232.0,76.3,0.147,0.137,0,0
School,28Q101,P.S. 101 SCHOOL IN THE GARDENS,All Grades,2018,All Students,270,618.0,15.0,5.6,45.0,16.7,88.0,32.6,122.0,45.2,210.0,77.8,0.147,0.137,0,0
School,28Q117,P.S. 117 J. KELD / BRIARWOOD SCHOOL,All Grades,2022,All Students,291,600.0,63.0,21.6,99.0,34.0,93.0,32.0,36.0,12.4,129.0,44.3,0.691,0.662,0,0
School,28Q117,P.S. 117 J. KELD / BRIARWOOD SCHOOL,All Grades,2019,All Students,387,600.0,80.0,20.7,132.0,34.1,122.0,31.5,53.0,13.7,175.0,45.2,0.691,0.662,0,0
School,28Q117,P.S. 117 J. KELD / BRIARWOOD SCHOOL,All Grades,2018,All Students,447,601.0,84.0,18.8,153.0,34.2,141.0,31.5,69.0,15.4,210.0,47.0,0.691,0.662,0,0
School,28Q121,P.S. 121 QUEENS,All Grades,2022,All Students,269,613.0,24.0,8.9,47.0,17.5,106.0,39.4,92.0,34.2,198.0,73.6,0.79,0.622,1,0
School,28Q121,P.S. 121 QUEENS,All Grades,2019,All Students,398,611.0,34.0,8.5,91.0,22.9,160.0,40.2,113.0,28.4,273.0,68.6,0.79,0.622,1,0
School,28Q121,P.S. 121 QUEENS,All Grades,2018,All Students,472,608.0,59.0,12.5,132.0,28.0,174.0,36.9,107.0,22.7,281.0,59.5,0.79,0.622,1,0
School,28Q139,P.S. 139 REGO PARK,All Grades,2022,All Students,252,602.0,48.0,19.0,77.0,30.6,75.0,29.8,52.0,20.6,127.0,50.4,0.605,0.558,0,0
School,28Q139,P.S. 139 REGO PARK,All Grades,2019,All Students,352,604.0,55.0,15.6,105.0,29.8,125.0,35.5,67.0,19.0,192.0,54.5,0.605,0.558,0,0
School,28Q139,P.S. 139 REGO PARK,All Grades,2018,All Students,335,603.0,60.0,17.9,97.0,29.0,119.0,35.5,59.0,17.6,178.0,53.1,0.605,0.558,0,0
School,28Q140,P.S. 140 EDWARD K ELLINGTON,All Grades,2022,All Students,91,603.0,6.0,6.6,39.0,42.9,41.0,45.1,5.0,5.5,46.0,50.5,0.903,0.782,1,1
School,28Q140,P.S. 140 EDWARD K ELLINGTON,All Grades,2019,All Students,120,602.0,19.0,15.8,42.0,35.0,43.0,35.8,16.0,13.3,59.0,49.2,0.903,0.782,1,1
School,28Q140,P.S. 140 EDWARD K ELLINGTON,All Grades,2018,All Students,108,605.0,15.0,13.9,32.0,29.6,46.0,42.6,15.0,13.9,61.0,56.5,0.903,0.782,1,1
School,28Q144,P.S. 144 COL JEROMUS REMSEN,All Grades,2022,All Students,320,615.0,11.0,3.4,63.0,19.7,117.0,36.6,129.0,40.3,246.0,76.9,0.221,0.21,0,0
School,28Q144,P.S. 144 COL JEROMUS REMSEN,All Grades,2019,All Students,347,611.0,39.0,11.2,73.0,21.0,118.0,34.0,117.0,33.7,235.0,67.7,0.221,0.21,0,0
School,28Q144,P.S. 144 COL JEROMUS REMSEN,All Grades,2018,All Students,361,612.0,37.0,10.2,73.0,20.2,140.0,38.8,111.0,30.7,251.0,69.5,0.221,0.21,0,0
School,28Q157,J.H.S. 157 STEPHEN A. HALSEY,All Grades,2022,All Students,1297,612.0,144.0,11.1,253.0,19.5,315.0,24.3,585.0,45.1,900.0,69.4,0.545,0.475,0,0
School,28Q157,J.H.S. 157 STEPHEN A. HALSEY,All Grades,2019,All Students,1399,609.0,235.0,16.8,289.0,20.7,333.0,23.8,542.0,38.7,875.0,62.5,0.545,0.475,0,0
School,28Q157,J.H.S. 157 STEPHEN A. HALSEY,All Grades,2018,All Students,1406,610.0,204.0,14.5,284.0,20.2,356.0,25.3,562.0,40.0,918.0,65.3,0.545,0.475,0,0
School,28Q160,P.S. 160 WALTER FRANCIS BISHOP,All Grades,2022,All Students,220,596.0,55.0,25.0,97.0,44.1,54.0,24.5,14.0,6.4,68.0,30.9,0.807,0.751,1,1
School,28Q160,P.S. 160 WALTER FRANCIS BISHOP,All Grades,2019,All Students,274,595.0,74.0,27.0,104.0,38.0,78.0,28.5,18.0,6.6,96.0,35.0,0.807,0.751,1,1
School,28Q160,P.S. 160 WALTER FRANCIS BISHOP,All Grades,2018,All Students,286,596.0,85.0,29.7,111.0,38.8,73.0,25.5,17.0,5.9,90.0,31.5,0.807,0.751,1,1
School,28Q161,P.S. 161 ARTHUR ASHE SCHOOL,All Grades,2022,All Students,196,603.0,34.0,17.3,73.0,37.2,58.0,29.6,31.0,15.8,89.0,45.4,0.854,0.723,1,1
School,28Q161,P.S. 161 ARTHUR ASHE SCHOOL,All Grades,2019,All Students,292,606.0,37.0,12.7,81.0,27.7,124.0,42.5,50.0,17.1,174.0,59.6,0.854,0.723,1,1
School,28Q161,P.S. 161 ARTHUR ASHE SCHOOL,All Grades,2018,All Students,307,607.0,35.0,11.4,94.0,30.6,119.0,38.8,59.0,19.2,178.0,58.0,0.854,0.723,1,1
School,28Q167,METROPOLITAN EXPEDITIONARY LEARNING SCHOOL,All Grades,2022,All Students,277,603.0,59.0,21.3,68.0,24.5,74.0,26.7,76.0,27.4,150.0,54.2,0.712,0.534,0,0
School,28Q167,METROPOLITAN EXPEDITIONARY LEARNING SCHOOL,All Grades,2019,All Students,357,600.0,73.0,20.4,126.0,35.3,93.0,26.1,65.0,18.2,158.0,44.3,0.712,0.534,0,0
School,28Q167,METROPOLITAN EXPEDITIONARY LEARNING SCHOOL,All Grades,2018,All Students,345,601.0,62.0,18.0,125.0,36.2,98.0,28.4,60.0,17.4,158.0,45.8,0.712,0.534,0,0
School,28Q174,P.S. 174 WILLIAM SIDNEY MOUNT,All Grades,2022,All Students,235,612.0,17.0,7.2,58.0,24.7,87.0,37.0,73.0,31.1,160.0,68.1,0.351,0.35,0,0
School,28Q174,P.S. 174 WILLIAM SIDNEY MOUNT,All Grades,2019,All Students,310,611.0,36.0,11.6,62.0,20.0,120.0,38.7,92.0,29.7,212.0,68.4,0.351,0.35,0,0
School,28Q174,P.S. 174 WILLIAM SIDNEY MOUNT,All Grades,2018,All Students,296,611.0,32.0,10.8,68.0,23.0,109.0,36.8,87.0,29.4,196.0,66.2,0.351,0.35,0,0
School,28Q175,P.S. 175 THE LYNN GROSS DISCOVERY SCHOOL,All Grades,2022,All Students,267,606.0,36.0,13.5,79.0,29.6,82.0,30.7,70.0,26.2,152.0,56.9,0.571,0.488,0,0
School,28Q175,P.S. 175 THE LYNN GROSS DISCOVERY SCHOOL,All Grades,2019,All Students,358,602.0,63.0,17.6,108.0,30.2,126.0,35.2,61.0,17.0,187.0,52.2,0.571,0.488,0,0
School,28Q175,P.S. 175 THE LYNN GROSS DISCOVERY SCHOOL,All Grades,2018,All Students,339,602.0,58.0,17.1,124.0,36.6,108.0,31.9,49.0,14.5,157.0,46.3,0.571,0.488,0,0
School,28Q182,P.S. 182 SAMANTHA SMITH,All Grades,2022,All Students,260,596.0,75.0,28.8,92.0,35.4,66.0,25.4,27.0,10.4,93.0,35.8,0.95,0.828,1,1
School,28Q182,P.S. 182 SAMANTHA SMITH,All Grades,2019,All Students,357,596.0,93.0,26.1,130.0,36.4,109.0,30.5,25.0,7.0,134.0,37.5,0.95,0.828,1,1
School,28Q182,P.S. 182 SAMANTHA SMITH,All Grades,2018,All Students,376,599.0,87.0,23.1,144.0,38.3,110.0,29.3,35.0,9.3,145.0,38.6,0.95,0.828,1,1
School,28Q190,J.H.S. 190 RUSSELL SAGE,All Grades,2022,All Students,922,610.0,127.0,13.8,175.0,19.0,236.0,25.6,384.0,41.6,620.0,67.2,0.434,0.409,0,0
School,28Q190,J.H.S. 190 RUSSELL SAGE,All Grades,2019,All Students,993,610.0,142.0,14.3,223.0,22.5,225.0,22.7,403.0,40.6,628.0,63.2,0.434,0.409,0,0
School,28Q190,J.H.S. 190 RUSSELL SAGE,All Grades,2018,All Students,968,609.0,133.0,13.7,219.0,22.6,261.0,27.0,355.0,36.7,616.0,63.6,0.434,0.409,0,0
School,28Q196,P.S. 196 GRAND CENTRAL PARKWAY,All Grades,2022,All Students,329,624.0,2.0,0.6,17.0,5.2,113.0,34.3,197.0,59.9,310.0,94.2,0.267,0.219,0,0
School,28Q196,P.S. 196 GRAND CENTRAL PARKWAY,All Grades,2019,All Students,381,622.0,2.0,0.5,35.0,9.2,146.0,38.3,198.0,52.0,344.0,90.3,0.267,0.219,0,0
School,28Q196,P.S. 196 GRAND CENTRAL PARKWAY,All Grades,2018,All Students,379,624.0,6.0,1.6,24.0,6.3,157.0,41.4,192.0,50.7,349.0,92.1,0.267,0.219,0,0
School,28Q206,P.S. 206 THE HORACE HARDING SCHOOL,All Grades,2022,All Students,212,599.0,38.0,17.9,85.0,40.1,70.0,33.0,19.0,9.0,89.0,42.0,0.769,0.681,1,0
School,28Q206,P.S. 206 THE HORACE HARDING SCHOOL,All Grades,2019,All Students,255,596.0,73.0,28.6,69.0,27.1,96.0,37.6,17.0,6.7,113.0,44.3,0.769,0.681,1,0
School,28Q206,P.S. 206 THE HORACE HARDING SCHOOL,All Grades,2018,All Students,253,597.0,67.0,26.5,80.0,31.6,87.0,34.4,19.0,7.5,106.0,41.9,0.769,0.681,1,0
School,28Q217,J.H.S. 217 ROBERT A. VAN WYCK,All Grades,2022,All Students,1268,601.0,299.0,23.6,343.0,27.1,339.0,26.7,287.0,22.6,626.0,49.4,0.725,0.746,0,1
School,28Q217,J.H.S. 217 ROBERT A. VAN WYCK,All Grades,2019,All Students,1545,598.0,462.0,29.9,449.0,29.1,339.0,21.9,295.0,19.1,634.0,41.0,0.725,0.746,0,1
School,28Q217,J.H.S. 217 ROBERT A. VAN WYCK,All Grades,2018,All Students,1544,599.0,419.0,27.1,447.0,29.0,379.0,24.5,299.0,19.4,678.0,43.9,0.725,0.746,0,1
School,28Q220,P.S. 220 EDWARD MANDEL,All Grades,2022,All Students,255,600.0,61.0,23.9,81.0,31.8,63.0,24.7,50.0,19.6,113.0,44.3,0.714,0.641,0,0
School,28Q220,P.S. 220 EDWARD MANDEL,All Grades,2019,All Students,333,601.0,79.0,23.7,92.0,27.6,104.0,31.2,58.0,17.4,162.0,48.6,0.714,0.641,0,0
School,28Q220,P.S. 220 EDWARD MANDEL,All Grades,2018,All Students,314,602.0,84.0,26.8,84.0,26.8,78.0,24.8,68.0,21.7,146.0,46.5,0.714,0.641,0,0
School,28Q284,YORK EARLY COLLEGE ACADEMY,All Grades,2022,All Students,233,607.0,27.0,11.6,70.0,30.0,61.0,26.2,75.0,32.2,136.0,58.4,0.707,0.497,0,0
School,28Q284,YORK EARLY COLLEGE ACADEMY,All Grades,2019,All Students,272,607.0,24.0,8.8,79.0,29.0,91.0,33.5,78.0,28.7,169.0,62.1,0.707,0.497,0,0
School,28Q284,YORK EARLY COLLEGE ACADEMY,All Grades,2018,All Students,278,610.0,21.0,7.6,66.0,23.7,100.0,36.0,91.0,32.7,191.0,68.7,0.707,0.497,0,0
School,28Q287,THE EMERSON SCHOOL,All Grades,2022,All Students,301,594.0,103.0,34.2,99.0,32.9,65.0,21.6,34.0,11.3,99.0,32.9,0.838,0.809,1,1
School,28Q287,THE EMERSON SCHOOL,All Grades,2019,All Students,331,594.0,111.0,33.5,111.0,33.5,67.0,20.2,42.0,12.7,109.0,32.9,0.838,0.809,1,1
School,28Q287,THE EMERSON SCHOOL,All Grades,2018,All Students,337,592.0,123.0,36.5,131.0,38.9,63.0,18.7,20.0,5.9,83.0,24.6,0.838,0.809,1,1
School,28Q303,THE ACADEMY FOR EXCELLENCE THROUGH THE ARTS,All Grades,2022,All Students,99,622.0,0.0,0.0,7.0,7.1,44.0,44.4,48.0,48.5,92.0,92.9,0.242,0.232,0,0
School,28Q303,THE ACADEMY FOR EXCELLENCE THROUGH THE ARTS,All Grades,2019,All Students,33,625.0,0.0,0.0,0.0,0.0,18.0,54.5,15.0,45.5,33.0,100.0,0.242,0.232,0,0
School,28Q303,THE ACADEMY FOR EXCELLENCE THROUGH THE ARTS,All Grades,2018,All Students,35,628.0,0.0,0.0,1.0,2.9,16.0,45.7,18.0,51.4,34.0,97.1,0.242,0.232,0,0
School,28Q310,QUEENS COLLEGIATE: A COLLEGE BOARD SCHOOL,All Grades,2022,All Students,234,607.0,33.0,14.1,59.0,25.2,60.0,25.6,82.0,35.0,142.0,60.7,0.865,0.686,1,0
School,28Q310,QUEENS COLLEGIATE: A COLLEGE BOARD SCHOOL,All Grades,2019,All Students,234,602.0,45.0,19.2,78.0,33.3,61.0,26.1,50.0,21.4,111.0,47.4,0.865,0.686,1,0
School,28Q310,QUEENS COLLEGIATE: A COLLEGE BOARD SCHOOL,All Grades,2018,All Students,237,602.0,43.0,18.1,70.0,29.5,76.0,32.1,48.0,20.3,124.0,52.3,0.865,0.686,1,0
School,28Q312,JAMAICA CHILDREN'S SCHOOL,All Grades,2022,All Students,92,592.0,33.0,35.9,33.0,35.9,23.0,25.0,3.0,3.3,26.0,28.3,0.885,0.798,1,1
School,28Q312,JAMAICA CHILDREN'S SCHOOL,All Grades,2019,All Students,64,601.0,8.0,12.5,24.0,37.5,25.0,39.1,7.0,10.9,32.0,50.0,0.885,0.798,1,1
School,28Q312,JAMAICA CHILDREN'S SCHOOL,All Grades,2018,All Students,31,600.0,4.0,12.9,10.0,32.3,16.0,51.6,1.0,3.2,17.0,54.8,0.885,0.798,1,1
School,28Q332,REDWOOD MIDDLE SCHOOL,All Grades,2022,All Students,151,601.0,32.0,21.2,55.0,36.4,35.0,23.2,29.0,19.2,64.0,42.4,0.662,0.585,0,0
School,28Q332,REDWOOD MIDDLE SCHOOL,All Grades,2019,All Students,287,590.0,119.0,41.5,106.0,36.9,41.0,14.3,21.0,7.3,62.0,21.6,0.662,0.585,0,0
School,28Q332,REDWOOD MIDDLE SCHOOL,All Grades,2018,All Students,285,594.0,91.0,31.9,112.0,39.3,63.0,22.1,19.0,6.7,82.0,28.8,0.662,0.585,0,0
School,28Q349,THE QUEENS SCHOOL FOR LEADERSHIP AND EXCELLENCE,All Grades,2022,All Students,252,594.0,80.0,31.7,79.0,31.3,69.0,27.4,24.0,9.5,93.0,36.9,0.855,0.783,1,1
School,28Q349,THE QUEENS SCHOOL FOR LEADERSHIP AND EXCELLENCE,All Grades,2019,All Students,87,601.0,13.0,14.9,30.0,34.5,37.0,42.5,7.0,8.0,44.0,50.6,0.855,0.783,1,1
School,28Q354,THE JERMAINE L. GREEN STEM INSTITUTE OF QUEENS,All Grades,2022,All Students,175,589.0,69.0,39.4,72.0,41.1,30.0,17.1,4.0,2.3,34.0,19.4,0.807,0.681,1,0
School,28Q354,THE JERMAINE L. GREEN STEM INSTITUTE OF QUEENS,All Grades,2019,All Students,201,598.0,38.0,18.9,85.0,42.3,59.0,29.4,19.0,9.5,78.0,38.8,0.807,0.681,1,0
School,28Q354,THE JERMAINE L. GREEN STEM INSTITUTE OF QUEENS,All Grades,2018,All Students,226,595.0,72.0,31.9,82.0,36.3,63.0,27.9,9.0,4.0,72.0,31.9,0.807,0.681,1,0
School,28Q358,M.S. 358,All Grades,2022,All Students,320,604.0,56.0,17.5,89.0,27.8,100.0,31.3,75.0,23.4,175.0,54.7,0.862,0.768,1,1
School,28Q358,M.S. 358,All Grades,2019,All Students,348,596.0,106.0,30.5,106.0,30.5,88.0,25.3,48.0,13.8,136.0,39.1,0.862,0.768,1,1
School,28Q358,M.S. 358,All Grades,2018,All Students,362,597.0,95.0,26.2,134.0,37.0,85.0,23.5,48.0,13.3,133.0,36.7,0.862,0.768,1,1
School,28Q680,QUEENS GATEWAY TO HEALTH SCIENCES SECONDARY SCHOOL,All Grades,2022,All Students,254,615.0,15.0,5.9,35.0,13.8,68.0,26.8,136.0,53.5,204.0,80.3,0.572,0.54,0,0
School,28Q680,QUEENS GATEWAY TO HEALTH SCIENCES SECONDARY SCHOOL,All Grades,2019,All Students,263,624.0,8.0,3.0,18.0,6.8,46.0,17.5,191.0,72.6,237.0,90.1,0.572,0.54,0,0
School,28Q680,QUEENS GATEWAY TO HEALTH SCIENCES SECONDARY SCHOOL,All Grades,2018,All Students,265,625.0,3.0,1.1,16.0,6.0,51.0,19.2,195.0,73.6,246.0,92.8,0.572,0.54,0,0
School,28Q896,"YOUNG WOMEN'S LEADERSHIP SCHOOL, QUEENS",All Grades,2022,All Students,195,616.0,11.0,5.6,26.0,13.3,57.0,29.2,101.0,51.8,158.0,81.0,0.72,0.598,0,0
School,28Q896,"YOUNG WOMEN'S LEADERSHIP SCHOOL, QUEENS",All Grades,2019,All Students,223,616.0,9.0,4.0,35.0,15.7,59.0,26.5,120.0,53.8,179.0,80.3,0.72,0.598,0,0
School,28Q896,"YOUNG WOMEN'S LEADERSHIP SCHOOL, QUEENS",All Grades,2018,All Students,226,617.0,7.0,3.1,27.0,11.9,80.0,35.4,112.0,49.6,192.0,85.0,0.72,0.598,0,0
School,29Q015,P.S. 015 JACKIE ROBINSON,All Grades,2022,All Students,156,596.0,37.0,23.7,68.0,43.6,35.0,22.4,16.0,10.3,51.0,32.7,0.764,0.66,1,0
School,29Q015,P.S. 015 JACKIE ROBINSON,All Grades,2019,All Students,191,596.0,56.0,29.3,69.0,36.1,50.0,26.2,16.0,8.4,66.0,34.6,0.764,0.66,1,0
School,29Q015,P.S. 015 JACKIE ROBINSON,All Grades,2018,All Students,203,597.0,55.0,27.1,78.0,38.4,53.0,26.1,17.0,8.4,70.0,34.5,0.764,0.66,1,0
School,29Q033,P.S. 033 EDWARD M. FUNK,All Grades,2022,All Students,337,598.0,66.0,19.6,145.0,43.0,93.0,27.6,33.0,9.8,126.0,37.4,0.771,0.609,1,0
School,29Q033,P.S. 033 EDWARD M. FUNK,All Grades,2019,All Students,443,603.0,64.0,14.4,139.0,31.4,171.0,38.6,69.0,15.6,240.0,54.2,0.771,0.609,1,0
School,29Q033,P.S. 033 EDWARD M. FUNK,All Grades,2018,All Students,443,603.0,70.0,15.8,146.0,33.0,165.0,37.2,62.0,14.0,227.0,51.2,0.771,0.609,1,0
School,29Q034,P.S. 034 JOHN HARVARD,All Grades,2022,All Students,217,595.0,66.0,30.4,70.0,32.3,63.0,29.0,18.0,8.3,81.0,37.3,0.883,0.711,1,0
School,29Q034,P.S. 034 JOHN HARVARD,All Grades,2019,All Students,276,600.0,74.0,26.8,73.0,26.4,85.0,30.8,44.0,15.9,129.0,46.7,0.883,0.711,1,0
School,29Q034,P.S. 034 JOHN HARVARD,All Grades,2018,All Students,264,600.0,71.0,26.9,80.0,30.3,68.0,25.8,45.0,17.0,113.0,42.8,0.883,0.711,1,0
School,29Q035,P.S. 035 NATHANIEL WOODHULL,All Grades,2022,All Students,260,598.0,65.0,25.0,89.0,34.2,76.0,29.2,30.0,11.5,106.0,40.8,0.837,0.731,1,1
School,29Q035,P.S. 035 NATHANIEL WOODHULL,All Grades,2019,All Students,291,596.0,79.0,27.1,99.0,34.0,93.0,32.0,20.0,6.9,113.0,38.8,0.837,0.731,1,1
School,29Q035,P.S. 035 NATHANIEL WOODHULL,All Grades,2018,All Students,284,598.0,64.0,22.5,118.0,41.5,79.0,27.8,23.0,8.1,102.0,35.9,0.837,0.731,1,1
School,29Q036,P.S. 036 SAINT ALBANS SCHOOL,All Grades,2022,All Students,127,595.0,34.0,26.8,45.0,35.4,38.0,29.9,10.0,7.9,48.0,37.8,0.699,0.7,0,0
School,29Q036,P.S. 036 SAINT ALBANS SCHOOL,All Grades,2019,All Students,200,594.0,63.0,31.5,76.0,38.0,53.0,26.5,8.0,4.0,61.0,30.5,0.699,0.7,0,0
School,29Q036,P.S. 036 SAINT ALBANS SCHOOL,All Grades,2018,All Students,211,597.0,50.0,23.7,93.0,44.1,54.0,25.6,14.0,6.6,68.0,32.2,0.699,0.7,0,0
School,29Q037,CYNTHIA JENKINS SCHOOL,All Grades,2022,All Students,142,589.0,61.0,43.0,49.0,34.5,25.0,17.6,7.0,4.9,32.0,22.5,0.824,0.735,1,1
School,29Q037,CYNTHIA JENKINS SCHOOL,All Grades,2019,All Students,224,590.0,81.0,36.2,84.0,37.5,45.0,20.1,14.0,6.3,59.0,26.3,0.824,0.735,1,1
School,29Q037,CYNTHIA JENKINS SCHOOL,All Grades,2018,All Students,217,591.0,76.0,35.0,83.0,38.2,46.0,21.2,12.0,5.5,58.0,26.7,0.824,0.735,1,1
School,29Q038,P.S. 038 ROSEDALE,All Grades,2022,All Students,115,598.0,27.0,23.5,36.0,31.3,36.0,31.3,16.0,13.9,52.0,45.2,0.714,0.522,0,0
School,29Q038,P.S. 038 ROSEDALE,All Grades,2019,All Students,127,604.0,17.0,13.4,35.0,27.6,56.0,44.1,19.0,15.0,75.0,59.1,0.714,0.522,0,0
School,29Q038,P.S. 038 ROSEDALE,All Grades,2018,All Students,125,604.0,15.0,12.0,51.0,40.8,38.0,30.4,21.0,16.8,59.0,47.2,0.714,0.522,0,0
School,29Q052,P.S. 052 QUEENS,All Grades,2022,All Students,119,588.0,52.0,43.7,47.0,39.5,16.0,13.4,4.0,3.4,20.0,16.8,0.816,0.773,1,1
School,29Q052,P.S. 052 QUEENS,All Grades,2019,All Students,174,591.0,67.0,38.5,55.0,31.6,40.0,23.0,12.0,6.9,52.0,29.9,0.816,0.773,1,1
School,29Q052,P.S. 052 QUEENS,All Grades,2018,All Students,202,595.0,73.0,36.1,60.0,29.7,50.0,24.8,19.0,9.4,69.0,34.2,0.816,0.773,1,1
School,29Q059,I.S. 059 SPRINGFIELD GARDENS,All Grades,2022,All Students,405,599.0,100.0,24.7,136.0,33.6,110.0,27.2,59.0,14.6,169.0,41.7,0.661,0.602,0,0
School,29Q059,I.S. 059 SPRINGFIELD GARDENS,All Grades,2019,All Students,563,596.0,166.0,29.5,181.0,32.1,129.0,22.9,87.0,15.5,216.0,38.4,0.661,0.602,0,0
School,29Q059,I.S. 059 SPRINGFIELD GARDENS,All Grades,2018,All Students,555,597.0,142.0,25.6,215.0,38.7,137.0,24.7,61.0,11.0,198.0,35.7,0.661,0.602,0,0
School,29Q095,P.S. 095 EASTWOOD,All Grades,2022,All Students,136,620.0,2.0,1.5,11.0,8.1,61.0,44.9,62.0,45.6,123.0,90.4,0.719,0.767,0,1
School,29Q095,P.S. 095 EASTWOOD,All Grades,2019,All Students,637,603.0,110.0,17.3,189.0,29.7,207.0,32.5,131.0,20.6,338.0,53.1,0.719,0.767,0,1
School,29Q095,P.S. 095 EASTWOOD,All Grades,2018,All Students,598,607.0,71.0,11.9,182.0,30.4,198.0,33.1,147.0,24.6,345.0,57.7,0.719,0.767,0,1
School,29Q109,JEAN NUZZI INTERMEDIATE SCHOOL,All Grades,2022,All Students,943,606.0,132.0,14.0,259.0,27.5,270.0,28.6,282.0,29.9,552.0,58.5,0.675,0.577,0,0
School,29Q109,JEAN NUZZI INTERMEDIATE SCHOOL,All Grades,2019,All Students,1119,598.0,289.0,25.8,377.0,33.7,268.0,23.9,185.0,16.5,453.0,40.5,0.675,0.577,0,0
School,29Q109,JEAN NUZZI INTERMEDIATE SCHOOL,All Grades,2018,All Students,1045,601.0,247.0,23.6,317.0,30.3,283.0,27.1,198.0,18.9,481.0,46.0,0.675,0.577,0,0
School,29Q116,P.S./I.S. 116 WILLIAM C. HUGHLEY,All Grades,2022,All Students,441,593.0,160.0,36.3,150.0,34.0,89.0,20.2,42.0,9.5,131.0,29.7,0.778,0.797,1,1
School,29Q116,P.S./I.S. 116 WILLIAM C. HUGHLEY,All Grades,2019,All Students,408,592.0,140.0,34.3,155.0,38.0,78.0,19.1,35.0,8.6,113.0,27.7,0.778,0.797,1,1
School,29Q116,P.S./I.S. 116 WILLIAM C. HUGHLEY,All Grades,2018,All Students,422,592.0,141.0,33.4,178.0,42.2,73.0,17.3,30.0,7.1,103.0,24.4,0.778,0.797,1,1
School,29Q118,P.S. 118 LORRAINE HANSBERRY,All Grades,2022,All Students,150,595.0,50.0,33.3,54.0,36.0,31.0,20.7,15.0,10.0,46.0,30.7,0.732,0.734,0,1
School,29Q118,P.S. 118 LORRAINE HANSBERRY,All Grades,2019,All Students,211,597.0,59.0,28.0,82.0,38.9,55.0,26.1,15.0,7.1,70.0,33.2,0.732,0.734,0,1
School,29Q118,P.S. 118 LORRAINE HANSBERRY,All Grades,2018,All Students,207,598.0,53.0,25.6,76.0,36.7,62.0,30.0,16.0,7.7,78.0,37.7,0.732,0.734,0,1
School,29Q131,P.S. 131 ABIGAIL ADAMS,All Grades,2022,All Students,331,608.0,42.0,12.7,85.0,25.7,102.0,30.8,102.0,30.8,204.0,61.6,0.904,0.682,1,0
School,29Q131,P.S. 131 ABIGAIL ADAMS,All Grades,2019,All Students,409,610.0,45.0,11.0,77.0,18.8,166.0,40.6,121.0,29.6,287.0,70.2,0.904,0.682,1,0
School,29Q131,P.S. 131 ABIGAIL ADAMS,All Grades,2018,All Students,427,612.0,26.0,6.1,100.0,23.4,177.0,41.5,124.0,29.0,301.0,70.5,0.904,0.682,1,0
School,29Q132,P.S. 132 RALPH BUNCHE,All Grades,2022,All Students,144,603.0,20.0,13.9,54.0,37.5,54.0,37.5,16.0,11.1,70.0,48.6,0.776,0.635,1,0
School,29Q132,P.S. 132 RALPH BUNCHE,All Grades,2019,All Students,129,602.0,11.0,8.5,44.0,34.1,65.0,50.4,9.0,7.0,74.0,57.4,0.776,0.635,1,0
School,29Q132,P.S. 132 RALPH BUNCHE,All Grades,2018,All Students,147,600.0,37.0,25.2,44.0,29.9,43.0,29.3,23.0,15.6,66.0,44.9,0.776,0.635,1,0
School,29Q134,P.S. 134 HOLLIS,All Grades,2022,All Students,150,593.0,43.0,28.7,66.0,44.0,30.0,20.0,11.0,7.3,41.0,27.3,0.729,0.728,0,1
School,29Q134,P.S. 134 HOLLIS,All Grades,2019,All Students,146,598.0,33.0,22.6,48.0,32.9,49.0,33.6,16.0,11.0,65.0,44.5,0.729,0.728,0,1
School,29Q134,P.S. 134 HOLLIS,All Grades,2018,All Students,160,596.0,44.0,27.5,65.0,40.6,39.0,24.4,12.0,7.5,51.0,31.9,0.729,0.728,0,1
School,29Q135,THE BELLAIRE SCHOOL,All Grades,2022,All Students,330,598.0,76.0,23.0,115.0,34.8,99.0,30.0,40.0,12.1,139.0,42.1,0.582,0.594,0,0
School,29Q135,THE BELLAIRE SCHOOL,All Grades,2019,All Students,409,602.0,77.0,18.8,117.0,28.6,156.0,38.1,59.0,14.4,215.0,52.6,0.582,0.594,0,0
School,29Q135,THE BELLAIRE SCHOOL,All Grades,2018,All Students,434,600.0,81.0,18.7,163.0,37.6,139.0,32.0,51.0,11.8,190.0,43.8,0.582,0.594,0,0
School,29Q136,P.S. 136 ROY WILKINS,All Grades,2022,All Students,207,596.0,61.0,29.5,73.0,35.3,62.0,30.0,11.0,5.3,73.0,35.3,0.737,0.691,0,0
School,29Q136,P.S. 136 ROY WILKINS,All Grades,2019,All Students,256,598.0,62.0,24.2,81.0,31.6,89.0,34.8,24.0,9.4,113.0,44.1,0.737,0.691,0,0
School,29Q136,P.S. 136 ROY WILKINS,All Grades,2018,All Students,278,597.0,79.0,28.4,91.0,32.7,80.0,28.8,28.0,10.1,108.0,38.8,0.737,0.691,0,0
School,29Q138,P.S./M.S. 138 SUNRISE,All Grades,2022,All Students,362,591.0,140.0,38.7,120.0,33.1,73.0,20.2,29.0,8.0,102.0,28.2,0.781,0.637,1,0
School,29Q138,P.S./M.S. 138 SUNRISE,All Grades,2019,All Students,469,596.0,126.0,26.9,189.0,40.3,110.0,23.5,44.0,9.4,154.0,32.8,0.781,0.637,1,0
School,29Q138,P.S./M.S. 138 SUNRISE,All Grades,2018,All Students,488,596.0,139.0,28.5,183.0,37.5,131.0,26.8,35.0,7.2,166.0,34.0,0.781,0.637,1,0
School,29Q147,P.S./M.S. 147 RONALD MCNAIR,All Grades,2022,All Students,252,594.0,81.0,32.1,89.0,35.3,56.0,22.2,26.0,10.3,82.0,32.5,0.717,0.592,0,0
School,29Q147,P.S./M.S. 147 RONALD MCNAIR,All Grades,2019,All Students,384,594.0,112.0,29.2,153.0,39.8,88.0,22.9,31.0,8.1,119.0,31.0,0.717,0.592,0,0
School,29Q147,P.S./M.S. 147 RONALD MCNAIR,All Grades,2018,All Students,388,595.0,123.0,31.7,145.0,37.4,86.0,22.2,34.0,8.8,120.0,30.9,0.717,0.592,0,0
School,29Q156,P.S. 156 LAURELTON,All Grades,2022,All Students,73,597.0,21.0,28.8,24.0,32.9,18.0,24.7,10.0,13.7,28.0,38.4,0.674,0.606,0,0
School,29Q156,P.S. 156 LAURELTON,All Grades,2019,All Students,120,592.0,39.0,32.5,45.0,37.5,31.0,25.8,5.0,4.2,36.0,30.0,0.674,0.606,0,0
School,29Q156,P.S. 156 LAURELTON,All Grades,2018,All Students,126,595.0,32.0,25.4,62.0,49.2,22.0,17.5,10.0,7.9,32.0,25.4,0.674,0.606,0,0
School,29Q176,P.S. 176 CAMBRIA HEIGHTS,All Grades,2022,All Students,268,611.0,18.0,6.7,73.0,27.2,98.0,36.6,79.0,29.5,177.0,66.0,0.654,0.388,0,0
School,29Q176,P.S. 176 CAMBRIA HEIGHTS,All Grades,2019,All Students,303,605.0,55.0,18.2,74.0,24.4,113.0,37.3,61.0,20.1,174.0,57.4,0.654,0.388,0,0
School,29Q176,P.S. 176 CAMBRIA HEIGHTS,All Grades,2018,All Students,327,609.0,46.0,14.1,83.0,25.4,114.0,34.9,84.0,25.7,198.0,60.6,0.654,0.388,0,0
School,29Q181,P.S. 181 BROOKFIELD,All Grades,2022,All Students,114,605.0,18.0,15.8,35.0,30.7,30.0,26.3,31.0,27.2,61.0,53.5,0.671,0.621,0,0
School,29Q181,P.S. 181 BROOKFIELD,All Grades,2019,All Students,130,602.0,18.0,13.8,42.0,32.3,51.0,39.2,19.0,14.6,70.0,53.8,0.671,0.621,0,0
School,29Q181,P.S. 181 BROOKFIELD,All Grades,2018,All Students,143,602.0,29.0,20.3,41.0,28.7,55.0,38.5,18.0,12.6,73.0,51.0,0.671,0.621,0,0
School,29Q192,I.S. 192 THE LINDEN,All Grades,2022,All Students,357,595.0,112.0,31.4,119.0,33.3,93.0,26.1,33.0,9.2,126.0,35.3,0.726,0.612,0,0
School,29Q192,I.S. 192 THE LINDEN,All Grades,2019,All Students,474,594.0,150.0,31.6,166.0,35.0,112.0,23.6,46.0,9.7,158.0,33.3,0.726,0.612,0,0
School,29Q192,I.S. 192 THE LINDEN,All Grades,2018,All Students,481,593.0,173.0,36.0,166.0,34.5,101.0,21.0,41.0,8.5,142.0,29.5,0.726,0.612,0,0
School,29Q195,P.S. 195 WILLIAM HABERLE,All Grades,2022,All Students,158,596.0,47.0,29.7,56.0,35.4,43.0,27.2,12.0,7.6,55.0,34.8,0.842,0.569,1,0
School,29Q195,P.S. 195 WILLIAM HABERLE,All Grades,2019,All Students,230,593.0,72.0,31.3,88.0,38.3,58.0,25.2,12.0,5.2,70.0,30.4,0.842,0.569,1,0
School,29Q195,P.S. 195 WILLIAM HABERLE,All Grades,2018,All Students,247,596.0,61.0,24.7,104.0,42.1,63.0,25.5,19.0,7.7,82.0,33.2,0.842,0.569,1,0
School,29Q208,P.S./I.S. 208,All Grades,2022,All Students,428,604.0,60.0,14.0,137.0,32.0,139.0,32.5,92.0,21.5,231.0,54.0,0.427,0.338,0,0
School,29Q208,P.S./I.S. 208,All Grades,2019,All Students,484,606.0,64.0,13.2,126.0,26.0,182.0,37.6,112.0,23.1,294.0,60.7,0.427,0.338,0,0
School,29Q208,P.S./I.S. 208,All Grades,2018,All Students,506,606.0,70.0,13.8,151.0,29.8,182.0,36.0,103.0,20.4,285.0,56.3,0.427,0.338,0,0
School,29Q238,I.S. 238 - SUSAN B. ANTHONY ACADEMY,All Grades,2022,All Students,934,596.0,270.0,28.9,279.0,29.9,231.0,24.7,154.0,16.5,385.0,41.2,0.839,0.743,1,1
School,29Q238,I.S. 238 - SUSAN B. ANTHONY ACADEMY,All Grades,2019,All Students,1221,592.0,448.0,36.7,390.0,31.9,246.0,20.1,137.0,11.2,383.0,31.4,0.839,0.743,1,1
School,29Q238,I.S. 238 - SUSAN B. ANTHONY ACADEMY,All Grades,2018,All Students,1301,594.0,427.0,32.8,454.0,34.9,284.0,21.8,136.0,10.5,420.0,32.3,0.839,0.743,1,1
School,29Q251,P.S. 251 QUEENS,All Grades,2022,All Students,95,606.0,11.0,11.6,24.0,25.3,39.0,41.1,21.0,22.1,60.0,63.2,0.721,0.58,0,0
School,29Q251,P.S. 251 QUEENS,All Grades,2019,All Students,169,599.0,37.0,21.9,57.0,33.7,53.0,31.4,22.0,13.0,75.0,44.4,0.721,0.58,0,0
School,29Q251,P.S. 251 QUEENS,All Grades,2018,All Students,156,602.0,25.0,16.0,63.0,40.4,49.0,31.4,19.0,12.2,68.0,43.6,0.721,0.58,0,0
School,29Q259,PATHWAYS COLLEGE PREPARATORY SCHOOL: A COLLEGE BOA,All Grades,2022,All Students,225,598.0,55.0,24.4,75.0,33.3,54.0,24.0,41.0,18.2,95.0,42.2,0.762,0.493,1,0
School,29Q259,PATHWAYS COLLEGE PREPARATORY SCHOOL: A COLLEGE BOA,All Grades,2019,All Students,229,597.0,71.0,31.0,70.0,30.6,55.0,24.0,33.0,14.4,88.0,38.4,0.762,0.493,1,0
School,29Q259,PATHWAYS COLLEGE PREPARATORY SCHOOL: A COLLEGE BOA,All Grades,2018,All Students,226,601.0,45.0,19.9,81.0,35.8,67.0,29.6,33.0,14.6,100.0,44.2,0.762,0.493,1,0
School,29Q268,P.S./I.S. 268,All Grades,2022,All Students,368,602.0,64.0,17.4,118.0,32.1,105.0,28.5,81.0,22.0,186.0,50.5,0.723,0.678,0,0
School,29Q268,P.S./I.S. 268,All Grades,2019,All Students,396,602.0,60.0,15.2,150.0,37.9,111.0,28.0,75.0,18.9,186.0,47.0,0.723,0.678,0,0
School,29Q268,P.S./I.S. 268,All Grades,2018,All Students,383,603.0,62.0,16.2,140.0,36.6,115.0,30.0,66.0,17.2,181.0,47.3,0.723,0.678,0,0
School,29Q270,THE GORDON PARKS SCHOOL,All Grades,2022,All Students,351,603.0,49.0,14.0,112.0,31.9,122.0,34.8,68.0,19.4,190.0,54.1,0.72,0.436,0,0
School,29Q270,THE GORDON PARKS SCHOOL,All Grades,2019,All Students,537,602.0,98.0,18.2,170.0,31.7,188.0,35.0,81.0,15.1,269.0,50.1,0.72,0.436,0,0
School,29Q270,THE GORDON PARKS SCHOOL,All Grades,2018,All Students,548,601.0,108.0,19.7,188.0,34.3,181.0,33.0,71.0,13.0,252.0,46.0,0.72,0.436,0,0
School,29Q283,PREPARATORY ACADEMY FOR WRITERS: A COLLEGE BOARD S,All Grades,2022,All Students,176,606.0,19.0,10.8,44.0,25.0,63.0,35.8,50.0,28.4,113.0,64.2,0.723,0.535,0,0
School,29Q283,PREPARATORY ACADEMY FOR WRITERS: A COLLEGE BOARD S,All Grades,2019,All Students,189,601.0,39.0,20.6,50.0,26.5,63.0,33.3,37.0,19.6,100.0,52.9,0.723,0.535,0,0
School,29Q283,PREPARATORY ACADEMY FOR WRITERS: A COLLEGE BOARD S,All Grades,2018,All Students,172,604.0,21.0,12.2,55.0,32.0,66.0,38.4,30.0,17.4,96.0,55.8,0.723,0.535,0,0
School,29Q289,QUEENS UNITED MIDDLE SCHOOL,All Grades,2022,All Students,166,602.0,27.0,16.3,55.0,33.1,46.0,27.7,38.0,22.9,84.0,50.6,0.7,0.579,0,0
School,29Q289,QUEENS UNITED MIDDLE SCHOOL,All Grades,2019,All Students,160,589.0,69.0,43.1,55.0,34.4,28.0,17.5,8.0,5.0,36.0,22.5,0.7,0.579,0,0
School,29Q289,QUEENS UNITED MIDDLE SCHOOL,All Grades,2018,All Students,182,594.0,59.0,32.4,75.0,41.2,27.0,14.8,21.0,11.5,48.0,26.4,0.7,0.579,0,0
School,29Q295,P.S./I.S. 295,All Grades,2022,All Students,263,608.0,32.0,12.2,69.0,26.2,87.0,33.1,75.0,28.5,162.0,61.6,0.74,0.591,1,0
School,29Q295,P.S./I.S. 295,All Grades,2019,All Students,268,607.0,20.0,7.5,88.0,32.8,105.0,39.2,55.0,20.5,160.0,59.7,0.74,0.591,1,0
School,29Q295,P.S./I.S. 295,All Grades,2018,All Students,286,609.0,24.0,8.4,88.0,30.8,94.0,32.9,80.0,28.0,174.0,60.8,0.74,0.591,1,0
School,29Q327,EAGLE ACADEMY FOR YOUNG MEN III,All Grades,2022,All Students,134,599.0,36.0,26.9,43.0,32.1,34.0,25.4,21.0,15.7,55.0,41.0,0.7,0.572,0,0
School,29Q327,EAGLE ACADEMY FOR YOUNG MEN III,All Grades,2019,All Students,184,592.0,71.0,38.6,63.0,34.2,34.0,18.5,16.0,8.7,50.0,27.2,0.7,0.572,0,0
School,29Q327,EAGLE ACADEMY FOR YOUNG MEN III,All Grades,2018,All Students,195,593.0,68.0,34.9,78.0,40.0,37.0,19.0,12.0,6.2,49.0,25.1,0.7,0.572,0,0
School,29Q355,COLLABORATIVE ARTS MIDDLE SCHOOL,All Grades,2022,All Students,348,600.0,84.0,24.1,117.0,33.6,89.0,25.6,58.0,16.7,147.0,42.2,0.815,0.632,1,0
School,29Q355,COLLABORATIVE ARTS MIDDLE SCHOOL,All Grades,2019,All Students,305,595.0,99.0,32.5,101.0,33.1,75.0,24.6,30.0,9.8,105.0,34.4,0.815,0.632,1,0
School,29Q355,COLLABORATIVE ARTS MIDDLE SCHOOL,All Grades,2018,All Students,277,592.0,95.0,34.3,109.0,39.4,51.0,18.4,22.0,7.9,73.0,26.4,0.815,0.632,1,0
School,29Q356,COMMUNITY VOICES MIDDLE SCHOOL,All Grades,2022,All Students,280,597.0,78.0,27.9,102.0,36.4,74.0,26.4,26.0,9.3,100.0,35.7,0.758,0.692,1,0
School,29Q356,COMMUNITY VOICES MIDDLE SCHOOL,All Grades,2019,All Students,341,591.0,146.0,42.8,99.0,29.0,64.0,18.8,32.0,9.4,96.0,28.2,0.758,0.692,1,0
School,29Q356,COMMUNITY VOICES MIDDLE SCHOOL,All Grades,2018,All Students,298,593.0,109.0,36.6,109.0,36.6,51.0,17.1,29.0,9.7,80.0,26.8,0.758,0.692,1,0
School,29Q360,P.S. 360,All Grades,2022,All Students,128,606.0,7.0,5.5,52.0,40.6,46.0,35.9,23.0,18.0,69.0,53.9,0.608,0.445,0,0
School,29Q360,P.S. 360,All Grades,2019,All Students,47,609.0,0.0,0.0,11.0,23.4,32.0,68.1,4.0,8.5,36.0,76.6,0.608,0.445,0,0
School,30Q002,P.S. 002 ALFRED ZIMBERG,All Grades,2022,All Students,239,606.0,31.0,13.0,56.0,23.4,92.0,38.5,60.0,25.1,152.0,63.6,0.729,0.63,0,0
School,30Q002,P.S. 002 ALFRED ZIMBERG,All Grades,2019,All Students,274,611.0,36.0,13.1,46.0,16.8,103.0,37.6,89.0,32.5,192.0,70.1,0.729,0.63,0,0
School,30Q002,P.S. 002 ALFRED ZIMBERG,All Grades,2018,All Students,294,611.0,27.0,9.2,74.0,25.2,100.0,34.0,93.0,31.6,193.0,65.6,0.729,0.63,0,0
School,30Q010,I.S. 010 HORACE GREELEY,All Grades,2022,All Students,693,606.0,86.0,12.4,194.0,28.0,214.0,30.9,199.0,28.7,413.0,59.6,0.769,0.787,1,1
School,30Q010,I.S. 010 HORACE GREELEY,All Grades,2019,All Students,749,601.0,154.0,20.6,228.0,30.4,207.0,27.6,160.0,21.4,367.0,49.0,0.769,0.787,1,1
School,30Q010,I.S. 010 HORACE GREELEY,All Grades,2018,All Students,692,602.0,116.0,16.8,225.0,32.5,213.0,30.8,138.0,19.9,351.0,50.7,0.769,0.787,1,1
School,30Q011,P.S. 011 KATHRYN PHELAN,All Grades,2022,All Students,392,606.0,76.0,19.4,110.0,28.1,93.0,23.7,113.0,28.8,206.0,52.6,0.661,0.69,0,0
School,30Q011,P.S. 011 KATHRYN PHELAN,All Grades,2019,All Students,580,602.0,123.0,21.2,153.0,26.4,172.0,29.7,132.0,22.8,304.0,52.4,0.661,0.69,0,0
School,30Q011,P.S. 011 KATHRYN PHELAN,All Grades,2018,All Students,636,605.0,121.0,19.0,160.0,25.2,204.0,32.1,151.0,23.7,355.0,55.8,0.661,0.69,0,0
School,30Q017,P.S. 017 HENRY DAVID THOREAU,All Grades,2022,All Students,213,600.0,41.0,19.2,90.0,42.3,52.0,24.4,30.0,14.1,82.0,38.5,0.713,0.765,0,1
School,30Q017,P.S. 017 HENRY DAVID THOREAU,All Grades,2019,All Students,241,594.0,82.0,34.0,83.0,34.4,55.0,22.8,21.0,8.7,76.0,31.5,0.713,0.765,0,1
School,30Q017,P.S. 017 HENRY DAVID THOREAU,All Grades,2018,All Students,225,597.0,47.0,20.9,100.0,44.4,58.0,25.8,20.0,8.9,78.0,34.7,0.713,0.765,0,1
School,30Q069,P.S. 069 JACKSON HEIGHTS,All Grades,2022,All Students,393,606.0,35.0,8.9,117.0,29.8,150.0,38.2,91.0,23.2,241.0,61.3,0.629,0.678,0,0
School,30Q069,P.S. 069 JACKSON HEIGHTS,All Grades,2019,All Students,486,606.0,59.0,12.1,142.0,29.2,189.0,38.9,96.0,19.8,285.0,58.6,0.629,0.678,0,0
School,30Q069,P.S. 069 JACKSON HEIGHTS,All Grades,2018,All Students,517,608.0,50.0,9.7,138.0,26.7,220.0,42.6,109.0,21.1,329.0,63.6,0.629,0.678,0,0
School,30Q070,P.S. 070,All Grades,2022,All Students,339,605.0,43.0,12.7,115.0,33.9,111.0,32.7,70.0,20.6,181.0,53.4,0.787,0.723,1,1
School,30Q070,P.S. 070,All Grades,2019,All Students,383,606.0,55.0,14.4,101.0,26.4,151.0,39.4,76.0,19.8,227.0,59.3,0.787,0.723,1,1
School,30Q070,P.S. 070,All Grades,2018,All Students,371,605.0,61.0,16.4,97.0,26.1,155.0,41.8,58.0,15.6,213.0,57.4,0.787,0.723,1,1
School,30Q076,P.S. 076 WILLIAM HALLET,All Grades,2022,All Students,136,594.0,40.0,29.4,51.0,37.5,37.0,27.2,8.0,5.9,45.0,33.1,0.812,0.869,1,1
School,30Q076,P.S. 076 WILLIAM HALLET,All Grades,2019,All Students,191,591.0,69.0,36.1,72.0,37.7,39.0,20.4,11.0,5.8,50.0,26.2,0.812,0.869,1,1
School,30Q076,P.S. 076 WILLIAM HALLET,All Grades,2018,All Students,187,594.0,58.0,31.0,67.0,35.8,53.0,28.3,9.0,4.8,62.0,33.2,0.812,0.869,1,1
School,30Q078,P.S./I.S. 78Q,All Grades,2022,All Students,380,615.0,28.0,7.4,55.0,14.5,131.0,34.5,166.0,43.7,297.0,78.2,0.244,0.21,0,0
School,30Q078,P.S./I.S. 78Q,All Grades,2019,All Students,370,613.0,29.0,7.8,81.0,21.9,132.0,35.7,128.0,34.6,260.0,70.3,0.244,0.21,0,0
School,30Q078,P.S./I.S. 78Q,All Grades,2018,All Students,317,612.0,16.0,5.0,67.0,21.1,140.0,44.2,94.0,29.7,234.0,73.8,0.244,0.21,0,0
School,30Q084,P.S. 084 STEINWAY,All Grades,2022,All Students,91,603.0,13.0,14.3,33.0,36.3,34.0,37.4,11.0,12.1,45.0,49.5,0.561,0.604,0,0
School,30Q084,P.S. 084 STEINWAY,All Grades,2019,All Students,118,608.0,15.0,12.7,24.0,20.3,48.0,40.7,31.0,26.3,79.0,66.9,0.561,0.604,0,0
School,30Q084,P.S. 084 STEINWAY,All Grades,2018,All Students,98,612.0,11.0,11.2,18.0,18.4,38.0,38.8,31.0,31.6,69.0,70.4,0.561,0.604,0,0
School,30Q085,P.S. 085 JUDGE CHARLES VALLONE,All Grades,2022,All Students,242,609.0,32.0,13.2,60.0,24.8,69.0,28.5,81.0,33.5,150.0,62.0,0.412,0.476,0,0
School,30Q085,P.S. 085 JUDGE CHARLES VALLONE,All Grades,2019,All Students,259,611.0,28.0,10.8,67.0,25.9,80.0,30.9,84.0,32.4,164.0,63.3,0.412,0.476,0,0
School,30Q085,P.S. 085 JUDGE CHARLES VALLONE,All Grades,2018,All Students,284,611.0,39.0,13.7,60.0,21.1,91.0,32.0,94.0,33.1,185.0,65.1,0.412,0.476,0,0
School,30Q092,P.S. 092 HARRY T. STEWART SR.,All Grades,2022,All Students,328,591.0,112.0,34.1,136.0,41.5,61.0,18.6,19.0,5.8,80.0,24.4,0.836,0.856,1,1
School,30Q092,P.S. 092 HARRY T. STEWART SR.,All Grades,2019,All Students,370,595.0,92.0,24.9,150.0,40.5,110.0,29.7,18.0,4.9,128.0,34.6,0.836,0.856,1,1
School,30Q092,P.S. 092 HARRY T. STEWART SR.,All Grades,2018,All Students,384,597.0,88.0,22.9,162.0,42.2,112.0,29.2,22.0,5.7,134.0,34.9,0.836,0.856,1,1
School,30Q111,P.S. 111 JACOB BLACKWELL,All Grades,2022,All Students,174,587.0,86.0,49.4,56.0,32.2,26.0,14.9,6.0,3.4,32.0,18.4,0.92,0.95,1,1
School,30Q111,P.S. 111 JACOB BLACKWELL,All Grades,2019,All Students,160,586.0,76.0,47.5,56.0,35.0,24.0,15.0,4.0,2.5,28.0,17.5,0.92,0.95,1,1
School,30Q111,P.S. 111 JACOB BLACKWELL,All Grades,2018,All Students,141,585.0,75.0,53.2,49.0,34.8,13.0,9.2,4.0,2.8,17.0,12.1,0.92,0.95,1,1
School,30Q112,P.S. 112 DUTCH KILLS,All Grades,2022,All Students,140,598.0,33.0,23.6,44.0,31.4,46.0,32.9,17.0,12.1,63.0,45.0,0.84,0.887,1,1
School,30Q112,P.S. 112 DUTCH KILLS,All Grades,2019,All Students,196,599.0,36.0,18.4,71.0,36.2,69.0,35.2,20.0,10.2,89.0,45.4,0.84,0.887,1,1
School,30Q112,P.S. 112 DUTCH KILLS,All Grades,2018,All Students,205,598.0,59.0,28.8,68.0,33.2,52.0,25.4,26.0,12.7,78.0,38.0,0.84,0.887,1,1
School,30Q122,P.S. 122 MAMIE FAY,All Grades,2022,All Students,690,619.0,42.0,6.1,102.0,14.8,169.0,24.5,377.0,54.6,546.0,79.1,0.488,0.488,0,0
School,30Q122,P.S. 122 MAMIE FAY,All Grades,2019,All Students,800,620.0,59.0,7.4,94.0,11.8,199.0,24.9,448.0,56.0,647.0,80.9,0.488,0.488,0,0
School,30Q122,P.S. 122 MAMIE FAY,All Grades,2018,All Students,792,619.0,59.0,7.4,110.0,13.9,208.0,26.3,415.0,52.4,623.0,78.7,0.488,0.488,0,0
School,30Q126,ALBERT SHANKER SCHOOL FOR VISUAL AND PERFORMING AR,All Grades,2022,All Students,461,607.0,73.0,15.8,114.0,24.7,114.0,24.7,160.0,34.7,274.0,59.4,0.853,0.799,1,1
School,30Q126,ALBERT SHANKER SCHOOL FOR VISUAL AND PERFORMING AR,All Grades,2019,All Students,665,601.0,172.0,25.9,172.0,25.9,135.0,20.3,186.0,28.0,321.0,48.3,0.853,0.799,1,1
School,30Q126,ALBERT SHANKER SCHOOL FOR VISUAL AND PERFORMING AR,All Grades,2018,All Students,642,601.0,165.0,25.7,175.0,27.3,143.0,22.3,159.0,24.8,302.0,47.0,0.853,0.799,1,1
School,30Q127,P.S. 127 AEROSPACE SCIENCE MAGNET SCHOOL,All Grades,2022,All Students,563,599.0,135.0,24.0,177.0,31.4,165.0,29.3,86.0,15.3,251.0,44.6,0.861,0.774,1,1
School,30Q127,P.S. 127 AEROSPACE SCIENCE MAGNET SCHOOL,All Grades,2019,All Students,785,597.0,202.0,25.7,261.0,33.2,224.0,28.5,98.0,12.5,322.0,41.0,0.861,0.774,1,1
School,30Q127,P.S. 127 AEROSPACE SCIENCE MAGNET SCHOOL,All Grades,2018,All Students,792,599.0,187.0,23.6,284.0,35.9,212.0,26.8,109.0,13.8,321.0,40.5,0.861,0.774,1,1
School,30Q141,I.S. 141 THE STEINWAY,All Grades,2022,All Students,1039,608.0,135.0,13.0,252.0,24.3,291.0,28.0,361.0,34.7,652.0,62.8,0.586,0.605,0,0
School,30Q141,I.S. 141 THE STEINWAY,All Grades,2019,All Students,1139,608.0,139.0,12.2,258.0,22.7,330.0,29.0,412.0,36.2,742.0,65.1,0.586,0.605,0,0
School,30Q141,I.S. 141 THE STEINWAY,All Grades,2018,All Students,1080,610.0,112.0,10.4,250.0,23.1,317.0,29.4,401.0,37.1,718.0,66.5,0.586,0.605,0,0
School,30Q145,I.S. 145 JOSEPH PULITZER,All Grades,2022,All Students,1425,603.0,264.0,18.5,445.0,31.2,390.0,27.4,326.0,22.9,716.0,50.2,0.903,0.804,1,1
School,30Q145,I.S. 145 JOSEPH PULITZER,All Grades,2019,All Students,1609,599.0,392.0,24.4,532.0,33.1,399.0,24.8,286.0,17.8,685.0,42.6,0.903,0.804,1,1
School,30Q145,I.S. 145 JOSEPH PULITZER,All Grades,2018,All Students,1586,599.0,364.0,23.0,571.0,36.0,402.0,25.3,249.0,15.7,651.0,41.0,0.903,0.804,1,1
School,30Q148,P.S. 148 QUEENS,All Grades,2022,All Students,259,594.0,81.0,31.3,91.0,35.1,63.0,24.3,24.0,9.3,87.0,33.6,0.77,0.806,1,1
School,30Q148,P.S. 148 QUEENS,All Grades,2019,All Students,359,597.0,97.0,27.0,124.0,34.5,102.0,28.4,36.0,10.0,138.0,38.4,0.77,0.806,1,1
School,30Q148,P.S. 148 QUEENS,All Grades,2018,All Students,422,596.0,113.0,26.8,161.0,38.2,125.0,29.6,23.0,5.5,148.0,35.1,0.77,0.806,1,1
School,30Q149,P.S. 149 CHRISTA MCAULIFFE,All Grades,2022,All Students,448,597.0,117.0,26.1,169.0,37.7,125.0,27.9,37.0,8.3,162.0,36.2,0.767,0.787,1,1
School,30Q149,P.S. 149 CHRISTA MCAULIFFE,All Grades,2019,All Students,559,595.0,158.0,28.3,187.0,33.5,178.0,31.8,36.0,6.4,214.0,38.3,0.767,0.787,1,1
School,30Q149,P.S. 149 CHRISTA MCAULIFFE,All Grades,2018,All Students,605,599.0,130.0,21.5,224.0,37.0,193.0,31.9,58.0,9.6,251.0,41.5,0.767,0.787,1,1
School,30Q150,P.S. 150 QUEENS,All Grades,2022,All Students,401,612.0,38.0,9.5,70.0,17.5,143.0,35.7,150.0,37.4,293.0,73.1,0.538,0.613,0,0
School,30Q150,P.S. 150 QUEENS,All Grades,2019,All Students,516,608.0,63.0,12.2,117.0,22.7,201.0,39.0,135.0,26.2,336.0,65.1,0.538,0.613,0,0
School,30Q150,P.S. 150 QUEENS,All Grades,2018,All Students,535,611.0,39.0,7.3,137.0,25.6,197.0,36.8,162.0,30.3,359.0,67.1,0.538,0.613,0,0
School,30Q151,P.S. 151 MARY D. CARTER,All Grades,2022,All Students,106,593.0,36.0,34.0,33.0,31.1,28.0,26.4,9.0,8.5,37.0,34.9,0.925,0.868,1,1
School,30Q151,P.S. 151 MARY D. CARTER,All Grades,2019,All Students,164,598.0,43.0,26.2,47.0,28.7,50.0,30.5,24.0,14.6,74.0,45.1,0.925,0.868,1,1
School,30Q151,P.S. 151 MARY D. CARTER,All Grades,2018,All Students,180,597.0,54.0,30.0,48.0,26.7,51.0,28.3,27.0,15.0,78.0,43.3,0.925,0.868,1,1
School,30Q152,P.S. 152 GWENDOLINE N. ALLEYNE SCHOOL,All Grades,2022,All Students,339,606.0,53.0,15.6,79.0,23.3,117.0,34.5,90.0,26.5,207.0,61.1,0.767,0.811,1,1
School,30Q152,P.S. 152 GWENDOLINE N. ALLEYNE SCHOOL,All Grades,2019,All Students,483,605.0,62.0,12.8,148.0,30.6,182.0,37.7,91.0,18.8,273.0,56.5,0.767,0.811,1,1
School,30Q152,P.S. 152 GWENDOLINE N. ALLEYNE SCHOOL,All Grades,2018,All Students,554,608.0,54.0,9.7,148.0,26.7,232.0,41.9,120.0,21.7,352.0,63.5,0.767,0.811,1,1
School,30Q166,P.S. 166 HENRY GRADSTEIN,All Grades,2022,All Students,361,606.0,55.0,15.2,94.0,26.0,124.0,34.3,88.0,24.4,212.0,58.7,0.671,0.623,0,0
School,30Q166,P.S. 166 HENRY GRADSTEIN,All Grades,2019,All Students,461,610.0,51.0,11.1,121.0,26.2,162.0,35.1,127.0,27.5,289.0,62.7,0.671,0.623,0,0
School,30Q166,P.S. 166 HENRY GRADSTEIN,All Grades,2018,All Students,540,612.0,51.0,9.4,137.0,25.4,186.0,34.4,166.0,30.7,352.0,65.2,0.671,0.623,0,0
School,30Q171,P.S. 171 PETER G. VAN ALST,All Grades,2022,All Students,150,589.0,57.0,38.0,53.0,35.3,31.0,20.7,9.0,6.0,40.0,26.7,0.929,0.879,1,1
School,30Q171,P.S. 171 PETER G. VAN ALST,All Grades,2019,All Students,210,593.0,68.0,32.4,78.0,37.1,49.0,23.3,15.0,7.1,64.0,30.5,0.929,0.879,1,1
School,30Q171,P.S. 171 PETER G. VAN ALST,All Grades,2018,All Students,234,594.0,75.0,32.1,87.0,37.2,54.0,23.1,18.0,7.7,72.0,30.8,0.929,0.879,1,1
School,30Q204,I.S. 204 OLIVER W. HOLMES,All Grades,2022,All Students,338,602.0,72.0,21.3,96.0,28.4,85.0,25.1,85.0,25.1,170.0,50.3,0.893,0.886,1,1
School,30Q204,I.S. 204 OLIVER W. HOLMES,All Grades,2019,All Students,431,596.0,138.0,32.0,128.0,29.7,111.0,25.8,54.0,12.5,165.0,38.3,0.893,0.886,1,1
School,30Q204,I.S. 204 OLIVER W. HOLMES,All Grades,2018,All Students,448,596.0,128.0,28.6,153.0,34.2,112.0,25.0,55.0,12.3,167.0,37.3,0.893,0.886,1,1
School,30Q212,P.S. 212,All Grades,2022,All Students,310,607.0,27.0,8.7,102.0,32.9,117.0,37.7,64.0,20.6,181.0,58.4,0.578,0.66,0,0
School,30Q212,P.S. 212,All Grades,2019,All Students,346,603.0,44.0,12.7,111.0,32.1,146.0,42.2,45.0,13.0,191.0,55.2,0.578,0.66,0,0
School,30Q212,P.S. 212,All Grades,2018,All Students,354,605.0,50.0,14.1,98.0,27.7,145.0,41.0,61.0,17.2,206.0,58.2,0.578,0.66,0,0
School,30Q227,I.S. 227 LOUIS ARMSTRONG,All Grades,2022,All Students,1284,614.0,69.0,5.4,258.0,20.1,410.0,31.9,547.0,42.6,957.0,74.5,0.7,0.609,0,0
School,30Q227,I.S. 227 LOUIS ARMSTRONG,All Grades,2019,All Students,1408,612.0,89.0,6.3,292.0,20.7,470.0,33.4,557.0,39.6,1027.0,72.9,0.7,0.609,0,0
School,30Q227,I.S. 227 LOUIS ARMSTRONG,All Grades,2018,All Students,1405,613.0,52.0,3.7,272.0,19.4,524.0,37.3,557.0,39.6,1081.0,76.9,0.7,0.609,0,0
School,30Q230,I.S. 230,All Grades,2022,All Students,930,609.0,114.0,12.3,188.0,20.2,278.0,29.9,350.0,37.6,628.0,67.5,0.762,0.732,1,1
School,30Q230,I.S. 230,All Grades,2019,All Students,1173,605.0,173.0,14.7,324.0,27.6,341.0,29.1,335.0,28.6,676.0,57.6,0.762,0.732,1,1
School,30Q230,I.S. 230,All Grades,2018,All Students,1215,606.0,166.0,13.7,332.0,27.3,384.0,31.6,333.0,27.4,717.0,59.0,0.762,0.732,1,1
School,30Q234,P.S. 234,All Grades,2022,All Students,154,608.0,5.0,3.2,63.0,40.9,52.0,33.8,34.0,22.1,86.0,55.8,0.801,0.736,1,1
School,30Q234,P.S. 234,All Grades,2019,All Students,224,611.0,5.0,2.2,51.0,22.8,113.0,50.4,55.0,24.6,168.0,75.0,0.801,0.736,1,1
School,30Q234,P.S. 234,All Grades,2018,All Students,247,608.0,14.0,5.7,86.0,34.8,96.0,38.9,51.0,20.6,147.0,59.5,0.801,0.736,1,1
School,30Q235,ACADEMY FOR NEW AMERICANS,All Grades,2022,All Students,44,,,,,,,,,,,,0.949,0.813,1,1
School,30Q235,ACADEMY FOR NEW AMERICANS,All Grades,2019,All Students,64,,,,,,,,,,,,0.949,0.813,1,1
School,30Q235,ACADEMY FOR NEW AMERICANS,All Grades,2018,All Students,62,,,,,,,,,,,,0.949,0.813,1,1
School,30Q280,PS280Q: HOME OF THE LIONHEARTS,All Grades,2022,All Students,259,600.0,50.0,19.3,98.0,37.8,70.0,27.0,41.0,15.8,111.0,42.9,0.95,0.832,1,1
School,30Q280,PS280Q: HOME OF THE LIONHEARTS,All Grades,2019,All Students,313,599.0,62.0,19.8,106.0,33.9,110.0,35.1,35.0,11.2,145.0,46.3,0.95,0.832,1,1
School,30Q280,PS280Q: HOME OF THE LIONHEARTS,All Grades,2018,All Students,333,600.0,64.0,19.2,126.0,37.8,104.0,31.2,39.0,11.7,143.0,42.9,0.95,0.832,1,1
School,30Q286,"YOUNG WOMEN'S LEADERSHIP SCHOOL, ASTORIA",All Grades,2022,All Students,245,616.0,18.0,7.3,36.0,14.7,59.0,24.1,132.0,53.9,191.0,78.0,0.804,0.699,1,0
School,30Q286,"YOUNG WOMEN'S LEADERSHIP SCHOOL, ASTORIA",All Grades,2019,All Students,244,610.0,24.0,9.8,45.0,18.4,83.0,34.0,92.0,37.7,175.0,71.7,0.804,0.699,1,0
School,30Q286,"YOUNG WOMEN'S LEADERSHIP SCHOOL, ASTORIA",All Grades,2018,All Students,236,611.0,15.0,6.4,43.0,18.2,101.0,42.8,77.0,32.6,178.0,75.4,0.804,0.699,1,0
School,30Q291,HUNTERS POINT COMMUNITY MIDDLE SCHOOL,All Grades,2022,All Students,341,609.0,36.0,10.6,86.0,25.2,105.0,30.8,114.0,33.4,219.0,64.2,0.543,0.558,0,0
School,30Q291,HUNTERS POINT COMMUNITY MIDDLE SCHOOL,All Grades,2019,All Students,396,607.0,62.0,15.7,91.0,23.0,121.0,30.6,122.0,30.8,243.0,61.4,0.543,0.558,0,0
School,30Q291,HUNTERS POINT COMMUNITY MIDDLE SCHOOL,All Grades,2018,All Students,391,608.0,47.0,12.0,99.0,25.3,125.0,32.0,120.0,30.7,245.0,62.7,0.543,0.558,0,0
School,30Q300,THE 30TH AVENUE SCHOOL (G&T CITYWIDE),All Grades,2022,All Students,315,629.0,0.0,0.0,8.0,2.5,55.0,17.5,252.0,80.0,307.0,97.5,0.258,0.3,0,0
School,30Q300,THE 30TH AVENUE SCHOOL (G&T CITYWIDE),All Grades,2019,All Students,327,628.0,0.0,0.0,11.0,3.4,73.0,22.3,243.0,74.3,316.0,96.6,0.258,0.3,0,0
School,30Q300,THE 30TH AVENUE SCHOOL (G&T CITYWIDE),All Grades,2018,All Students,267,631.0,2.0,0.7,3.0,1.1,59.0,22.1,203.0,76.0,262.0,98.1,0.258,0.3,0,0
School,30Q329,EAST ELMHURST COMMUNITY SCHOOL,All Grades,2022,All Students,181,602.0,25.0,13.8,66.0,36.5,64.0,35.4,26.0,14.4,90.0,49.7,0.915,0.827,1,1
School,30Q329,EAST ELMHURST COMMUNITY SCHOOL,All Grades,2019,All Students,191,599.0,36.0,18.8,66.0,34.6,69.0,36.1,20.0,10.5,89.0,46.6,0.915,0.827,1,1
School,30Q329,EAST ELMHURST COMMUNITY SCHOOL,All Grades,2018,All Students,137,602.0,19.0,13.9,41.0,29.9,58.0,42.3,19.0,13.9,77.0,56.2,0.915,0.827,1,1
School,30Q361,THE WOODSIDE COMMUNITY SCHOOL,All Grades,2022,All Students,183,607.0,22.0,12.0,50.0,27.3,74.0,40.4,37.0,20.2,111.0,60.7,0.775,0.666,1,0
School,30Q361,THE WOODSIDE COMMUNITY SCHOOL,All Grades,2019,All Students,64,611.0,2.0,3.1,17.0,26.6,34.0,53.1,11.0,17.2,45.0,70.3,0.775,0.666,1,0
School,30Q384,HUNTERS POINT ELEMENTARY SCHOOL,All Grades,2022,All Students,23,608.0,1.0,4.3,9.0,39.1,10.0,43.5,3.0,13.0,13.0,56.5,0.438,0.316,0,0
School,30Q580,BACCALAUREATE SCHOOL FOR GLOBAL EDUCATION,All Grades,2022,All Students,101,622.0,1.0,1.0,6.0,5.9,24.0,23.8,70.0,69.3,94.0,93.1,0.371,0.422,0,0
School,30Q580,BACCALAUREATE SCHOOL FOR GLOBAL EDUCATION,All Grades,2019,All Students,121,633.0,0.0,0.0,0.0,0.0,12.0,9.9,109.0,90.1,121.0,100.0,0.371,0.422,0,0
School,30Q580,BACCALAUREATE SCHOOL FOR GLOBAL EDUCATION,All Grades,2018,All Students,181,631.0,0.0,0.0,2.0,1.1,23.0,12.7,156.0,86.2,179.0,98.9,0.371,0.422,0,0
School,31R001,P.S. 001 TOTTENVILLE,All Grades,2022,All Students,171,610.0,17.0,9.9,42.0,24.6,66.0,38.6,46.0,26.9,112.0,65.5,0.408,0.358,0,0
School,31R001,P.S. 001 TOTTENVILLE,All Grades,2019,All Students,211,608.0,21.0,10.0,55.0,26.1,84.0,39.8,51.0,24.2,135.0,64.0,0.408,0.358,0,0
School,31R001,P.S. 001 TOTTENVILLE,All Grades,2018,All Students,225,607.0,23.0,10.2,71.0,31.6,86.0,38.2,45.0,20.0,131.0,58.2,0.408,0.358,0,0
School,31R002,I.S. R002 GEORGE L. EGBERT,All Grades,2022,All Students,834,606.0,115.0,13.8,246.0,29.5,223.0,26.7,250.0,30.0,473.0,56.7,0.7,0.628,0,0
School,31R002,I.S. R002 GEORGE L. EGBERT,All Grades,2019,All Students,994,601.0,221.0,22.2,303.0,30.5,247.0,24.8,223.0,22.4,470.0,47.3,0.7,0.628,0,0
School,31R002,I.S. R002 GEORGE L. EGBERT,All Grades,2018,All Students,949,604.0,180.0,19.0,268.0,28.2,276.0,29.1,225.0,23.7,501.0,52.8,0.7,0.628,0,0
School,31R003,P.S. 003 THE MARGARET GIOIOSA SCHOOL,All Grades,2022,All Students,302,613.0,12.0,4.0,64.0,21.2,129.0,42.7,97.0,32.1,226.0,74.8,0.332,0.233,0,0
School,31R003,P.S. 003 THE MARGARET GIOIOSA SCHOOL,All Grades,2019,All Students,384,611.0,31.0,8.1,85.0,22.1,154.0,40.1,114.0,29.7,268.0,69.8,0.332,0.233,0,0
School,31R003,P.S. 003 THE MARGARET GIOIOSA SCHOOL,All Grades,2018,All Students,424,610.0,40.0,9.4,108.0,25.5,177.0,41.7,99.0,23.3,276.0,65.1,0.332,0.233,0,0
School,31R004,P.S. 004 MAURICE WOLLIN,All Grades,2022,All Students,286,603.0,48.0,16.8,97.0,33.9,92.0,32.2,49.0,17.1,141.0,49.3,0.392,0.36,0,0
School,31R004,P.S. 004 MAURICE WOLLIN,All Grades,2019,All Students,299,606.0,35.0,11.7,78.0,26.1,125.0,41.8,61.0,20.4,186.0,62.2,0.392,0.36,0,0
School,31R004,P.S. 004 MAURICE WOLLIN,All Grades,2018,All Students,345,606.0,40.0,11.6,95.0,27.5,144.0,41.7,66.0,19.1,210.0,60.9,0.392,0.36,0,0
School,31R005,P.S. 005 HUGUENOT,All Grades,2022,All Students,130,620.0,0.0,0.0,9.0,6.9,59.0,45.4,62.0,47.7,121.0,93.1,0.22,0.173,0,0
School,31R005,P.S. 005 HUGUENOT,All Grades,2019,All Students,156,615.0,1.0,0.6,30.0,19.2,73.0,46.8,52.0,33.3,125.0,80.1,0.22,0.173,0,0
School,31R005,P.S. 005 HUGUENOT,All Grades,2018,All Students,133,619.0,1.0,0.8,17.0,12.8,56.0,42.1,59.0,44.4,115.0,86.5,0.22,0.173,0,0
School,31R006,P.S. 6 CORPORAL ALLAN F. KIVLEHAN SCHOOL,All Grades,2022,All Students,200,607.0,30.0,15.0,49.0,24.5,66.0,33.0,55.0,27.5,121.0,60.5,0.417,0.332,0,0
School,31R006,P.S. 6 CORPORAL ALLAN F. KIVLEHAN SCHOOL,All Grades,2019,All Students,253,605.0,41.0,16.2,60.0,23.7,107.0,42.3,45.0,17.8,152.0,60.1,0.417,0.332,0,0
School,31R006,P.S. 6 CORPORAL ALLAN F. KIVLEHAN SCHOOL,All Grades,2018,All Students,245,609.0,25.0,10.2,65.0,26.5,94.0,38.4,61.0,24.9,155.0,63.3,0.417,0.332,0,0
School,31R007,I.S. 007 ELIAS BERNSTEIN,All Grades,2022,All Students,1005,615.0,76.0,7.6,154.0,15.3,284.0,28.3,491.0,48.9,775.0,77.1,0.374,0.277,0,0
School,31R007,I.S. 007 ELIAS BERNSTEIN,All Grades,2019,All Students,1118,613.0,88.0,7.9,240.0,21.5,319.0,28.5,471.0,42.1,790.0,70.7,0.374,0.277,0,0
School,31R007,I.S. 007 ELIAS BERNSTEIN,All Grades,2018,All Students,1087,611.0,78.0,7.2,241.0,22.2,362.0,33.3,406.0,37.4,768.0,70.7,0.374,0.277,0,0
School,31R008,P.S. 8 SHIRLEE SOLOMON,All Grades,2022,All Students,239,619.0,1.0,0.4,34.0,14.2,96.0,40.2,108.0,45.2,204.0,85.4,0.364,0.299,0,0
School,31R008,P.S. 8 SHIRLEE SOLOMON,All Grades,2019,All Students,276,616.0,22.0,8.0,48.0,17.4,95.0,34.4,111.0,40.2,206.0,74.6,0.364,0.299,0,0
School,31R008,P.S. 8 SHIRLEE SOLOMON,All Grades,2018,All Students,286,616.0,10.0,3.5,56.0,19.6,120.0,42.0,100.0,35.0,220.0,76.9,0.364,0.299,0,0
School,31R009,NAPLES STREET ELEMENTARY SCHOOL,All Grades,2022,All Students,116,621.0,4.0,3.4,12.0,10.3,41.0,35.3,59.0,50.9,100.0,86.2,0.374,0.378,0,0
School,31R009,NAPLES STREET ELEMENTARY SCHOOL,All Grades,2019,All Students,163,613.0,12.0,7.4,23.0,14.1,84.0,51.5,44.0,27.0,128.0,78.5,0.374,0.378,0,0
School,31R009,NAPLES STREET ELEMENTARY SCHOOL,All Grades,2018,All Students,100,616.0,7.0,7.0,12.0,12.0,40.0,40.0,41.0,41.0,81.0,81.0,0.374,0.378,0,0
School,31R010,FORT HILL COLLABORATIVE ELEMENTARY SCHOOL,All Grades,2022,All Students,82,592.0,26.0,31.7,35.0,42.7,13.0,15.9,8.0,9.8,21.0,25.6,0.945,0.913,1,1
School,31R010,FORT HILL COLLABORATIVE ELEMENTARY SCHOOL,All Grades,2019,All Students,74,589.0,22.0,29.7,31.0,41.9,19.0,25.7,2.0,2.7,21.0,28.4,0.945,0.913,1,1
School,31R010,FORT HILL COLLABORATIVE ELEMENTARY SCHOOL,All Grades,2018,All Students,41,595.0,9.0,22.0,14.0,34.1,17.0,41.5,1.0,2.4,18.0,43.9,0.945,0.913,1,1
School,31R011,P.S. 11 THOMAS DONGAN SCHOOL,All Grades,2022,All Students,119,592.0,38.0,31.9,51.0,42.9,21.0,17.6,9.0,7.6,30.0,25.2,0.78,0.686,1,0
School,31R011,P.S. 11 THOMAS DONGAN SCHOOL,All Grades,2019,All Students,129,601.0,28.0,21.7,36.0,27.9,47.0,36.4,18.0,14.0,65.0,50.4,0.78,0.686,1,0
School,31R011,P.S. 11 THOMAS DONGAN SCHOOL,All Grades,2018,All Students,132,601.0,28.0,21.2,40.0,30.3,49.0,37.1,15.0,11.4,64.0,48.5,0.78,0.686,1,0
School,31R013,P.S. 013 M. L. LINDEMEYER,All Grades,2022,All Students,377,601.0,70.0,18.6,125.0,33.2,127.0,33.7,55.0,14.6,182.0,48.3,0.723,0.685,0,0
School,31R013,P.S. 013 M. L. LINDEMEYER,All Grades,2019,All Students,416,601.0,83.0,20.0,119.0,28.6,152.0,36.5,62.0,14.9,214.0,51.4,0.723,0.685,0,0
School,31R013,P.S. 013 M. L. LINDEMEYER,All Grades,2018,All Students,429,602.0,82.0,19.1,130.0,30.3,169.0,39.4,48.0,11.2,217.0,50.6,0.723,0.685,0,0
School,31R016,P.S. 016 JOHN J. DRISCOLL,All Grades,2022,All Students,177,586.0,78.0,44.1,68.0,38.4,25.0,14.1,6.0,3.4,31.0,17.5,0.95,0.923,1,1
School,31R016,P.S. 016 JOHN J. DRISCOLL,All Grades,2019,All Students,232,590.0,93.0,40.1,86.0,37.1,43.0,18.5,10.0,4.3,53.0,22.8,0.95,0.923,1,1
School,31R016,P.S. 016 JOHN J. DRISCOLL,All Grades,2018,All Students,266,590.0,112.0,42.1,94.0,35.3,52.0,19.5,8.0,3.0,60.0,22.6,0.95,0.923,1,1
School,31R018,P.S. 018 JOHN G. WHITTIER,All Grades,2022,All Students,184,588.0,86.0,46.7,62.0,33.7,30.0,16.3,6.0,3.3,36.0,19.6,0.912,0.937,1,1
School,31R018,P.S. 018 JOHN G. WHITTIER,All Grades,2019,All Students,221,595.0,60.0,27.1,81.0,36.7,66.0,29.9,14.0,6.3,80.0,36.2,0.912,0.937,1,1
School,31R018,P.S. 018 JOHN G. WHITTIER,All Grades,2018,All Students,235,597.0,68.0,28.9,84.0,35.7,65.0,27.7,18.0,7.7,83.0,35.3,0.912,0.937,1,1
School,31R019,P.S. 019 THE CURTIS SCHOOL,All Grades,2022,All Students,203,596.0,54.0,26.6,83.0,40.9,52.0,25.6,14.0,6.9,66.0,32.5,0.863,0.844,1,1
School,31R019,P.S. 019 THE CURTIS SCHOOL,All Grades,2019,All Students,257,594.0,83.0,32.3,92.0,35.8,67.0,26.1,15.0,5.8,82.0,31.9,0.863,0.844,1,1
School,31R019,P.S. 019 THE CURTIS SCHOOL,All Grades,2018,All Students,279,595.0,92.0,33.0,93.0,33.3,73.0,26.2,21.0,7.5,94.0,33.7,0.863,0.844,1,1
School,31R020,P.S. 020 PORT RICHMOND,All Grades,2022,All Students,203,579.0,139.0,68.5,49.0,24.1,12.0,5.9,3.0,1.5,15.0,7.4,0.945,0.92,1,1
School,31R020,P.S. 020 PORT RICHMOND,All Grades,2019,All Students,231,592.0,75.0,32.5,83.0,35.9,61.0,26.4,12.0,5.2,73.0,31.6,0.945,0.92,1,1
School,31R020,P.S. 020 PORT RICHMOND,All Grades,2018,All Students,246,596.0,74.0,30.1,88.0,35.8,59.0,24.0,25.0,10.2,84.0,34.1,0.945,0.92,1,1
School,31R021,P.S. 21 MARGARET EMERY-ELM PARK,All Grades,2022,All Students,131,603.0,26.0,19.8,36.0,27.5,47.0,35.9,22.0,16.8,69.0,52.7,0.853,0.876,1,1
School,31R021,P.S. 21 MARGARET EMERY-ELM PARK,All Grades,2019,All Students,169,599.0,37.0,21.9,58.0,34.3,56.0,33.1,18.0,10.7,74.0,43.8,0.853,0.876,1,1
School,31R021,P.S. 21 MARGARET EMERY-ELM PARK,All Grades,2018,All Students,183,597.0,40.0,21.9,76.0,41.5,55.0,30.1,12.0,6.6,67.0,36.6,0.853,0.876,1,1
School,31R022,P.S. 022 GRANITEVILLE,All Grades,2022,All Students,342,593.0,116.0,33.9,120.0,35.1,84.0,24.6,22.0,6.4,106.0,31.0,0.864,0.788,1,1
School,31R022,P.S. 022 GRANITEVILLE,All Grades,2019,All Students,463,595.0,132.0,28.5,154.0,33.3,136.0,29.4,41.0,8.9,177.0,38.2,0.864,0.788,1,1
School,31R022,P.S. 022 GRANITEVILLE,All Grades,2018,All Students,464,598.0,123.0,26.5,153.0,33.0,140.0,30.2,48.0,10.3,188.0,40.5,0.864,0.788,1,1
School,31R023,P.S. 023 RICHMONDTOWN,All Grades,2022,All Students,261,611.0,19.0,7.3,55.0,21.1,97.0,37.2,90.0,34.5,187.0,71.6,0.365,0.336,0,0
School,31R023,P.S. 023 RICHMONDTOWN,All Grades,2019,All Students,262,610.0,27.0,10.3,50.0,19.1,110.0,42.0,75.0,28.6,185.0,70.6,0.365,0.336,0,0
School,31R023,P.S. 023 RICHMONDTOWN,All Grades,2018,All Students,252,610.0,21.0,8.3,66.0,26.2,102.0,40.5,63.0,25.0,165.0,65.5,0.365,0.336,0,0
School,31R024,I.S. 024 MYRA S. BARNES,All Grades,2022,All Students,1036,613.0,75.0,7.2,185.0,17.9,314.0,30.3,462.0,44.6,776.0,74.9,0.453,0.348,0,0
School,31R024,I.S. 024 MYRA S. BARNES,All Grades,2019,All Students,1269,608.0,168.0,13.2,288.0,22.7,354.0,27.9,459.0,36.2,813.0,64.1,0.453,0.348,0,0
School,31R024,I.S. 024 MYRA S. BARNES,All Grades,2018,All Students,1208,609.0,130.0,10.8,322.0,26.7,360.0,29.8,396.0,32.8,756.0,62.6,0.453,0.348,0,0
School,31R026,P.S. 026 THE CARTERET SCHOOL,All Grades,2022,All Students,130,604.0,21.0,16.2,33.0,25.4,59.0,45.4,17.0,13.1,76.0,58.5,0.477,0.431,0,0
School,31R026,P.S. 026 THE CARTERET SCHOOL,All Grades,2019,All Students,118,605.0,13.0,11.0,39.0,33.1,50.0,42.4,16.0,13.6,66.0,55.9,0.477,0.431,0,0
School,31R026,P.S. 026 THE CARTERET SCHOOL,All Grades,2018,All Students,94,611.0,5.0,5.3,26.0,27.7,46.0,48.9,17.0,18.1,63.0,67.0,0.477,0.431,0,0
School,31R027,I.S. 027 ANNING S. PRALL,All Grades,2022,All Students,906,604.0,176.0,19.4,234.0,25.8,250.0,27.6,246.0,27.2,496.0,54.7,0.737,0.665,0,0
School,31R027,I.S. 027 ANNING S. PRALL,All Grades,2019,All Students,978,604.0,212.0,21.7,245.0,25.1,231.0,23.6,290.0,29.7,521.0,53.3,0.737,0.665,0,0
School,31R027,I.S. 027 ANNING S. PRALL,All Grades,2018,All Students,887,606.0,131.0,14.8,266.0,30.0,229.0,25.8,261.0,29.4,490.0,55.2,0.737,0.665,0,0
School,31R028,THE EAGLE ACADEMY FOR YOUNG MEN OF STATEN ISLAND,All Grades,2022,All Students,192,593.0,69.0,35.9,62.0,32.3,44.0,22.9,17.0,8.9,61.0,31.8,0.811,0.776,1,1
School,31R028,THE EAGLE ACADEMY FOR YOUNG MEN OF STATEN ISLAND,All Grades,2019,All Students,207,592.0,76.0,36.7,69.0,33.3,46.0,22.2,16.0,7.7,62.0,30.0,0.811,0.776,1,1
School,31R028,THE EAGLE ACADEMY FOR YOUNG MEN OF STATEN ISLAND,All Grades,2018,All Students,206,595.0,57.0,27.7,92.0,44.7,43.0,20.9,14.0,6.8,57.0,27.7,0.811,0.776,1,1
School,31R029,P.S. 029 BARDWELL,All Grades,2022,All Students,239,608.0,21.0,8.8,65.0,27.2,95.0,39.7,58.0,24.3,153.0,64.0,0.535,0.42,0,0
School,31R029,P.S. 029 BARDWELL,All Grades,2019,All Students,277,606.0,30.0,10.8,69.0,24.9,126.0,45.5,52.0,18.8,178.0,64.3,0.535,0.42,0,0
School,31R029,P.S. 029 BARDWELL,All Grades,2018,All Students,303,608.0,44.0,14.5,76.0,25.1,114.0,37.6,69.0,22.8,183.0,60.4,0.535,0.42,0,0
School,31R030,P.S. 030 WESTERLEIGH,All Grades,2022,All Students,303,606.0,33.0,10.9,90.0,29.7,114.0,37.6,66.0,21.8,180.0,59.4,0.396,0.323,0,0
School,31R030,P.S. 030 WESTERLEIGH,All Grades,2019,All Students,398,605.0,57.0,14.3,90.0,22.6,176.0,44.2,75.0,18.8,251.0,63.1,0.396,0.323,0,0
School,31R030,P.S. 030 WESTERLEIGH,All Grades,2018,All Students,370,609.0,44.0,11.9,85.0,23.0,155.0,41.9,86.0,23.2,241.0,65.1,0.396,0.323,0,0
School,31R031,P.S. 031 WILLIAM T. DAVIS,All Grades,2022,All Students,153,582.0,87.0,56.9,50.0,32.7,15.0,9.8,1.0,0.7,16.0,10.5,0.933,0.946,1,1
School,31R031,P.S. 031 WILLIAM T. DAVIS,All Grades,2019,All Students,173,585.0,83.0,48.0,54.0,31.2,30.0,17.3,6.0,3.5,36.0,20.8,0.933,0.946,1,1
School,31R031,P.S. 031 WILLIAM T. DAVIS,All Grades,2018,All Students,203,587.0,104.0,51.2,62.0,30.5,29.0,14.3,8.0,3.9,37.0,18.2,0.933,0.946,1,1
School,31R032,P.S. 032 THE GIFFORD SCHOOL,All Grades,2022,All Students,274,609.0,20.0,7.3,67.0,24.5,117.0,42.7,70.0,25.5,187.0,68.2,0.351,0.316,0,0
School,31R032,P.S. 032 THE GIFFORD SCHOOL,All Grades,2019,All Students,296,609.0,37.0,12.5,67.0,22.6,108.0,36.5,84.0,28.4,192.0,64.9,0.351,0.316,0,0
School,31R032,P.S. 032 THE GIFFORD SCHOOL,All Grades,2018,All Students,282,609.0,31.0,11.0,71.0,25.2,109.0,38.7,71.0,25.2,180.0,63.8,0.351,0.316,0,0
School,31R034,I.S. 034 TOTTENVILLE,All Grades,2022,All Students,766,613.0,47.0,6.1,159.0,20.8,231.0,30.2,329.0,43.0,560.0,73.1,0.386,0.274,0,0
School,31R034,I.S. 034 TOTTENVILLE,All Grades,2019,All Students,1012,609.0,105.0,10.4,285.0,28.2,272.0,26.9,350.0,34.6,622.0,61.5,0.386,0.274,0,0
School,31R034,I.S. 034 TOTTENVILLE,All Grades,2018,All Students,1039,609.0,104.0,10.0,269.0,25.9,319.0,30.7,347.0,33.4,666.0,64.1,0.386,0.274,0,0
School,31R035,P.S. 35 THE CLOVE VALLEY SCHOOL,All Grades,2022,All Students,208,619.0,6.0,2.9,24.0,11.5,88.0,42.3,90.0,43.3,178.0,85.6,0.355,0.331,0,0
School,31R035,P.S. 35 THE CLOVE VALLEY SCHOOL,All Grades,2019,All Students,188,615.0,4.0,2.1,36.0,19.1,86.0,45.7,62.0,33.0,148.0,78.7,0.355,0.331,0,0
School,31R035,P.S. 35 THE CLOVE VALLEY SCHOOL,All Grades,2018,All Students,203,617.0,5.0,2.5,29.0,14.3,102.0,50.2,67.0,33.0,169.0,83.3,0.355,0.331,0,0
School,31R036,P.S. 036 J. C. DRUMGOOLE,All Grades,2022,All Students,342,606.0,46.0,13.5,83.0,24.3,143.0,41.8,70.0,20.5,213.0,62.3,0.376,0.283,0,0
School,31R036,P.S. 036 J. C. DRUMGOOLE,All Grades,2019,All Students,363,604.0,39.0,10.7,121.0,33.3,156.0,43.0,47.0,12.9,203.0,55.9,0.376,0.283,0,0
School,31R036,P.S. 036 J. C. DRUMGOOLE,All Grades,2018,All Students,384,608.0,39.0,10.2,106.0,27.6,153.0,39.8,86.0,22.4,239.0,62.2,0.376,0.283,0,0
School,31R038,P.S. 038 GEORGE CROMWELL,All Grades,2022,All Students,138,599.0,25.0,18.1,56.0,40.6,41.0,29.7,16.0,11.6,57.0,41.3,0.701,0.629,0,0
School,31R038,P.S. 038 GEORGE CROMWELL,All Grades,2019,All Students,169,597.0,45.0,26.6,60.0,35.5,51.0,30.2,13.0,7.7,64.0,37.9,0.701,0.629,0,0
School,31R038,P.S. 038 GEORGE CROMWELL,All Grades,2018,All Students,167,600.0,28.0,16.8,69.0,41.3,52.0,31.1,18.0,10.8,70.0,41.9,0.701,0.629,0,0
School,31R039,P.S. 39 FRANCIS J. MURPHY JR.,All Grades,2022,All Students,222,601.0,46.0,20.7,64.0,28.8,77.0,34.7,35.0,15.8,112.0,50.5,0.661,0.655,0,0
School,31R039,P.S. 39 FRANCIS J. MURPHY JR.,All Grades,2019,All Students,253,597.0,63.0,24.9,81.0,32.0,88.0,34.8,21.0,8.3,109.0,43.1,0.661,0.655,0,0
School,31R039,P.S. 39 FRANCIS J. MURPHY JR.,All Grades,2018,All Students,251,600.0,50.0,19.9,89.0,35.5,84.0,33.5,28.0,11.2,112.0,44.6,0.661,0.655,0,0
School,31R041,THE STEPHANIE A. VIERNO SCHOOL,All Grades,2022,All Students,312,601.0,61.0,19.6,108.0,34.6,90.0,28.8,53.0,17.0,143.0,45.8,0.668,0.556,0,0
School,31R041,THE STEPHANIE A. VIERNO SCHOOL,All Grades,2019,All Students,355,604.0,60.0,16.9,100.0,28.2,135.0,38.0,60.0,16.9,195.0,54.9,0.668,0.556,0,0
School,31R041,THE STEPHANIE A. VIERNO SCHOOL,All Grades,2018,All Students,326,606.0,39.0,12.0,93.0,28.5,129.0,39.6,65.0,19.9,194.0,59.5,0.668,0.556,0,0
School,31R042,P.S. 042 ELTINGVILLE,All Grades,2022,All Students,479,608.0,51.0,10.6,127.0,26.5,171.0,35.7,130.0,27.1,301.0,62.8,0.333,0.322,0,0
School,31R042,P.S. 042 ELTINGVILLE,All Grades,2019,All Students,508,605.0,73.0,14.4,129.0,25.4,203.0,40.0,103.0,20.3,306.0,60.2,0.333,0.322,0,0
School,31R042,P.S. 042 ELTINGVILLE,All Grades,2018,All Students,469,609.0,48.0,10.2,124.0,26.4,185.0,39.4,112.0,23.9,297.0,63.3,0.333,0.322,0,0
School,31R044,P.S. 044 THOMAS C. BROWN,All Grades,2022,All Students,268,587.0,116.0,43.3,114.0,42.5,34.0,12.7,4.0,1.5,38.0,14.2,0.942,0.922,1,1
School,31R044,P.S. 044 THOMAS C. BROWN,All Grades,2019,All Students,353,585.0,175.0,49.6,128.0,36.3,39.0,11.0,11.0,3.1,50.0,14.2,0.942,0.922,1,1
School,31R044,P.S. 044 THOMAS C. BROWN,All Grades,2018,All Students,362,587.0,168.0,46.4,138.0,38.1,47.0,13.0,9.0,2.5,56.0,15.5,0.942,0.922,1,1
School,31R045,P.S. 045 JOHN TYLER,All Grades,2022,All Students,389,600.0,74.0,19.0,146.0,37.5,120.0,30.8,49.0,12.6,169.0,43.4,0.711,0.657,0,0
School,31R045,P.S. 045 JOHN TYLER,All Grades,2019,All Students,389,598.0,89.0,22.9,138.0,35.5,126.0,32.4,36.0,9.3,162.0,41.6,0.711,0.657,0,0
School,31R045,P.S. 045 JOHN TYLER,All Grades,2018,All Students,397,600.0,95.0,23.9,124.0,31.2,127.0,32.0,51.0,12.8,178.0,44.8,0.711,0.657,0,0
School,31R046,P.S. 046 ALBERT V. MANISCALCO,All Grades,2022,All Students,85,591.0,33.0,38.8,30.0,35.3,17.0,20.0,5.0,5.9,22.0,25.9,0.844,0.674,1,0
School,31R046,P.S. 046 ALBERT V. MANISCALCO,All Grades,2019,All Students,116,594.0,31.0,26.7,49.0,42.2,30.0,25.9,6.0,5.2,36.0,31.0,0.844,0.674,1,0
School,31R046,P.S. 046 ALBERT V. MANISCALCO,All Grades,2018,All Students,139,596.0,35.0,25.2,60.0,43.2,36.0,25.9,8.0,5.8,44.0,31.7,0.844,0.674,1,0
School,31R048,P.S. 048 WILLIAM G. WILCOX,All Grades,2022,All Students,594,609.0,55.0,9.3,133.0,22.4,230.0,38.7,176.0,29.6,406.0,68.4,0.455,0.395,0,0
School,31R048,P.S. 048 WILLIAM G. WILCOX,All Grades,2019,All Students,646,610.0,75.0,11.6,145.0,22.4,234.0,36.2,192.0,29.7,426.0,65.9,0.455,0.395,0,0
School,31R048,P.S. 048 WILLIAM G. WILCOX,All Grades,2018,All Students,621,611.0,52.0,8.4,135.0,21.7,223.0,35.9,211.0,34.0,434.0,69.9,0.455,0.395,0,0
School,31R049,I.S. 49 BERTA A. DREYFUS,All Grades,2022,All Students,499,594.0,182.0,36.5,153.0,30.7,108.0,21.6,56.0,11.2,164.0,32.9,0.91,0.881,1,1
School,31R049,I.S. 49 BERTA A. DREYFUS,All Grades,2019,All Students,510,591.0,205.0,40.2,165.0,32.4,85.0,16.7,55.0,10.8,140.0,27.5,0.91,0.881,1,1
School,31R049,I.S. 49 BERTA A. DREYFUS,All Grades,2018,All Students,588,592.0,211.0,35.9,219.0,37.2,112.0,19.0,46.0,7.8,158.0,26.9,0.91,0.881,1,1
School,31R050,P.S. 050 FRANK HANKINSON,All Grades,2022,All Students,272,618.0,9.0,3.3,49.0,18.0,88.0,32.4,126.0,46.3,214.0,78.7,0.51,0.339,0,0
School,31R050,P.S. 050 FRANK HANKINSON,All Grades,2019,All Students,355,616.0,19.0,5.4,57.0,16.1,142.0,40.0,137.0,38.6,279.0,78.6,0.51,0.339,0,0
School,31R050,P.S. 050 FRANK HANKINSON,All Grades,2018,All Students,407,615.0,30.0,7.4,67.0,16.5,149.0,36.6,161.0,39.6,310.0,76.2,0.51,0.339,0,0
School,31R051,I.S. 051 EDWIN MARKHAM,All Grades,2022,All Students,1171,597.0,345.0,29.5,323.0,27.6,308.0,26.3,195.0,16.7,503.0,43.0,0.786,0.722,1,1
School,31R051,I.S. 051 EDWIN MARKHAM,All Grades,2019,All Students,1259,596.0,378.0,30.0,420.0,33.4,272.0,21.6,189.0,15.0,461.0,36.6,0.786,0.722,1,1
School,31R051,I.S. 051 EDWIN MARKHAM,All Grades,2018,All Students,1219,596.0,358.0,29.4,424.0,34.8,270.0,22.1,167.0,13.7,437.0,35.8,0.786,0.722,1,1
School,31R052,P.S. 052 JOHN C. THOMPSON,All Grades,2022,All Students,243,606.0,27.0,11.1,76.0,31.3,91.0,37.4,49.0,20.2,140.0,57.6,0.628,0.534,0,0
School,31R052,P.S. 052 JOHN C. THOMPSON,All Grades,2019,All Students,228,608.0,20.0,8.8,59.0,25.9,103.0,45.2,46.0,20.2,149.0,65.4,0.628,0.534,0,0
School,31R052,P.S. 052 JOHN C. THOMPSON,All Grades,2018,All Students,215,608.0,29.0,13.5,45.0,20.9,97.0,45.1,44.0,20.5,141.0,65.6,0.628,0.534,0,0
School,31R053,THE BARBARA ESSELBORN SCHOOL,All Grades,2022,All Students,345,614.0,22.0,6.4,67.0,19.4,123.0,35.7,133.0,38.6,256.0,74.2,0.383,0.319,0,0
School,31R053,THE BARBARA ESSELBORN SCHOOL,All Grades,2019,All Students,361,609.0,38.0,10.5,79.0,21.9,141.0,39.1,103.0,28.5,244.0,67.6,0.383,0.319,0,0
School,31R053,THE BARBARA ESSELBORN SCHOOL,All Grades,2018,All Students,348,613.0,24.0,6.9,84.0,24.1,139.0,39.9,101.0,29.0,240.0,69.0,0.383,0.319,0,0
School,31R054,P.S. 054 CHARLES W. LENG,All Grades,2022,All Students,341,607.0,38.0,11.1,97.0,28.4,119.0,34.9,87.0,25.5,206.0,60.4,0.62,0.508,0,0
School,31R054,P.S. 054 CHARLES W. LENG,All Grades,2019,All Students,344,609.0,34.0,9.9,86.0,25.0,139.0,40.4,85.0,24.7,224.0,65.1,0.62,0.508,0,0
School,31R054,P.S. 054 CHARLES W. LENG,All Grades,2018,All Students,356,608.0,47.0,13.2,93.0,26.1,142.0,39.9,74.0,20.8,216.0,60.7,0.62,0.508,0,0
School,31R055,P.S. 055 HENRY M. BOEHM,All Grades,2022,All Students,229,606.0,18.0,7.9,82.0,35.8,96.0,41.9,33.0,14.4,129.0,56.3,0.357,0.287,0,0
School,31R055,P.S. 055 HENRY M. BOEHM,All Grades,2019,All Students,264,605.0,34.0,12.9,80.0,30.3,99.0,37.5,51.0,19.3,150.0,56.8,0.357,0.287,0,0
School,31R055,P.S. 055 HENRY M. BOEHM,All Grades,2018,All Students,281,608.0,22.0,7.8,91.0,32.4,113.0,40.2,55.0,19.6,168.0,59.8,0.357,0.287,0,0
School,31R056,P.S. 56 THE LOUIS DESARIO SCHOOL,All Grades,2022,All Students,252,613.0,20.0,7.9,55.0,21.8,88.0,34.9,89.0,35.3,177.0,70.2,0.322,0.281,0,0
School,31R056,P.S. 56 THE LOUIS DESARIO SCHOOL,All Grades,2019,All Students,233,608.0,34.0,14.6,51.0,21.9,92.0,39.5,56.0,24.0,148.0,63.5,0.322,0.281,0,0
School,31R056,P.S. 56 THE LOUIS DESARIO SCHOOL,All Grades,2018,All Students,284,609.0,34.0,12.0,69.0,24.3,118.0,41.5,63.0,22.2,181.0,63.7,0.322,0.281,0,0
School,31R057,P.S. 057 HUBERT H. HUMPHREY,All Grades,2022,All Students,224,589.0,96.0,42.9,80.0,35.7,33.0,14.7,15.0,6.7,48.0,21.4,0.892,0.909,1,1
School,31R057,P.S. 057 HUBERT H. HUMPHREY,All Grades,2019,All Students,281,591.0,108.0,38.4,94.0,33.5,58.0,20.6,21.0,7.5,79.0,28.1,0.892,0.909,1,1
School,31R057,P.S. 057 HUBERT H. HUMPHREY,All Grades,2018,All Students,312,590.0,130.0,41.7,106.0,34.0,59.0,18.9,17.0,5.4,76.0,24.4,0.892,0.909,1,1
School,31R058,SPACE SHUTTLE COLUMBIA SCHOOL,All Grades,2022,All Students,312,602.0,42.0,13.5,116.0,37.2,120.0,38.5,34.0,10.9,154.0,49.4,0.53,0.464,0,0
School,31R058,SPACE SHUTTLE COLUMBIA SCHOOL,All Grades,2019,All Students,316,604.0,49.0,15.5,83.0,26.3,127.0,40.2,57.0,18.0,184.0,58.2,0.53,0.464,0,0
School,31R058,SPACE SHUTTLE COLUMBIA SCHOOL,All Grades,2018,All Students,335,605.0,45.0,13.4,111.0,33.1,118.0,35.2,61.0,18.2,179.0,53.4,0.53,0.464,0,0
School,31R059,THE HARBOR VIEW SCHOOL,All Grades,2022,All Students,97,599.0,22.0,22.7,36.0,37.1,26.0,26.8,13.0,13.4,39.0,40.2,0.621,0.613,0,0
School,31R059,THE HARBOR VIEW SCHOOL,All Grades,2019,All Students,115,600.0,24.0,20.9,40.0,34.8,36.0,31.3,15.0,13.0,51.0,44.3,0.621,0.613,0,0
School,31R059,THE HARBOR VIEW SCHOOL,All Grades,2018,All Students,83,603.0,10.0,12.0,23.0,27.7,41.0,49.4,9.0,10.8,50.0,60.2,0.621,0.613,0,0
School,31R060,P.S. 060 ALICE AUSTEN,All Grades,2022,All Students,335,598.0,83.0,24.8,114.0,34.0,100.0,29.9,38.0,11.3,138.0,41.2,0.6,0.441,0,0
School,31R060,P.S. 060 ALICE AUSTEN,All Grades,2019,All Students,436,603.0,99.0,22.7,105.0,24.1,158.0,36.2,74.0,17.0,232.0,53.2,0.6,0.441,0,0
School,31R060,P.S. 060 ALICE AUSTEN,All Grades,2018,All Students,445,600.0,104.0,23.4,139.0,31.2,145.0,32.6,57.0,12.8,202.0,45.4,0.6,0.441,0,0
School,31R061,I.S. 061 WILLIAM A MORRIS,All Grades,2022,All Students,893,596.0,267.0,29.9,286.0,32.0,228.0,25.5,112.0,12.5,340.0,38.1,0.793,0.802,1,1
School,31R061,I.S. 061 WILLIAM A MORRIS,All Grades,2019,All Students,912,595.0,312.0,34.2,288.0,31.6,187.0,20.5,125.0,13.7,312.0,34.2,0.793,0.802,1,1
School,31R061,I.S. 061 WILLIAM A MORRIS,All Grades,2018,All Students,940,596.0,310.0,33.0,300.0,31.9,206.0,21.9,124.0,13.2,330.0,35.1,0.793,0.802,1,1
School,31R062,THE KATHLEEN GRIMM SCHOOL FOR LEADERSHIP AND SUSTA,All Grades,2022,All Students,200,615.0,4.0,2.0,43.0,21.5,82.0,41.0,71.0,35.5,153.0,76.5,0.284,0.226,0,0
School,31R062,THE KATHLEEN GRIMM SCHOOL FOR LEADERSHIP AND SUSTA,All Grades,2019,All Students,52,611.0,3.0,5.8,10.0,19.2,28.0,53.8,11.0,21.2,39.0,75.0,0.284,0.226,0,0
School,31R063,MARSH AVENUE SCHOOL FOR EXPEDITIONARY LEARNING,All Grades,2022,All Students,439,608.0,49.0,11.2,104.0,23.7,146.0,33.3,140.0,31.9,286.0,65.1,0.464,0.379,0,0
School,31R063,MARSH AVENUE SCHOOL FOR EXPEDITIONARY LEARNING,All Grades,2019,All Students,445,607.0,62.0,13.9,90.0,20.2,165.0,37.1,128.0,28.8,293.0,65.8,0.464,0.379,0,0
School,31R063,MARSH AVENUE SCHOOL FOR EXPEDITIONARY LEARNING,All Grades,2018,All Students,455,610.0,39.0,8.6,114.0,25.1,150.0,33.0,152.0,33.4,302.0,66.4,0.464,0.379,0,0
School,31R065,P.S. 65 THE ACADEMY OF INNOVATIVE LEARNING,All Grades,2022,All Students,171,607.0,19.0,11.1,50.0,29.2,62.0,36.3,40.0,23.4,102.0,59.6,0.65,0.606,0,0
School,31R065,P.S. 65 THE ACADEMY OF INNOVATIVE LEARNING,All Grades,2019,All Students,200,607.0,22.0,11.0,54.0,27.0,80.0,40.0,44.0,22.0,124.0,62.0,0.65,0.606,0,0
School,31R065,P.S. 65 THE ACADEMY OF INNOVATIVE LEARNING,All Grades,2018,All Students,195,609.0,20.0,10.3,59.0,30.3,71.0,36.4,45.0,23.1,116.0,59.5,0.65,0.606,0,0
School,31R078,P.S. 78,All Grades,2019,All Students,351,588.0,155.0,44.2,114.0,32.5,75.0,21.4,7.0,2.0,82.0,23.4,0.95,0.943,1,1
School,31R068,PORT RICHMOND SCHOOL FOR VISIONARY LEARNING,All Grades,2022,All Students,200,591.0,65.0,32.5,82.0,41.0,39.0,19.5,14.0,7.0,53.0,26.5,0.803,0.719,1,1
School,31R069,P.S. 069 DANIEL D. TOMPKINS,All Grades,2022,All Students,424,599.0,88.0,20.8,165.0,38.9,119.0,28.1,52.0,12.3,171.0,40.3,0.586,0.517,0,0
School,31R069,P.S. 069 DANIEL D. TOMPKINS,All Grades,2019,All Students,465,601.0,88.0,18.9,157.0,33.8,148.0,31.8,72.0,15.5,220.0,47.3,0.586,0.517,0,0
School,31R069,P.S. 069 DANIEL D. TOMPKINS,All Grades,2018,All Students,465,604.0,73.0,15.7,152.0,32.7,162.0,34.8,78.0,16.8,240.0,51.6,0.586,0.517,0,0
School,31R072,I.S. 072 ROCCO LAURIE,All Grades,2022,All Students,1284,608.0,172.0,13.4,291.0,22.7,390.0,30.4,431.0,33.6,821.0,63.9,0.63,0.5,0,0
School,31R072,I.S. 072 ROCCO LAURIE,All Grades,2019,All Students,1355,604.0,259.0,19.1,359.0,26.5,349.0,25.8,388.0,28.6,737.0,54.4,0.63,0.5,0,0
School,31R072,I.S. 072 ROCCO LAURIE,All Grades,2018,All Students,1342,605.0,211.0,15.7,374.0,27.9,375.0,27.9,382.0,28.5,757.0,56.4,0.63,0.5,0,0
School,31R074,P.S. 74 FUTURE LEADERS ELEMENTARY SCHOOL,All Grades,2022,All Students,134,586.0,67.0,50.0,40.0,29.9,18.0,13.4,9.0,6.7,27.0,20.1,0.883,0.88,1,1
School,31R074,P.S. 74 FUTURE LEADERS ELEMENTARY SCHOOL,All Grades,2019,All Students,160,588.0,66.0,41.3,56.0,35.0,31.0,19.4,7.0,4.4,38.0,23.8,0.883,0.88,1,1
School,31R074,P.S. 74 FUTURE LEADERS ELEMENTARY SCHOOL,All Grades,2018,All Students,167,593.0,54.0,32.3,64.0,38.3,37.0,22.2,12.0,7.2,49.0,29.3,0.883,0.88,1,1
School,31R075,I.S. 075 FRANK D. PAULO,All Grades,2022,All Students,1222,613.0,85.0,7.0,252.0,20.6,350.0,28.6,535.0,43.8,885.0,72.4,0.415,0.287,0,0
School,31R075,I.S. 075 FRANK D. PAULO,All Grades,2019,All Students,1379,610.0,175.0,12.7,317.0,23.0,335.0,24.3,552.0,40.0,887.0,64.3,0.415,0.287,0,0
School,31R075,I.S. 075 FRANK D. PAULO,All Grades,2018,All Students,1318,611.0,117.0,8.9,328.0,24.9,391.0,29.7,482.0,36.6,873.0,66.2,0.415,0.287,0,0
School,31R078,P.S. 78,All Grades,2022,All Students,275,581.0,162.0,58.9,83.0,30.2,29.0,10.5,1.0,0.4,30.0,10.9,0.95,0.943,1,1
School,31R078,P.S. 78,All Grades,2018,All Students,391,587.0,176.0,45.0,151.0,38.6,53.0,13.6,11.0,2.8,64.0,16.4,0.95,0.943,1,1
School,31R080,THE MICHAEL J. PETRIDES SCHOOL,All Grades,2022,All Students,587,607.0,80.0,13.6,152.0,25.9,195.0,33.2,160.0,27.3,355.0,60.5,0.459,0.452,0,0
School,31R080,THE MICHAEL J. PETRIDES SCHOOL,All Grades,2019,All Students,576,606.0,91.0,15.8,140.0,24.3,210.0,36.5,135.0,23.4,345.0,59.9,0.459,0.452,0,0
School,31R080,THE MICHAEL J. PETRIDES SCHOOL,All Grades,2018,All Students,569,607.0,70.0,12.3,176.0,30.9,185.0,32.5,138.0,24.3,323.0,56.8,0.459,0.452,0,0
School,31R861,STATEN ISLAND SCHOOL OF CIVIC LEADERSHIP,All Grades,2022,All Students,534,602.0,114.0,21.3,152.0,28.5,159.0,29.8,109.0,20.4,268.0,50.2,0.723,0.619,0,0
School,31R861,STATEN ISLAND SCHOOL OF CIVIC LEADERSHIP,All Grades,2019,All Students,580,604.0,95.0,16.4,154.0,26.6,207.0,35.7,124.0,21.4,331.0,57.1,0.723,0.619,0,0
School,31R861,STATEN ISLAND SCHOOL OF CIVIC LEADERSHIP,All Grades,2018,All Students,583,608.0,62.0,10.6,158.0,27.1,215.0,36.9,148.0,25.4,363.0,62.3,0.723,0.619,0,0
School,32K045,P.S./I.S. 045 HORACE E. GREENE,All Grades,2022,All Students,277,598.0,68.0,24.5,98.0,35.4,72.0,26.0,39.0,14.1,111.0,40.1,0.839,0.858,1,1
School,32K045,P.S./I.S. 045 HORACE E. GREENE,All Grades,2019,All Students,366,593.0,135.0,36.9,100.0,27.3,97.0,26.5,34.0,9.3,131.0,35.8,0.839,0.858,1,1
School,32K045,P.S./I.S. 045 HORACE E. GREENE,All Grades,2018,All Students,376,595.0,115.0,30.6,127.0,33.8,97.0,25.8,37.0,9.8,134.0,35.6,0.839,0.858,1,1
School,32K075,P.S. 075 MAYDA CORTIELLA,All Grades,2022,All Students,114,590.0,47.0,41.2,39.0,34.2,24.0,21.1,4.0,3.5,28.0,24.6,0.912,0.935,1,1
School,32K075,P.S. 075 MAYDA CORTIELLA,All Grades,2019,All Students,135,590.0,49.0,36.3,48.0,35.6,31.0,23.0,7.0,5.2,38.0,28.1,0.912,0.935,1,1
School,32K075,P.S. 075 MAYDA CORTIELLA,All Grades,2018,All Students,151,592.0,59.0,39.1,59.0,39.1,25.0,16.6,8.0,5.3,33.0,21.9,0.912,0.935,1,1
School,32K086,P.S. 086 THE IRVINGTON,All Grades,2022,All Students,154,588.0,74.0,48.1,46.0,29.9,26.0,16.9,8.0,5.2,34.0,22.1,0.95,0.914,1,1
School,32K086,P.S. 086 THE IRVINGTON,All Grades,2019,All Students,141,596.0,29.0,20.6,58.0,41.1,47.0,33.3,7.0,5.0,54.0,38.3,0.95,0.914,1,1
School,32K086,P.S. 086 THE IRVINGTON,All Grades,2018,All Students,148,597.0,39.0,26.4,59.0,39.9,42.0,28.4,8.0,5.4,50.0,33.8,0.95,0.914,1,1
School,32K106,P.S. 106 EDWARD EVERETT HALE,All Grades,2022,All Students,138,585.0,71.0,51.4,39.0,28.3,23.0,16.7,5.0,3.6,28.0,20.3,0.95,0.911,1,1
School,32K106,P.S. 106 EDWARD EVERETT HALE,All Grades,2019,All Students,178,584.0,82.0,46.1,69.0,38.8,24.0,13.5,3.0,1.7,27.0,15.2,0.95,0.911,1,1
School,32K106,P.S. 106 EDWARD EVERETT HALE,All Grades,2018,All Students,182,589.0,70.0,38.5,68.0,37.4,33.0,18.1,11.0,6.0,44.0,24.2,0.95,0.911,1,1
School,32K116,P.S. 116 ELIZABETH L FARRELL,All Grades,2022,All Students,148,582.0,81.0,54.7,44.0,29.7,20.0,13.5,3.0,2.0,23.0,15.5,0.906,0.927,1,1
School,32K116,P.S. 116 ELIZABETH L FARRELL,All Grades,2019,All Students,197,590.0,79.0,40.1,63.0,32.0,47.0,23.9,8.0,4.1,55.0,27.9,0.906,0.927,1,1
School,32K116,P.S. 116 ELIZABETH L FARRELL,All Grades,2018,All Students,202,594.0,65.0,32.2,76.0,37.6,51.0,25.2,10.0,5.0,61.0,30.2,0.906,0.927,1,1
School,32K123,P.S. 123 SUYDAM,All Grades,2022,All Students,199,587.0,92.0,46.2,70.0,35.2,29.0,14.6,8.0,4.0,37.0,18.6,0.934,0.879,1,1
School,32K123,P.S. 123 SUYDAM,All Grades,2019,All Students,286,590.0,103.0,36.0,110.0,38.5,64.0,22.4,9.0,3.1,73.0,25.5,0.934,0.879,1,1
School,32K123,P.S. 123 SUYDAM,All Grades,2018,All Students,296,594.0,94.0,31.8,116.0,39.2,72.0,24.3,14.0,4.7,86.0,29.1,0.934,0.879,1,1
School,32K145,P.S. 145 ANDREW JACKSON,All Grades,2022,All Students,177,590.0,70.0,39.5,72.0,40.7,32.0,18.1,3.0,1.7,35.0,19.8,0.895,0.92,1,1
School,32K145,P.S. 145 ANDREW JACKSON,All Grades,2019,All Students,238,591.0,96.0,40.3,78.0,32.8,53.0,22.3,11.0,4.6,64.0,26.9,0.895,0.92,1,1
School,32K145,P.S. 145 ANDREW JACKSON,All Grades,2018,All Students,265,592.0,84.0,31.7,106.0,40.0,62.0,23.4,13.0,4.9,75.0,28.3,0.895,0.92,1,1
School,32K151,P.S. 151 LYNDON B. JOHNSON,All Grades,2022,All Students,96,586.0,43.0,44.8,30.0,31.3,21.0,21.9,2.0,2.1,23.0,24.0,0.929,0.921,1,1
School,32K151,P.S. 151 LYNDON B. JOHNSON,All Grades,2019,All Students,122,590.0,48.0,39.3,42.0,34.4,23.0,18.9,9.0,7.4,32.0,26.2,0.929,0.921,1,1
School,32K151,P.S. 151 LYNDON B. JOHNSON,All Grades,2018,All Students,110,592.0,36.0,32.7,48.0,43.6,24.0,21.8,2.0,1.8,26.0,23.6,0.929,0.921,1,1
School,32K162,J.H.S. 162 THE WILLOUGHBY,All Grades,2022,All Students,158,594.0,47.0,29.7,67.0,42.4,32.0,20.3,12.0,7.6,44.0,27.8,0.882,0.92,1,1
School,32K162,J.H.S. 162 THE WILLOUGHBY,All Grades,2019,All Students,305,595.0,98.0,32.1,111.0,36.4,62.0,20.3,34.0,11.1,96.0,31.5,0.882,0.92,1,1
School,32K162,J.H.S. 162 THE WILLOUGHBY,All Grades,2018,All Students,329,592.0,105.0,31.9,135.0,41.0,71.0,21.6,18.0,5.5,89.0,27.1,0.882,0.92,1,1
School,32K274,P.S. 274 KOSCIUSKO,All Grades,2022,All Students,43,591.0,12.0,27.9,21.0,48.8,9.0,20.9,1.0,2.3,10.0,23.3,0.95,0.895,1,1
School,32K274,P.S. 274 KOSCIUSKO,All Grades,2019,All Students,154,588.0,61.0,39.6,59.0,38.3,30.0,19.5,4.0,2.6,34.0,22.1,0.95,0.895,1,1
School,32K274,P.S. 274 KOSCIUSKO,All Grades,2018,All Students,178,594.0,63.0,35.4,53.0,29.8,51.0,28.7,11.0,6.2,62.0,34.8,0.95,0.895,1,1
School,32K291,J.H.S. 291 ROLAND HAYES,All Grades,2022,All Students,237,586.0,119.0,50.2,72.0,30.4,32.0,13.5,14.0,5.9,46.0,19.4,0.95,0.948,1,1
School,32K291,J.H.S. 291 ROLAND HAYES,All Grades,2019,All Students,242,585.0,126.0,52.1,75.0,31.0,23.0,9.5,18.0,7.4,41.0,16.9,0.95,0.948,1,1
School,32K291,J.H.S. 291 ROLAND HAYES,All Grades,2018,All Students,261,586.0,134.0,51.3,81.0,31.0,33.0,12.6,13.0,5.0,46.0,17.6,0.95,0.948,1,1
School,32K299,P.S. 299 THOMAS WARREN FIELD,All Grades,2022,All Students,67,589.0,28.0,41.8,24.0,35.8,11.0,16.4,4.0,6.0,15.0,22.4,0.95,0.894,1,1
School,32K299,P.S. 299 THOMAS WARREN FIELD,All Grades,2019,All Students,105,594.0,38.0,36.2,37.0,35.2,23.0,21.9,7.0,6.7,30.0,28.6,0.95,0.894,1,1
School,32K299,P.S. 299 THOMAS WARREN FIELD,All Grades,2018,All Students,107,595.0,32.0,29.9,41.0,38.3,28.0,26.2,6.0,5.6,34.0,31.8,0.95,0.894,1,1
School,32K347,I.S. 347 SCHOOL OF HUMANITIES,All Grades,2022,All Students,204,587.0,94.0,46.1,61.0,29.9,35.0,17.2,14.0,6.9,49.0,24.0,0.946,0.918,1,1
School,32K347,I.S. 347 SCHOOL OF HUMANITIES,All Grades,2019,All Students,290,588.0,124.0,42.8,108.0,37.2,45.0,15.5,13.0,4.5,58.0,20.0,0.946,0.918,1,1
School,32K347,I.S. 347 SCHOOL OF HUMANITIES,All Grades,2018,All Students,286,589.0,129.0,45.1,102.0,35.7,43.0,15.0,12.0,4.2,55.0,19.2,0.946,0.918,1,1
School,32K349,"I.S. 349 MATH, SCIENCE & TECH.",All Grades,2022,All Students,224,595.0,69.0,30.8,79.0,35.3,52.0,23.2,24.0,10.7,76.0,33.9,0.95,0.925,1,1
School,32K349,"I.S. 349 MATH, SCIENCE & TECH.",All Grades,2019,All Students,306,594.0,105.0,34.3,100.0,32.7,68.0,22.2,33.0,10.8,101.0,33.0,0.95,0.925,1,1
School,32K349,"I.S. 349 MATH, SCIENCE & TECH.",All Grades,2018,All Students,291,592.0,107.0,36.8,106.0,36.4,61.0,21.0,17.0,5.8,78.0,26.8,0.95,0.925,1,1
School,32K376,P.S. 376,All Grades,2022,All Students,143,615.0,8.0,5.6,26.0,18.2,58.0,40.6,51.0,35.7,109.0,76.2,0.828,0.793,1,1
School,32K376,P.S. 376,All Grades,2019,All Students,241,609.0,29.0,12.0,66.0,27.4,86.0,35.7,60.0,24.9,146.0,60.6,0.828,0.793,1,1
School,32K376,P.S. 376,All Grades,2018,All Students,248,612.0,31.0,12.5,42.0,16.9,90.0,36.3,85.0,34.3,175.0,70.6,0.828,0.793,1,1
School,32K377,P.S. 377 ALEJANDRINA B. DE GAUTIER,All Grades,2022,All Students,51,584.0,31.0,60.8,12.0,23.5,8.0,15.7,0.0,0.0,8.0,15.7,0.929,0.831,1,1
School,32K377,P.S. 377 ALEJANDRINA B. DE GAUTIER,All Grades,2019,All Students,69,594.0,23.0,33.3,26.0,37.7,14.0,20.3,6.0,8.7,20.0,29.0,0.929,0.831,1,1
School,32K377,P.S. 377 ALEJANDRINA B. DE GAUTIER,All Grades,2018,All Students,186,584.0,91.0,48.9,59.0,31.7,29.0,15.6,7.0,3.8,36.0,19.4,0.929,0.831,1,1
School,32K383,J.H.S. 383 PHILIPPA SCHUYLER,All Grades,2022,All Students,764,606.0,100.0,13.1,210.0,27.5,252.0,33.0,202.0,26.4,454.0,59.4,0.825,0.75,1,1
School,32K383,J.H.S. 383 PHILIPPA SCHUYLER,All Grades,2019,All Students,821,605.0,98.0,11.9,223.0,27.2,282.0,34.3,218.0,26.6,500.0,60.9,0.825,0.75,1,1
School,32K383,J.H.S. 383 PHILIPPA SCHUYLER,All Grades,2018,All Students,808,608.0,78.0,9.7,198.0,24.5,325.0,40.2,207.0,25.6,532.0,65.8,0.825,0.75,1,1
School,32K384,P.S. /I.S. 384 FRANCES E. CARTER,All Grades,2022,All Students,196,593.0,63.0,32.1,73.0,37.2,48.0,24.5,12.0,6.1,60.0,30.6,0.867,0.903,1,1
School,32K384,P.S. /I.S. 384 FRANCES E. CARTER,All Grades,2019,All Students,290,589.0,117.0,40.3,95.0,32.8,66.0,22.8,12.0,4.1,78.0,26.9,0.867,0.903,1,1
School,32K384,P.S. /I.S. 384 FRANCES E. CARTER,All Grades,2018,All Students,294,592.0,106.0,36.1,101.0,34.4,66.0,22.4,21.0,7.1,87.0,29.6,0.867,0.903,1,1
School,32K554,ALL CITY LEADERSHIP SECONDARY SCHOOL,All Grades,2022,All Students,157,620.0,7.0,4.5,11.0,7.0,34.0,21.7,105.0,66.9,139.0,88.5,0.816,0.693,1,0
School,32K554,ALL CITY LEADERSHIP SECONDARY SCHOOL,All Grades,2019,All Students,173,621.0,4.0,2.3,11.0,6.4,45.0,26.0,113.0,65.3,158.0,91.3,0.816,0.693,1,0
School,32K554,ALL CITY LEADERSHIP SECONDARY SCHOOL,All Grades,2018,All Students,178,621.0,1.0,0.6,11.0,6.2,54.0,30.3,112.0,62.9,166.0,93.3,0.816,0.693,1,0
School,32K562,EVERGREEN MIDDLE SCHOOL FOR URBAN EXPLORATION,All Grades,2022,All Students,245,596.0,76.0,31.0,71.0,29.0,63.0,25.7,35.0,14.3,98.0,40.0,0.949,0.906,1,1
School,32K562,EVERGREEN MIDDLE SCHOOL FOR URBAN EXPLORATION,All Grades,2019,All Students,323,593.0,113.0,35.0,114.0,35.3,73.0,22.6,23.0,7.1,96.0,29.7,0.949,0.906,1,1
School,32K562,EVERGREEN MIDDLE SCHOOL FOR URBAN EXPLORATION,All Grades,2018,All Students,317,593.0,111.0,35.0,133.0,42.0,60.0,18.9,13.0,4.1,73.0,23.0,0.949,0.906,1,1
